Feuille;Ligne;Colonne;Adresse;Valeur;Formule
Budget;1;A;A1;Colonne 1;
Budget;1;B;B1;Septembre 2026;
Budget;1;C;C1;Aout 2026;
Budget;1;D;D1;Juillet 2026;
Budget;1;E;E1;Juin 2026;
Budget;1;F;F1;Mai 2026;
Budget;1;G;G1;Avril 2026;
Budget;1;H;H1;Mars 2026;
Budget;1;I;I1;Fevrier 2026;
Budget;1;J;J1;Janvier 2026;
Budget;1;K;K1;Décembre 2025;
Budget;1;L;L1;Novembre 2025;
Budget;1;M;M1;Octobre 2025;
Budget;1;N;N1;Septembre 2025;
Budget;1;O;O1;Aout 2025;
Budget;1;P;P1;Juillet 2025;
Budget;1;Q;Q1;Juin 2025;
Budget;1;R;R1;Mai 2025;
Budget;1;S;S1;Avril 2025;
Budget;1;T;T1;Mars 2025;
Budget;1;U;U1;Fevrier 2025;
Budget;1;V;V1;Janvier 2025;
Budget;2;A;A2;Courses;
Budget;2;B;B2;254.23;=SUMIF('Septembre 2026'!$K$3:$K$243,$A2,'Septembre 2026'!$H$3:$H$243)
Budget;2;C;C2;2120.0400000000004;=SUMIF('Aout 2026'!$K$3:$K$243,$A2,'Aout 2026'!$H$3:$H$243)
Budget;2;D;D2;1639.04;=SUMIF('Juillet 2026'!$K$3:$K$241,$A2,'Juillet 2026'!$H$3:$H$241)
Budget;2;E;E2;1872.2800000000002;=SUMIF('Juin 2026'!$K$3:$K$241,$A2,'Juin 2026'!$H$3:$H$241)
Budget;2;F;F2;2139.03;=SUMIF('Mai 2026'!$K$3:$K$241,$A2,'Mai 2026'!$H$3:$H$241)
Budget;2;G;G2;1775.5899999999997;=SUMIF('Avril 2026'!$K$3:$K$241,$A2,'Avril 2026'!$H$3:$H$241)
Budget;2;H;H2;1241.2700000000002;=SUMIF('Mars 2026'!$K$3:$K$241,$A2,'Mars 2026'!$H$3:$H$241)
Budget;2;I;I2;1544.0900000000001;=SUMIF('Fevrier 2026'!$K$3:$K$241,$A2,'Fevrier 2026'!$H$3:$H$241)
Budget;2;J;J2;1114.46;=SUMIF('Janvier 2026'!$K$3:$K$241,$A2,'Janvier 2026'!$H$3:$H$241)
Budget;2;K;K2;#REF!;=SUMIF(#REF!,$A2,#REF!)
Budget;2;L;L2;#REF!;=SUMIF(#REF!,$A2,#REF!)
Budget;2;M;M2;#REF!;=SUMIF(#REF!,$A2,#REF!)
Budget;2;N;N2;#REF!;=SUMIF(#REF!,$A2,#REF!)
Budget;2;O;O2;#REF!;=SUMIF(#REF!,$A2,#REF!)
Budget;2;P;P2;#REF!;=SUMIF(#REF!,$A2,#REF!)
Budget;2;Q;Q2;#REF!;=SUMIF(#REF!,$A2,#REF!)
Budget;2;R;R2;#REF!;=SUMIF(#REF!,$A2,#REF!)
Budget;2;S;S2;#REF!;=SUMIF(#REF!,$A2,#REF!)
Budget;2;T;T2;#REF!;=SUMIF(#REF!,$A2,#REF!)
Budget;2;U;U2;#REF!;=SUMIF(#REF!,$A2,#REF!)
Budget;2;V;V2;#REF!;=SUMIF(#REF!,$A2,#REF!)
Budget;3;A;A3;Logement;
Budget;3;B;B3;2582.27;=SUMIF('Septembre 2026'!$K$3:$K$243,$A3,'Septembre 2026'!$H$3:$H$243)
Budget;3;C;C3;2842.23;=SUMIF('Aout 2026'!$K$3:$K$243,$A3,'Aout 2026'!$H$3:$H$243)
Budget;3;D;D3;3006.77;=SUMIF('Juillet 2026'!$K$3:$K$241,$A3,'Juillet 2026'!$H$3:$H$241)
Budget;3;E;E3;2847.2;=SUMIF('Juin 2026'!$K$3:$K$241,$A3,'Juin 2026'!$H$3:$H$241)
Budget;3;F;F3;2932.63;=SUMIF('Mai 2026'!$K$3:$K$241,$A3,'Mai 2026'!$H$3:$H$241)
Budget;3;G;G3;2949.2;=SUMIF('Avril 2026'!$K$3:$K$241,$A3,'Avril 2026'!$H$3:$H$241)
Budget;3;H;H3;2907.37;=SUMIF('Mars 2026'!$K$3:$K$241,$A3,'Mars 2026'!$H$3:$H$241)
Budget;3;I;I3;2805.43;=SUMIF('Fevrier 2026'!$K$3:$K$241,$A3,'Fevrier 2026'!$H$3:$H$241)
Budget;3;J;J3;2899.11;=SUMIF('Janvier 2026'!$K$3:$K$241,$A3,'Janvier 2026'!$H$3:$H$241)
Budget;3;K;K3;#REF!;=SUMIF(#REF!,$A3,#REF!)
Budget;3;L;L3;#REF!;=SUMIF(#REF!,$A3,#REF!)
Budget;3;M;M3;#REF!;=SUMIF(#REF!,$A3,#REF!)
Budget;3;N;N3;#REF!;=SUMIF(#REF!,$A3,#REF!)
Budget;3;O;O3;#REF!;=SUMIF(#REF!,$A3,#REF!)
Budget;3;P;P3;#REF!;=SUMIF(#REF!,$A3,#REF!)
Budget;3;Q;Q3;#REF!;=SUMIF(#REF!,$A3,#REF!)
Budget;3;R;R3;#REF!;=SUMIF(#REF!,$A3,#REF!)
Budget;3;S;S3;#REF!;=SUMIF(#REF!,$A3,#REF!)
Budget;3;T;T3;#REF!;=SUMIF(#REF!,$A3,#REF!)
Budget;3;U;U3;#REF!;=SUMIF(#REF!,$A3,#REF!)
Budget;3;V;V3;#REF!;=SUMIF(#REF!,$A3,#REF!)
Budget;4;A;A4;Charges;
Budget;4;B;B4;221.32;=SUMIF('Septembre 2026'!$K$3:$K$243,$A4,'Septembre 2026'!$H$3:$H$243)
Budget;4;C;C4;400.44;=SUMIF('Aout 2026'!$K$3:$K$243,$A4,'Aout 2026'!$H$3:$H$243)
Budget;4;D;D4;1183.78;=SUMIF('Juillet 2026'!$K$3:$K$241,$A4,'Juillet 2026'!$H$3:$H$241)
Budget;4;E;E4;637.86;=SUMIF('Juin 2026'!$K$3:$K$241,$A4,'Juin 2026'!$H$3:$H$241)
Budget;4;F;F4;905.12;=SUMIF('Mai 2026'!$K$3:$K$241,$A4,'Mai 2026'!$H$3:$H$241)
Budget;4;G;G4;585.6800000000001;=SUMIF('Avril 2026'!$K$3:$K$241,$A4,'Avril 2026'!$H$3:$H$241)
Budget;4;H;H4;561.59;=SUMIF('Mars 2026'!$K$3:$K$241,$A4,'Mars 2026'!$H$3:$H$241)
Budget;4;I;I4;724.0300000000001;=SUMIF('Fevrier 2026'!$K$3:$K$241,$A4,'Fevrier 2026'!$H$3:$H$241)
Budget;4;J;J4;1632.2000000000003;=SUMIF('Janvier 2026'!$K$3:$K$241,$A4,'Janvier 2026'!$H$3:$H$241)
Budget;4;K;K4;#REF!;=SUMIF(#REF!,$A4,#REF!)
Budget;4;L;L4;#REF!;=SUMIF(#REF!,$A4,#REF!)
Budget;4;M;M4;#REF!;=SUMIF(#REF!,$A4,#REF!)
Budget;4;N;N4;#REF!;=SUMIF(#REF!,$A4,#REF!)
Budget;4;O;O4;#REF!;=SUMIF(#REF!,$A4,#REF!)
Budget;4;P;P4;#REF!;=SUMIF(#REF!,$A4,#REF!)
Budget;4;Q;Q4;#REF!;=SUMIF(#REF!,$A4,#REF!)
Budget;4;R;R4;#REF!;=SUMIF(#REF!,$A4,#REF!)
Budget;4;S;S4;#REF!;=SUMIF(#REF!,$A4,#REF!)
Budget;4;T;T4;#REF!;=SUMIF(#REF!,$A4,#REF!)
Budget;4;U;U4;#REF!;=SUMIF(#REF!,$A4,#REF!)
Budget;4;V;V4;#REF!;=SUMIF(#REF!,$A4,#REF!)
Budget;5;A;A5;Internet/Téléphone;
Budget;5;B;B5;0.99;=SUMIF('Septembre 2026'!$K$3:$K$243,$A5,'Septembre 2026'!$H$3:$H$243)
Budget;5;C;C5;132.89;=SUMIF('Aout 2026'!$K$3:$K$243,$A5,'Aout 2026'!$H$3:$H$243)
Budget;5;D;D5;113.90999999999998;=SUMIF('Juillet 2026'!$K$3:$K$241,$A5,'Juillet 2026'!$H$3:$H$241)
Budget;5;E;E5;162.79999999999998;=SUMIF('Juin 2026'!$K$3:$K$241,$A5,'Juin 2026'!$H$3:$H$241)
Budget;5;F;F5;169.14;=SUMIF('Mai 2026'!$K$3:$K$241,$A5,'Mai 2026'!$H$3:$H$241)
Budget;5;G;G5;123.89999999999998;=SUMIF('Avril 2026'!$K$3:$K$241,$A5,'Avril 2026'!$H$3:$H$241)
Budget;5;H;H5;137.89;=SUMIF('Mars 2026'!$K$3:$K$241,$A5,'Mars 2026'!$H$3:$H$241)
Budget;5;I;I5;183.92;=SUMIF('Fevrier 2026'!$K$3:$K$241,$A5,'Fevrier 2026'!$H$3:$H$241)
Budget;5;J;J5;752.48;=SUMIF('Janvier 2026'!$K$3:$K$241,$A5,'Janvier 2026'!$H$3:$H$241)
Budget;5;K;K5;#REF!;=SUMIF(#REF!,$A5,#REF!)
Budget;5;L;L5;#REF!;=SUMIF(#REF!,$A5,#REF!)
Budget;5;M;M5;#REF!;=SUMIF(#REF!,$A5,#REF!)
Budget;5;N;N5;#REF!;=SUMIF(#REF!,$A5,#REF!)
Budget;5;O;O5;#REF!;=SUMIF(#REF!,$A5,#REF!)
Budget;5;P;P5;#REF!;=SUMIF(#REF!,$A5,#REF!)
Budget;5;Q;Q5;#REF!;=SUMIF(#REF!,$A5,#REF!)
Budget;5;R;R5;#REF!;=SUMIF(#REF!,$A5,#REF!)
Budget;5;S;S5;#REF!;=SUMIF(#REF!,$A5,#REF!)
Budget;5;T;T5;#REF!;=SUMIF(#REF!,$A5,#REF!)
Budget;5;U;U5;#REF!;=SUMIF(#REF!,$A5,#REF!)
Budget;5;V;V5;#REF!;=SUMIF(#REF!,$A5,#REF!)
Budget;6;A;A6;Assurances/Mutuelle;
Budget;6;B;B6;0;=SUMIF('Septembre 2026'!$K$3:$K$243,$A6,'Septembre 2026'!$H$3:$H$243)
Budget;6;C;C6;274.88;=SUMIF('Aout 2026'!$K$3:$K$243,$A6,'Aout 2026'!$H$3:$H$243)
Budget;6;D;D6;274.88;=SUMIF('Juillet 2026'!$K$3:$K$241,$A6,'Juillet 2026'!$H$3:$H$241)
Budget;6;E;E6;255.89000000000001;=SUMIF('Juin 2026'!$K$3:$K$241,$A6,'Juin 2026'!$H$3:$H$241)
Budget;6;F;F6;269.31;=SUMIF('Mai 2026'!$K$3:$K$241,$A6,'Mai 2026'!$H$3:$H$241)
Budget;6;G;G6;356.17;=SUMIF('Avril 2026'!$K$3:$K$241,$A6,'Avril 2026'!$H$3:$H$241)
Budget;6;H;H6;328.74;=SUMIF('Mars 2026'!$K$3:$K$241,$A6,'Mars 2026'!$H$3:$H$241)
Budget;6;I;I6;328.74;=SUMIF('Fevrier 2026'!$K$3:$K$241,$A6,'Fevrier 2026'!$H$3:$H$241)
Budget;6;J;J6;281;=SUMIF('Janvier 2026'!$K$3:$K$241,$A6,'Janvier 2026'!$H$3:$H$241)
Budget;6;K;K6;#REF!;=SUMIF(#REF!,$A6,#REF!)
Budget;6;L;L6;#REF!;=SUMIF(#REF!,$A6,#REF!)
Budget;6;M;M6;#REF!;=SUMIF(#REF!,$A6,#REF!)
Budget;6;N;N6;#REF!;=SUMIF(#REF!,$A6,#REF!)
Budget;6;O;O6;#REF!;=SUMIF(#REF!,$A6,#REF!)
Budget;6;P;P6;#REF!;=SUMIF(#REF!,$A6,#REF!)
Budget;6;Q;Q6;#REF!;=SUMIF(#REF!,$A6,#REF!)
Budget;6;R;R6;#REF!;=SUMIF(#REF!,$A6,#REF!)
Budget;6;S;S6;#REF!;=SUMIF(#REF!,$A6,#REF!)
Budget;6;T;T6;#REF!;=SUMIF(#REF!,$A6,#REF!)
Budget;6;U;U6;#REF!;=SUMIF(#REF!,$A6,#REF!)
Budget;6;V;V6;#REF!;=SUMIF(#REF!,$A6,#REF!)
Budget;7;A;A7;Voiture/Déplacement;
Budget;7;B;B7;0;=SUMIF('Septembre 2026'!$K$3:$K$243,$A7,'Septembre 2026'!$H$3:$H$243)
Budget;7;C;C7;516.41;=SUMIF('Aout 2026'!$K$3:$K$243,$A7,'Aout 2026'!$H$3:$H$243)
Budget;7;D;D7;485.88999999999993;=SUMIF('Juillet 2026'!$K$3:$K$241,$A7,'Juillet 2026'!$H$3:$H$241)
Budget;7;E;E7;600.4;=SUMIF('Juin 2026'!$K$3:$K$241,$A7,'Juin 2026'!$H$3:$H$241)
Budget;7;F;F7;512.8499999999999;=SUMIF('Mai 2026'!$K$3:$K$241,$A7,'Mai 2026'!$H$3:$H$241)
Budget;7;G;G7;428.1499999999999;=SUMIF('Avril 2026'!$K$3:$K$241,$A7,'Avril 2026'!$H$3:$H$241)
Budget;7;H;H7;742.9499999999999;=SUMIF('Mars 2026'!$K$3:$K$241,$A7,'Mars 2026'!$H$3:$H$241)
Budget;7;I;I7;443.84999999999997;=SUMIF('Fevrier 2026'!$K$3:$K$241,$A7,'Fevrier 2026'!$H$3:$H$241)
Budget;7;J;J7;600.1099999999999;=SUMIF('Janvier 2026'!$K$3:$K$241,$A7,'Janvier 2026'!$H$3:$H$241)
Budget;7;K;K7;#REF!;=SUMIF(#REF!,$A7,#REF!)
Budget;7;L;L7;#REF!;=SUMIF(#REF!,$A7,#REF!)
Budget;7;M;M7;#REF!;=SUMIF(#REF!,$A7,#REF!)
Budget;7;N;N7;#REF!;=SUMIF(#REF!,$A7,#REF!)
Budget;7;O;O7;#REF!;=SUMIF(#REF!,$A7,#REF!)
Budget;7;P;P7;#REF!;=SUMIF(#REF!,$A7,#REF!)
Budget;7;Q;Q7;#REF!;=SUMIF(#REF!,$A7,#REF!)
Budget;7;R;R7;#REF!;=SUMIF(#REF!,$A7,#REF!)
Budget;7;S;S7;#REF!;=SUMIF(#REF!,$A7,#REF!)
Budget;7;T;T7;#REF!;=SUMIF(#REF!,$A7,#REF!)
Budget;7;U;U7;#REF!;=SUMIF(#REF!,$A7,#REF!)
Budget;7;V;V7;#REF!;=SUMIF(#REF!,$A7,#REF!)
Budget;8;A;A8;Scolarité;
Budget;8;B;B8;118.97;=SUMIF('Septembre 2026'!$K$3:$K$243,$A8,'Septembre 2026'!$H$3:$H$243)
Budget;8;C;C8;414.32;=SUMIF('Aout 2026'!$K$3:$K$243,$A8,'Aout 2026'!$H$3:$H$243)
Budget;8;D;D8;816.3;=SUMIF('Juillet 2026'!$K$3:$K$241,$A8,'Juillet 2026'!$H$3:$H$241)
Budget;8;E;E8;196.9;=SUMIF('Juin 2026'!$K$3:$K$241,$A8,'Juin 2026'!$H$3:$H$241)
Budget;8;F;F8;278.3;=SUMIF('Mai 2026'!$K$3:$K$241,$A8,'Mai 2026'!$H$3:$H$241)
Budget;8;G;G8;178.3;=SUMIF('Avril 2026'!$K$3:$K$241,$A8,'Avril 2026'!$H$3:$H$241)
Budget;8;H;H8;220.18;=SUMIF('Mars 2026'!$K$3:$K$241,$A8,'Mars 2026'!$H$3:$H$241)
Budget;8;I;I8;172.1;=SUMIF('Fevrier 2026'!$K$3:$K$241,$A8,'Fevrier 2026'!$H$3:$H$241)
Budget;8;J;J8;178.3;=SUMIF('Janvier 2026'!$K$3:$K$241,$A8,'Janvier 2026'!$H$3:$H$241)
Budget;8;K;K8;#REF!;=SUMIF(#REF!,$A8,#REF!)
Budget;8;L;L8;#REF!;=SUMIF(#REF!,$A8,#REF!)
Budget;8;M;M8;#REF!;=SUMIF(#REF!,$A8,#REF!)
Budget;8;N;N8;#REF!;=SUMIF(#REF!,$A8,#REF!)
Budget;8;O;O8;#REF!;=SUMIF(#REF!,$A8,#REF!)
Budget;8;P;P8;#REF!;=SUMIF(#REF!,$A8,#REF!)
Budget;8;Q;Q8;#REF!;=SUMIF(#REF!,$A8,#REF!)
Budget;8;R;R8;#REF!;=SUMIF(#REF!,$A8,#REF!)
Budget;8;S;S8;#REF!;=SUMIF(#REF!,$A8,#REF!)
Budget;8;T;T8;#REF!;=SUMIF(#REF!,$A8,#REF!)
Budget;8;U;U8;#REF!;=SUMIF(#REF!,$A8,#REF!)
Budget;8;V;V8;#REF!;=SUMIF(#REF!,$A8,#REF!)
Budget;9;A;A9;Vêtements;
Budget;9;B;B9;69.08;=SUMIF('Septembre 2026'!$K$3:$K$243,$A9,'Septembre 2026'!$H$3:$H$243)
Budget;9;C;C9;375.15999999999997;=SUMIF('Aout 2026'!$K$3:$K$243,$A9,'Aout 2026'!$H$3:$H$243)
Budget;9;D;D9;570.47;=SUMIF('Juillet 2026'!$K$3:$K$241,$A9,'Juillet 2026'!$H$3:$H$241)
Budget;9;E;E9;311.51;=SUMIF('Juin 2026'!$K$3:$K$241,$A9,'Juin 2026'!$H$3:$H$241)
Budget;9;F;F9;150.66000000000003;=SUMIF('Mai 2026'!$K$3:$K$241,$A9,'Mai 2026'!$H$3:$H$241)
Budget;9;G;G9;226.76999999999998;=SUMIF('Avril 2026'!$K$3:$K$241,$A9,'Avril 2026'!$H$3:$H$241)
Budget;9;H;H9;274.90000000000003;=SUMIF('Mars 2026'!$K$3:$K$241,$A9,'Mars 2026'!$H$3:$H$241)
Budget;9;I;I9;229.95;=SUMIF('Fevrier 2026'!$K$3:$K$241,$A9,'Fevrier 2026'!$H$3:$H$241)
Budget;9;J;J9;85;=SUMIF('Janvier 2026'!$K$3:$K$241,$A9,'Janvier 2026'!$H$3:$H$241)
Budget;9;K;K9;#REF!;=SUMIF(#REF!,$A9,#REF!)
Budget;9;L;L9;#REF!;=SUMIF(#REF!,$A9,#REF!)
Budget;9;M;M9;#REF!;=SUMIF(#REF!,$A9,#REF!)
Budget;9;N;N9;#REF!;=SUMIF(#REF!,$A9,#REF!)
Budget;9;O;O9;#REF!;=SUMIF(#REF!,$A9,#REF!)
Budget;9;P;P9;#REF!;=SUMIF(#REF!,$A9,#REF!)
Budget;9;Q;Q9;#REF!;=SUMIF(#REF!,$A9,#REF!)
Budget;9;R;R9;#REF!;=SUMIF(#REF!,$A9,#REF!)
Budget;9;S;S9;#REF!;=SUMIF(#REF!,$A9,#REF!)
Budget;9;T;T9;#REF!;=SUMIF(#REF!,$A9,#REF!)
Budget;9;U;U9;#REF!;=SUMIF(#REF!,$A9,#REF!)
Budget;9;V;V9;#REF!;=SUMIF(#REF!,$A9,#REF!)
Budget;10;A;A10;Bricolage/Travaux;
Budget;10;B;B10;62.92;=SUMIF('Septembre 2026'!$K$3:$K$243,$A10,'Septembre 2026'!$H$3:$H$243)
Budget;10;C;C10;1467.8100000000002;=SUMIF('Aout 2026'!$K$3:$K$243,$A10,'Aout 2026'!$H$3:$H$243)
Budget;10;D;D10;1051.4099999999999;=SUMIF('Juillet 2026'!$K$3:$K$241,$A10,'Juillet 2026'!$H$3:$H$241)
Budget;10;E;E10;330.75;=SUMIF('Juin 2026'!$K$3:$K$241,$A10,'Juin 2026'!$H$3:$H$241)
Budget;10;F;F10;402.83000000000004;=SUMIF('Mai 2026'!$K$3:$K$241,$A10,'Mai 2026'!$H$3:$H$241)
Budget;10;G;G10;418.51;=SUMIF('Avril 2026'!$K$3:$K$241,$A10,'Avril 2026'!$H$3:$H$241)
Budget;10;H;H10;988.72;=SUMIF('Mars 2026'!$K$3:$K$241,$A10,'Mars 2026'!$H$3:$H$241)
Budget;10;I;I10;118.28999999999999;=SUMIF('Fevrier 2026'!$K$3:$K$241,$A10,'Fevrier 2026'!$H$3:$H$241)
Budget;10;J;J10;748.33;=SUMIF('Janvier 2026'!$K$3:$K$241,$A10,'Janvier 2026'!$H$3:$H$241)
Budget;10;K;K10;#REF!;=SUMIF(#REF!,$A10,#REF!)
Budget;10;L;L10;#REF!;=SUMIF(#REF!,$A10,#REF!)
Budget;10;M;M10;#REF!;=SUMIF(#REF!,$A10,#REF!)
Budget;10;N;N10;#REF!;=SUMIF(#REF!,$A10,#REF!)
Budget;10;O;O10;#REF!;=SUMIF(#REF!,$A10,#REF!)
Budget;10;P;P10;#REF!;=SUMIF(#REF!,$A10,#REF!)
Budget;10;Q;Q10;#REF!;=SUMIF(#REF!,$A10,#REF!)
Budget;10;R;R10;#REF!;=SUMIF(#REF!,$A10,#REF!)
Budget;10;S;S10;#REF!;=SUMIF(#REF!,$A10,#REF!)
Budget;10;T;T10;#REF!;=SUMIF(#REF!,$A10,#REF!)
Budget;10;U;U10;#REF!;=SUMIF(#REF!,$A10,#REF!)
Budget;10;V;V10;#REF!;=SUMIF(#REF!,$A10,#REF!)
Budget;11;A;A11;Loisirs;
Budget;11;B;B11;0;=SUMIF('Septembre 2026'!$K$3:$K$243,$A11,'Septembre 2026'!$H$3:$H$243)
Budget;11;C;C11;1159.87;=SUMIF('Aout 2026'!$K$3:$K$243,$A11,'Aout 2026'!$H$3:$H$243)
Budget;11;D;D11;626.8;=SUMIF('Juillet 2026'!$K$3:$K$241,$A11,'Juillet 2026'!$H$3:$H$241)
Budget;11;E;E11;331.8599999999999;=SUMIF('Juin 2026'!$K$3:$K$241,$A11,'Juin 2026'!$H$3:$H$241)
Budget;11;F;F11;176.04;=SUMIF('Mai 2026'!$K$3:$K$241,$A11,'Mai 2026'!$H$3:$H$241)
Budget;11;G;G11;351.58;=SUMIF('Avril 2026'!$K$3:$K$241,$A11,'Avril 2026'!$H$3:$H$241)
Budget;11;H;H11;433.48999999999995;=SUMIF('Mars 2026'!$K$3:$K$241,$A11,'Mars 2026'!$H$3:$H$241)
Budget;11;I;I11;673.55;=SUMIF('Fevrier 2026'!$K$3:$K$241,$A11,'Fevrier 2026'!$H$3:$H$241)
Budget;11;J;J11;109.17;=SUMIF('Janvier 2026'!$K$3:$K$241,$A11,'Janvier 2026'!$H$3:$H$241)
Budget;11;K;K11;#REF!;=SUMIF(#REF!,$A11,#REF!)
Budget;11;L;L11;#REF!;=SUMIF(#REF!,$A11,#REF!)
Budget;11;M;M11;#REF!;=SUMIF(#REF!,$A11,#REF!)
Budget;11;N;N11;#REF!;=SUMIF(#REF!,$A11,#REF!)
Budget;11;O;O11;#REF!;=SUMIF(#REF!,$A11,#REF!)
Budget;11;P;P11;#REF!;=SUMIF(#REF!,$A11,#REF!)
Budget;11;Q;Q11;#REF!;=SUMIF(#REF!,$A11,#REF!)
Budget;11;R;R11;#REF!;=SUMIF(#REF!,$A11,#REF!)
Budget;11;S;S11;#REF!;=SUMIF(#REF!,$A11,#REF!)
Budget;11;T;T11;#REF!;=SUMIF(#REF!,$A11,#REF!)
Budget;11;U;U11;#REF!;=SUMIF(#REF!,$A11,#REF!)
Budget;11;V;V11;#REF!;=SUMIF(#REF!,$A11,#REF!)
Budget;12;A;A12;Divers;
Budget;12;B;B12;73.69;=SUMIF('Septembre 2026'!$K$3:$K$243,$A12,'Septembre 2026'!$H$3:$H$243)
Budget;12;C;C12;983.25;=SUMIF('Aout 2026'!$K$3:$K$243,$A12,'Aout 2026'!$H$3:$H$243)
Budget;12;D;D12;314.19;=SUMIF('Juillet 2026'!$K$3:$K$241,$A12,'Juillet 2026'!$H$3:$H$241)
Budget;12;E;E12;313.62;=SUMIF('Juin 2026'!$K$3:$K$241,$A12,'Juin 2026'!$H$3:$H$241)
Budget;12;F;F12;673.22;=SUMIF('Mai 2026'!$K$3:$K$241,$A12,'Mai 2026'!$H$3:$H$241)
Budget;12;G;G12;698.3199999999998;=SUMIF('Avril 2026'!$K$3:$K$241,$A12,'Avril 2026'!$H$3:$H$241)
Budget;12;H;H12;144.51;=SUMIF('Mars 2026'!$K$3:$K$241,$A12,'Mars 2026'!$H$3:$H$241)
Budget;12;I;I12;430.68;=SUMIF('Fevrier 2026'!$K$3:$K$241,$A12,'Fevrier 2026'!$H$3:$H$241)
Budget;12;J;J12;103.22;=SUMIF('Janvier 2026'!$K$3:$K$241,$A12,'Janvier 2026'!$H$3:$H$241)
Budget;12;K;K12;#REF!;=SUMIF(#REF!,$A12,#REF!)
Budget;12;L;L12;#REF!;=SUMIF(#REF!,$A12,#REF!)
Budget;12;M;M12;#REF!;=SUMIF(#REF!,$A12,#REF!)
Budget;12;N;N12;#REF!;=SUMIF(#REF!,$A12,#REF!)
Budget;12;O;O12;#REF!;=SUMIF(#REF!,$A12,#REF!)
Budget;12;P;P12;#REF!;=SUMIF(#REF!,$A12,#REF!)
Budget;12;Q;Q12;#REF!;=SUMIF(#REF!,$A12,#REF!)
Budget;12;R;R12;#REF!;=SUMIF(#REF!,$A12,#REF!)
Budget;12;S;S12;#REF!;=SUMIF(#REF!,$A12,#REF!)
Budget;12;T;T12;#REF!;=SUMIF(#REF!,$A12,#REF!)
Budget;12;U;U12;#REF!;=SUMIF(#REF!,$A12,#REF!)
Budget;12;V;V12;#REF!;=SUMIF(#REF!,$A12,#REF!)
Budget;13;A;A13;Medical;
Budget;13;B;B13;38.2;=SUMIF('Septembre 2026'!$K$3:$K$243,$A13,'Septembre 2026'!$H$3:$H$243)
Budget;13;C;C13;465.54999999999995;=SUMIF('Aout 2026'!$K$3:$K$243,$A13,'Aout 2026'!$H$3:$H$243)
Budget;13;D;D13;119.30000000000001;=SUMIF('Juillet 2026'!$K$3:$K$241,$A13,'Juillet 2026'!$H$3:$H$241)
Budget;13;E;E13;53.25;=SUMIF('Juin 2026'!$K$3:$K$241,$A13,'Juin 2026'!$H$3:$H$241)
Budget;13;F;F13;178.48000000000002;=SUMIF('Mai 2026'!$K$3:$K$241,$A13,'Mai 2026'!$H$3:$H$241)
Budget;13;G;G13;0;=SUMIF('Avril 2026'!$K$3:$K$241,$A13,'Avril 2026'!$H$3:$H$241)
Budget;13;H;H13;178.29000000000002;=SUMIF('Mars 2026'!$K$3:$K$241,$A13,'Mars 2026'!$H$3:$H$241)
Budget;13;I;I13;117.78;=SUMIF('Fevrier 2026'!$K$3:$K$241,$A13,'Fevrier 2026'!$H$3:$H$241)
Budget;13;J;J13;481.70000000000005;=SUMIF('Janvier 2026'!$K$3:$K$241,$A13,'Janvier 2026'!$H$3:$H$241)
Budget;13;K;K13;#REF!;=SUMIF(#REF!,$A13,#REF!)
Budget;13;L;L13;#REF!;=SUMIF(#REF!,$A13,#REF!)
Budget;13;M;M13;#REF!;=SUMIF(#REF!,$A13,#REF!)
Budget;13;N;N13;#REF!;=SUMIF(#REF!,$A13,#REF!)
Budget;13;O;O13;#REF!;=SUMIF(#REF!,$A13,#REF!)
Budget;13;P;P13;#REF!;=SUMIF(#REF!,$A13,#REF!)
Budget;13;Q;Q13;#REF!;=SUMIF(#REF!,$A13,#REF!)
Budget;13;R;R13;#REF!;=SUMIF(#REF!,$A13,#REF!)
Budget;13;S;S13;#REF!;=SUMIF(#REF!,$A13,#REF!)
Budget;13;T;T13;#REF!;=SUMIF(#REF!,$A13,#REF!)
Budget;13;U;U13;#REF!;=SUMIF(#REF!,$A13,#REF!)
Budget;13;V;V13;#REF!;=SUMIF(#REF!,$A13,#REF!)
Budget;14;A;A14;Soins;
Budget;14;B;B14;0;=SUMIF('Septembre 2026'!$K$3:$K$243,$A14,'Septembre 2026'!$H$3:$H$243)
Budget;14;C;C14;0;=SUMIF('Aout 2026'!$K$3:$K$243,$A14,'Aout 2026'!$H$3:$H$243)
Budget;14;D;D14;0;=SUMIF('Juillet 2026'!$K$3:$K$241,$A14,'Juillet 2026'!$H$3:$H$241)
Budget;14;E;E14;70;=SUMIF('Juin 2026'!$K$3:$K$241,$A14,'Juin 2026'!$H$3:$H$241)
Budget;14;F;F14;188.9;=SUMIF('Mai 2026'!$K$3:$K$241,$A14,'Mai 2026'!$H$3:$H$241)
Budget;14;G;G14;221.64;=SUMIF('Avril 2026'!$K$3:$K$241,$A14,'Avril 2026'!$H$3:$H$241)
Budget;14;H;H14;23.1;=SUMIF('Mars 2026'!$K$3:$K$241,$A14,'Mars 2026'!$H$3:$H$241)
Budget;14;I;I14;62.46;=SUMIF('Fevrier 2026'!$K$3:$K$241,$A14,'Fevrier 2026'!$H$3:$H$241)
Budget;14;J;J14;0;=SUMIF('Janvier 2026'!$K$3:$K$241,$A14,'Janvier 2026'!$H$3:$H$241)
Budget;14;K;K14;#REF!;=SUMIF(#REF!,$A14,#REF!)
Budget;14;L;L14;#REF!;=SUMIF(#REF!,$A14,#REF!)
Budget;14;M;M14;#REF!;=SUMIF(#REF!,$A14,#REF!)
Budget;14;N;N14;#REF!;=SUMIF(#REF!,$A14,#REF!)
Budget;14;O;O14;#REF!;=SUMIF(#REF!,$A14,#REF!)
Budget;14;P;P14;#REF!;=SUMIF(#REF!,$A14,#REF!)
Budget;14;Q;Q14;#REF!;=SUMIF(#REF!,$A14,#REF!)
Budget;14;R;R14;#REF!;=SUMIF(#REF!,$A14,#REF!)
Budget;14;S;S14;#REF!;=SUMIF(#REF!,$A14,#REF!)
Budget;14;T;T14;#REF!;=SUMIF(#REF!,$A14,#REF!)
Budget;14;U;U14;#REF!;=SUMIF(#REF!,$A14,#REF!)
Budget;14;V;V14;#REF!;=SUMIF(#REF!,$A14,#REF!)
Budget;15;A;A15;Epargne;
Budget;15;B;B15;0;=SUMIF('Septembre 2026'!$K$3:$K$243,$A15,'Septembre 2026'!$H$3:$H$243)
Budget;15;C;C15;0;=SUMIF('Aout 2026'!$K$3:$K$243,$A15,'Aout 2026'!$H$3:$H$243)
Budget;15;D;D15;2580;=SUMIF('Juillet 2026'!$K$3:$K$241,$A15,'Juillet 2026'!$H$3:$H$241)
Budget;15;E;E15;0;=SUMIF('Juin 2026'!$K$3:$K$241,$A15,'Juin 2026'!$H$3:$H$241)
Budget;15;F;F15;0;=SUMIF('Mai 2026'!$K$3:$K$241,$A15,'Mai 2026'!$H$3:$H$241)
Budget;15;G;G15;0;=SUMIF('Avril 2026'!$K$3:$K$241,$A15,'Avril 2026'!$H$3:$H$241)
Budget;15;H;H15;0;=SUMIF('Mars 2026'!$K$3:$K$241,$A15,'Mars 2026'!$H$3:$H$241)
Budget;15;I;I15;0;=SUMIF('Fevrier 2026'!$K$3:$K$241,$A15,'Fevrier 2026'!$H$3:$H$241)
Budget;15;J;J15;0;=SUMIF('Janvier 2026'!$K$3:$K$241,$A15,'Janvier 2026'!$H$3:$H$241)
Budget;15;K;K15;#REF!;=SUMIF(#REF!,$A15,#REF!)
Budget;15;L;L15;#REF!;=SUMIF(#REF!,$A15,#REF!)
Budget;15;M;M15;#REF!;=SUMIF(#REF!,$A15,#REF!)
Budget;15;N;N15;#REF!;=SUMIF(#REF!,$A15,#REF!)
Budget;15;O;O15;#REF!;=SUMIF(#REF!,$A15,#REF!)
Budget;15;P;P15;#REF!;=SUMIF(#REF!,$A15,#REF!)
Budget;15;Q;Q15;#REF!;=SUMIF(#REF!,$A15,#REF!)
Budget;15;R;R15;#REF!;=SUMIF(#REF!,$A15,#REF!)
Budget;15;S;S15;#REF!;=SUMIF(#REF!,$A15,#REF!)
Budget;15;T;T15;#REF!;=SUMIF(#REF!,$A15,#REF!)
Budget;15;U;U15;#REF!;=SUMIF(#REF!,$A15,#REF!)
Budget;15;V;V15;#REF!;=SUMIF(#REF!,$A15,#REF!)
Budget;16;A;A16;Cadeau;
Budget;16;B;B16;0;=SUMIF('Septembre 2026'!$K$3:$K$243,$A16,'Septembre 2026'!$H$3:$H$243)
Budget;16;C;C16;0;=SUMIF('Aout 2026'!$K$3:$K$243,$A16,'Aout 2026'!$H$3:$H$243)
Budget;16;D;D16;0;=SUMIF('Juillet 2026'!$K$3:$K$241,$A16,'Juillet 2026'!$H$3:$H$241)
Budget;16;E;E16;88.69;=SUMIF('Juin 2026'!$K$3:$K$241,$A16,'Juin 2026'!$H$3:$H$241)
Budget;16;F;F16;197.89;=SUMIF('Mai 2026'!$K$3:$K$241,$A16,'Mai 2026'!$H$3:$H$241)
Budget;16;G;G16;166.99;=SUMIF('Avril 2026'!$K$3:$K$241,$A16,'Avril 2026'!$H$3:$H$241)
Budget;16;H;H16;183.8;=SUMIF('Mars 2026'!$K$3:$K$241,$A16,'Mars 2026'!$H$3:$H$241)
Budget;16;I;I16;290;=SUMIF('Fevrier 2026'!$K$3:$K$241,$A16,'Fevrier 2026'!$H$3:$H$241)
Budget;16;J;J16;469.35;=SUMIF('Janvier 2026'!$K$3:$K$241,$A16,'Janvier 2026'!$H$3:$H$241)
Budget;16;K;K16;#REF!;=SUMIF(#REF!,$A16,#REF!)
Budget;16;L;L16;#REF!;=SUMIF(#REF!,$A16,#REF!)
Budget;16;M;M16;#REF!;=SUMIF(#REF!,$A16,#REF!)
Budget;16;N;N16;#REF!;=SUMIF(#REF!,$A16,#REF!)
Budget;16;O;O16;#REF!;=SUMIF(#REF!,$A16,#REF!)
Budget;16;P;P16;#REF!;=SUMIF(#REF!,$A16,#REF!)
Budget;16;Q;Q16;#REF!;=SUMIF(#REF!,$A16,#REF!)
Budget;16;R;R16;#REF!;=SUMIF(#REF!,$A16,#REF!)
Budget;16;S;S16;#REF!;=SUMIF(#REF!,$A16,#REF!)
Budget;16;T;T16;#REF!;=SUMIF(#REF!,$A16,#REF!)
Budget;16;U;U16;#REF!;=SUMIF(#REF!,$A16,#REF!)
Budget;16;V;V16;#REF!;=SUMIF(#REF!,$A16,#REF!)
Budget;17;A;A17;Total;
Budget;17;B;B17;3421.6699999999996;=SUM(B2:B14)
Budget;17;C;C17;11152.849999999999;=SUM(C2:C14)
Budget;17;D;D17;10202.74;=SUM(D2:D14)
Budget;17;E;E17;7984.319999999999;=SUM(E2:E14)
Budget;17;F;F17;8976.509999999998;=SUM(F2:F14)
Budget;17;G;G17;8313.809999999998;=SUM(G2:G14)
Budget;17;H;H17;8183.000000000001;=SUM(H2:H14)
Budget;17;I;I17;7834.870000000001;=SUM(I2:I14)
Budget;17;J;J17;8985.08;=SUM(J2:J14)
Budget;17;K;K17;#REF!;=SUM(K2:K14)
Budget;17;L;L17;#REF!;=SUM(L2:L14)
Budget;17;M;M17;#REF!;=SUM(M2:M14)
Budget;17;N;N17;#REF!;=SUM(N2:N14)
Budget;17;O;O17;#REF!;=SUM(O2:O14)
Budget;17;P;P17;#REF!;=SUM(P2:P14)
Budget;17;Q;Q17;#REF!;=SUM(Q2:Q14)
Budget;17;R;R17;#REF!;=SUM(R2:R14)
Budget;17;S;S17;#REF!;=SUM(S2:S14)
Budget;17;T;T17;#REF!;=SUM(T2:T14)
Budget;17;U;U17;#REF!;=SUM(U2:U14)
Budget;17;V;V17;#REF!;=SUM(V2:V14)
Budget;18;A;A18;Bilan Fin de mois;
Budget;18;B;B18;#REF!;"=INDIRECT(B1&""!D43"")-INDIRECT(B1&""!C39"")"
Budget;18;C;C18;#REF!;"=INDIRECT(C1&""!D43"")-INDIRECT(C1&""!C39"")"
Budget;18;D;D18;#REF!;"=INDIRECT(D1&""!D43"")-INDIRECT(D1&""!C39"")"
Budget;18;E;E18;#REF!;"=INDIRECT(E1&""!D43"")-INDIRECT(E1&""!C39"")"
Budget;18;F;F18;#REF!;"=INDIRECT(F1&""!D43"")-INDIRECT(F1&""!C39"")"
Budget;18;G;G18;#REF!;"=INDIRECT(G1&""!D43"")-INDIRECT(G1&""!C39"")"
Budget;18;H;H18;#REF!;"=INDIRECT(H1&""!D43"")-INDIRECT(H1&""!C39"")"
Budget;18;I;I18;#REF!;"=INDIRECT(I1&""!D43"")-INDIRECT(I1&""!C39"")"
Budget;18;J;J18;#REF!;"=INDIRECT(J1&""!D43"")-INDIRECT(J1&""!C39"")"
Budget;18;K;K18;#REF!;"=INDIRECT(K1&""!D43"")-INDIRECT(K1&""!C39"")"
Budget;18;L;L18;#REF!;"=INDIRECT(L1&""!D43"")-INDIRECT(L1&""!C39"")"
Budget;18;M;M18;#REF!;"=INDIRECT(M1&""!D43"")-INDIRECT(M1&""!C39"")"
Budget;18;N;N18;#REF!;"=INDIRECT(N1&""!D43"")-INDIRECT(N1&""!C39"")"
Budget;18;O;O18;#REF!;"=INDIRECT(O1&""!D43"")-INDIRECT(O1&""!C39"")"
Budget;18;P;P18;#REF!;"=INDIRECT(P1&""!D43"")-INDIRECT(P1&""!C39"")"
Budget;18;Q;Q18;#REF!;"=INDIRECT(Q1&""!D43"")-INDIRECT(Q1&""!C39"")"
Budget;18;R;R18;#REF!;"=INDIRECT(R1&""!D43"")-INDIRECT(R1&""!C39"")"
Budget;18;S;S18;#REF!;"=INDIRECT(S1&""!D43"")-INDIRECT(S1&""!C39"")"
Budget;18;T;T18;#REF!;"=INDIRECT(T1&""!D43"")-INDIRECT(T1&""!C39"")"
Budget;18;U;U18;#REF!;"=INDIRECT(U1&""!D43"")-INDIRECT(U1&""!C39"")"
Budget;18;V;V18;#REF!;"=INDIRECT(V1&""!D43"")-INDIRECT(V1&""!C39"")"
Septembre 2026;1;B;B1;Recettes;
Septembre 2026;1;E;E1;Dépenses;
Septembre 2026;1;K;K1;Cadeau;
Septembre 2026;3;B;B3;Salaire Pierre;
Septembre 2026;3;C;C3;5226.16;
Septembre 2026;3;E;E3;Loyer Elouen;
Septembre 2026;3;F;F3;669.7;
Septembre 2026;3;G;G3;x;
Septembre 2026;3;H;H3;669.7;"=IF(G3=""x"",F3,0)"
Septembre 2026;3;K;K3;Logement;
Septembre 2026;4;B;B4;Salaire Sterenn;
Septembre 2026;4;C;C4;2086.77;
Septembre 2026;4;E;E4;Argent de poche Elouen;
Septembre 2026;4;H;H4;0;"=IF(G4=""x"",F4,0)"
Septembre 2026;4;K;K4;Charges;
Septembre 2026;5;B;B5;CAF;
Septembre 2026;5;E;E5;Engie Elouen;
Septembre 2026;5;F;F5;66.32;
Septembre 2026;5;G;G5;x;
Septembre 2026;5;H;H5;66.32;"=IF(G5=""x"",F5,0)"
Septembre 2026;5;K;K5;Charges;
Septembre 2026;6;E;E6;Argent de poche Arthur;
Septembre 2026;6;F;F6;155;
Septembre 2026;6;G;G6;x;
Septembre 2026;6;H;H6;155;"=IF(G6=""x"",F6,0)"
Septembre 2026;6;K;K6;Charges;
Septembre 2026;7;E;E7;Prêt 25 ;
Septembre 2026;7;F;F7;995.15;
Septembre 2026;7;G;G7;x;
Septembre 2026;7;H;H7;995.15;"=IF(G7=""x"",F7,0)"
Septembre 2026;7;K;K7;Logement;
Septembre 2026;8;B;B8;Note de frais Igienair;
Septembre 2026;8;C;C8;160.89;
Septembre 2026;8;E;E8;Prêt 15;
Septembre 2026;8;F;F8;883.42;
Septembre 2026;8;G;G8;x;
Septembre 2026;8;H;H8;883.42;"=IF(G8=""x"",F8,0)"
Septembre 2026;8;K;K8;Logement;
Septembre 2026;9;B;B9;Remboursement Padel Edouard;
Septembre 2026;9;C;C9;4;
Septembre 2026;9;E;E9;Assurances prêt;
Septembre 2026;9;F;F9;11.46;
Septembre 2026;9;H;H9;0;"=IF(G9=""x"",F9,0)"
Septembre 2026;9;K;K9;Logement;
Septembre 2026;10;E;E10;Assurances prêt;
Septembre 2026;10;F;F10;32.57;
Septembre 2026;10;H;H10;0;"=IF(G10=""x"",F10,0)"
Septembre 2026;10;K;K10;Logement;
Septembre 2026;11;E;E11;Assurances prêt;
Septembre 2026;11;F;F11;79.98;
Septembre 2026;11;H;H11;0;"=IF(G11=""x"",F11,0)"
Septembre 2026;11;K;K11;Logement;
Septembre 2026;12;E;E12;Assurances prêt;
Septembre 2026;12;F;F12;28.49;
Septembre 2026;12;H;H12;0;"=IF(G12=""x"",F12,0)"
Septembre 2026;12;K;K12;Logement;
Septembre 2026;13;E;E13;Disney;
Septembre 2026;13;F;F13;6.99;
Septembre 2026;13;H;H13;0;"=IF(G13=""x"",F13,0)"
Septembre 2026;13;K;K13;Internet/Téléphone;
Septembre 2026;14;E;E14;EDF Arthur;
Septembre 2026;14;F;F14;65;
Septembre 2026;14;H;H14;0;"=IF(G14=""x"",F14,0)"
Septembre 2026;14;K;K14;Charges;
Septembre 2026;15;E;E15;EkWateur;
Septembre 2026;15;F;F15;208;
Septembre 2026;15;H;H15;0;"=IF(G15=""x"",F15,0)"
Septembre 2026;15;K;K15;Charges;
Septembre 2026;16;E;E16;Sosh Maison;
Septembre 2026;16;F;F16;24.99;
Septembre 2026;16;H;H16;0;"=IF(G16=""x"",F16,0)"
Septembre 2026;16;K;K16;Internet/Téléphone;
Septembre 2026;17;H;H17;0;"=IF(G17=""x"",F17,0)"
Septembre 2026;17;K;K17;Internet/Téléphone;
Septembre 2026;18;E;E18;Sosh Ael;
Septembre 2026;18;F;F18;14.99;
Septembre 2026;18;H;H18;0;"=IF(G18=""x"",F18,0)"
Septembre 2026;18;K;K18;Internet/Téléphone;
Septembre 2026;19;E;E19;Sosh Elouen;
Septembre 2026;19;F;F19;14.99;
Septembre 2026;19;H;H19;0;"=IF(G19=""x"",F19,0)"
Septembre 2026;19;K;K19;Internet/Téléphone;
Septembre 2026;20;E;E20;Sosh Sterenn;
Septembre 2026;20;F;F20;10.99;
Septembre 2026;20;H;H20;0;"=IF(G20=""x"",F20,0)"
Septembre 2026;20;K;K20;Internet/Téléphone;
Septembre 2026;21;E;E21;Mutuelle;
Septembre 2026;21;F;F21;104.98;
Septembre 2026;21;H;H21;0;"=IF(G21=""x"",F21,0)"
Septembre 2026;21;K;K21;Assurances/Mutuelle;
Septembre 2026;23;E;E23;AxaHabitation;
Septembre 2026;23;F;F23;62.88;
Septembre 2026;23;H;H23;0;"=IF(G23=""x"",F23,0)"
Septembre 2026;23;K;K23;Assurances/Mutuelle;
Septembre 2026;24;E;E24;VW LLD;
Septembre 2026;24;F;F24;331.65;
Septembre 2026;24;H;H24;0;"=IF(G24=""x"",F24,0)"
Septembre 2026;24;K;K24;Voiture/Déplacement;
Septembre 2026;25;E;E25;Axa Voiture;
Septembre 2026;25;F;F25;88.03;
Septembre 2026;25;H;H25;0;"=IF(G25=""x"",F25,0)"
Septembre 2026;25;K;K25;Assurances/Mutuelle;
Septembre 2026;26;E;E26;Suravenir Garanties Vie;
Septembre 2026;26;F;F26;18.99;
Septembre 2026;26;H;H26;0;"=IF(G26=""x"",F26,0)"
Septembre 2026;26;K;K26;Assurances/Mutuelle;
Septembre 2026;27;E;E27;Joséphine;
Septembre 2026;27;F;F27;20;
Septembre 2026;27;G;G27;x;
Septembre 2026;27;H;H27;20;"=IF(G27=""x"",F27,0)"
Septembre 2026;27;K;K27;Divers;
Septembre 2026;28;E;E28;Canal Plus;
Septembre 2026;28;F;F28;21.99;
Septembre 2026;28;H;H28;0;"=IF(G28=""x"",F28,0)"
Septembre 2026;28;K;K28;Internet/Téléphone;
Septembre 2026;29;H;H29;0;"=IF(G29=""x"",F29,0)"
Septembre 2026;29;K;K29;Voiture/Déplacement;
Septembre 2026;30;E;E30;Keolis Elouen;
Septembre 2026;30;F;F30;21.4;
Septembre 2026;30;H;H30;0;"=IF(G30=""x"",F30,0)"
Septembre 2026;30;K;K30;Voiture/Déplacement;
Septembre 2026;31;E;E31;Apple;
Septembre 2026;31;F;F31;0.99;
Septembre 2026;31;H;H31;0;"=IF(G31=""x"",F31,0)"
Septembre 2026;31;K;K31;Internet/Téléphone;
Septembre 2026;32;E;E32;Apple;
Septembre 2026;32;F;F32;0.99;
Septembre 2026;32;G;G32;x;
Septembre 2026;32;H;H32;0.99;"=IF(G32=""x"",F32,0)"
Septembre 2026;32;K;K32;Internet/Téléphone;
Septembre 2026;33;E;E33;Apple;
Septembre 2026;33;F;F33;16.99;
Septembre 2026;33;H;H33;0;"=IF(G33=""x"",F33,0)"
Septembre 2026;33;K;K33;Internet/Téléphone;
Septembre 2026;34;E;E34;Lycée;
Septembre 2026;34;F;F34;450;
Septembre 2026;34;H;H34;0;"=IF(G34=""x"",F34,0)"
Septembre 2026;34;K;K34;Scolarité;
Septembre 2026;35;E;E35;Ménage;
Septembre 2026;35;F;F35;170;
Septembre 2026;35;H;H35;0;"=IF(G35=""x"",F35,0)"
Septembre 2026;35;K;K35;Logement;
Septembre 2026;36;E;E36;Urssaaf;
Septembre 2026;36;F;F36;34;
Septembre 2026;36;G;G36;x;
Septembre 2026;36;H;H36;34;"=IF(G36=""x"",F36,0)"
Septembre 2026;36;K;K36;Logement;
Septembre 2026;37;E;E37;Cotisation Eurocompte;
Septembre 2026;37;F;F37;19.03;
Septembre 2026;37;H;H37;0;"=IF(G37=""x"",F37,0)"
Septembre 2026;37;K;K37;Charges;
Septembre 2026;38;E;E38;Indivision;
Septembre 2026;38;F;F38;33.89;
Septembre 2026;38;H;H38;0;"=IF(G38=""x"",F38,0)"
Septembre 2026;38;K;K38;Charges;
Septembre 2026;39;A;A39;Etat mois précédent;
Septembre 2026;39;C;C39;#REF!;='Aout 2026'!D43
Septembre 2026;40;A;A40;Recettes fixes;
Septembre 2026;40;C;C40;7312.93;=SUM(C2:C6)
Septembre 2026;40;E;E40;Somme dépenses prévues;
Septembre 2026;40;F;F40;4663.8499999999985;=SUM(F2:F38)
Septembre 2026;40;G;G40;Somme dépenses réelles;
Septembre 2026;40;H;H40;2824.58;=SUM(H2:H38)
Septembre 2026;40;I;I40;Delta moins les exceptions;
Septembre 2026;41;A;A41;Recettes additionnelles du mois;
Septembre 2026;41;C;C41;164.89;=SUM(C8:C35)
Septembre 2026;41;E;E41;Reste previsionnel;
Septembre 2026;41;F;F41;#REF!;=C42-F40
Septembre 2026;41;G;G41;Delta du mois;
Septembre 2026;41;H;H41;#REF!;=C39+C40+C41-H40-F42
Septembre 2026;42;A;A42;Total Recettes;
Septembre 2026;42;C;C42;#REF!;=SUM(C39:C41)
Septembre 2026;42;E;E42;Somme dépenses non prévues;
Septembre 2026;42;F;F42;597.09;=SUM(J44:J247)
Septembre 2026;43;A;A43;Reste prévu;
Septembre 2026;43;B;B43;#REF!;=$C$42-$F$40-$F$42
Septembre 2026;43;C;C43;Reste réel;
Septembre 2026;43;D;D43;#REF!;=$C$42-$H$40-$F$42
Septembre 2026;44;A;A44;;"=IF(AND(NOT(ISBLANK(#REF!)),ISBLANK(G44)),""Reste prévu"","""")"
Septembre 2026;44;B;B44;;"=IF(AND(NOT(ISBLANK(#REF!)),ISBLANK($G44)),$C$42-$F$40-$F$42,"""")"
Septembre 2026;44;C;C44;;"=IF(AND(NOT(ISBLANK(#REF!)),ISBLANK($G44)),""Reste réel"","""")"
Septembre 2026;44;D;D44;;"=IF(AND(NOT(ISBLANK(#REF!)),ISBLANK($G44)),$C$42-$H$40-$F$42,"""")"
Septembre 2026;44;G;G44;Vinted;
Septembre 2026;44;H;H44;22.59;
Septembre 2026;44;I;I44;x;
Septembre 2026;44;J;J44;22.59;"=IF(I44=""x"",H44,0)"
Septembre 2026;44;K;K44;Vêtements;
Septembre 2026;45;A;A45;;"=IF(AND(NOT(ISBLANK(G44)),ISBLANK(G45)),""Reste prévu"","""")"
Septembre 2026;45;B;B45;;"=IF(AND(NOT(ISBLANK($G44)),ISBLANK($G45)),$C$42-$F$40-$F$42,"""")"
Septembre 2026;45;C;C45;;"=IF(AND(NOT(ISBLANK($G44)),ISBLANK($G45)),""Reste réel"","""")"
Septembre 2026;45;D;D45;;"=IF(AND(NOT(ISBLANK($G44)),ISBLANK($G45)),$C$42-$H$40-$F$42,"""")"
Septembre 2026;45;G;G45;Pharmacie;
Septembre 2026;45;H;H45;38.2;
Septembre 2026;45;I;I45;x;
Septembre 2026;45;J;J45;38.2;"=IF(I45=""x"",H45,0)"
Septembre 2026;45;K;K45;Medical;
Septembre 2026;46;A;A46;;"=IF(AND(NOT(ISBLANK(G45)),ISBLANK(G46)),""Reste prévu"","""")"
Septembre 2026;46;B;B46;;"=IF(AND(NOT(ISBLANK($G45)),ISBLANK($G46)),$C$42-$F$40-$F$42,"""")"
Septembre 2026;46;C;C46;;"=IF(AND(NOT(ISBLANK($G45)),ISBLANK($G46)),""Reste réel"","""")"
Septembre 2026;46;D;D46;;"=IF(AND(NOT(ISBLANK($G45)),ISBLANK($G46)),$C$42-$H$40-$F$42,"""")"
Septembre 2026;46;G;G46;Amazon;
Septembre 2026;46;H;H46;9.99;
Septembre 2026;46;I;I46;x;
Septembre 2026;46;J;J46;9.99;"=IF(I46=""x"",H46,0)"
Septembre 2026;46;K;K46;Divers;
Septembre 2026;47;A;A47;;"=IF(AND(NOT(ISBLANK(G46)),ISBLANK(G47)),""Reste prévu"","""")"
Septembre 2026;47;B;B47;;"=IF(AND(NOT(ISBLANK($G46)),ISBLANK($G47)),$C$42-$F$40-$F$42,"""")"
Septembre 2026;47;C;C47;;"=IF(AND(NOT(ISBLANK($G46)),ISBLANK($G47)),""Reste réel"","""")"
Septembre 2026;47;D;D47;;"=IF(AND(NOT(ISBLANK($G46)),ISBLANK($G47)),$C$42-$H$40-$F$42,"""")"
Septembre 2026;47;G;G47;Vinted;
Septembre 2026;47;H;H47;46.49;
Septembre 2026;47;I;I47;x;
Septembre 2026;47;J;J47;46.49;"=IF(I47=""x"",H47,0)"
Septembre 2026;47;K;K47;Vêtements;
Septembre 2026;48;A;A48;;"=IF(AND(NOT(ISBLANK(G47)),ISBLANK(G48)),""Reste prévu"","""")"
Septembre 2026;48;B;B48;;"=IF(AND(NOT(ISBLANK($G47)),ISBLANK($G48)),$C$42-$F$40-$F$42,"""")"
Septembre 2026;48;C;C48;;"=IF(AND(NOT(ISBLANK($G47)),ISBLANK($G48)),""Reste réel"","""")"
Septembre 2026;48;D;D48;;"=IF(AND(NOT(ISBLANK($G47)),ISBLANK($G48)),$C$42-$H$40-$F$42,"""")"
Septembre 2026;48;G;G48;Leclerc;
Septembre 2026;48;H;H48;37.92;
Septembre 2026;48;I;I48;x;
Septembre 2026;48;J;J48;37.92;"=IF(I48=""x"",H48,0)"
Septembre 2026;48;K;K48;Courses;
Septembre 2026;49;A;A49;;"=IF(AND(NOT(ISBLANK(G48)),ISBLANK(G49)),""Reste prévu"","""")"
Septembre 2026;49;B;B49;;"=IF(AND(NOT(ISBLANK($G48)),ISBLANK($G49)),$C$42-$F$40-$F$42,"""")"
Septembre 2026;49;C;C49;;"=IF(AND(NOT(ISBLANK($G48)),ISBLANK($G49)),""Reste réel"","""")"
Septembre 2026;49;D;D49;;"=IF(AND(NOT(ISBLANK($G48)),ISBLANK($G49)),$C$42-$H$40-$F$42,"""")"
Septembre 2026;49;G;G49;Leclerc;
Septembre 2026;49;H;H49;38.72;
Septembre 2026;49;I;I49;x;
Septembre 2026;49;J;J49;38.72;"=IF(I49=""x"",H49,0)"
Septembre 2026;49;K;K49;Courses;
Septembre 2026;50;A;A50;;"=IF(AND(NOT(ISBLANK(G49)),ISBLANK(G50)),""Reste prévu"","""")"
Septembre 2026;50;B;B50;;"=IF(AND(NOT(ISBLANK($G49)),ISBLANK($G50)),$C$42-$F$40-$F$42,"""")"
Septembre 2026;50;C;C50;;"=IF(AND(NOT(ISBLANK($G49)),ISBLANK($G50)),""Reste réel"","""")"
Septembre 2026;50;D;D50;;"=IF(AND(NOT(ISBLANK($G49)),ISBLANK($G50)),$C$42-$H$40-$F$42,"""")"
Septembre 2026;50;G;G50;Materiel Compresseur;
Septembre 2026;50;H;H50;52.92;
Septembre 2026;50;I;I50;x;
Septembre 2026;50;J;J50;52.92;"=IF(I50=""x"",H50,0)"
Septembre 2026;50;K;K50;Bricolage/Travaux;
Septembre 2026;51;A;A51;;"=IF(AND(NOT(ISBLANK(G50)),ISBLANK(G51)),""Reste prévu"","""")"
Septembre 2026;51;B;B51;;"=IF(AND(NOT(ISBLANK($G50)),ISBLANK($G51)),$C$42-$F$40-$F$42,"""")"
Septembre 2026;51;C;C51;;"=IF(AND(NOT(ISBLANK($G50)),ISBLANK($G51)),""Reste réel"","""")"
Septembre 2026;51;D;D51;;"=IF(AND(NOT(ISBLANK($G50)),ISBLANK($G51)),$C$42-$H$40-$F$42,"""")"
Septembre 2026;51;G;G51;OVH Site Internet Hand;
Septembre 2026;51;H;H51;18.7;
Septembre 2026;51;I;I51;x;
Septembre 2026;51;J;J51;18.7;"=IF(I51=""x"",H51,0)"
Septembre 2026;51;K;K51;Divers;
Septembre 2026;52;A;A52;;"=IF(AND(NOT(ISBLANK(G51)),ISBLANK(G52)),""Reste prévu"","""")"
Septembre 2026;52;B;B52;;"=IF(AND(NOT(ISBLANK($G51)),ISBLANK($G52)),$C$42-$F$40-$F$42,"""")"
Septembre 2026;52;C;C52;;"=IF(AND(NOT(ISBLANK($G51)),ISBLANK($G52)),""Reste réel"","""")"
Septembre 2026;52;D;D52;;"=IF(AND(NOT(ISBLANK($G51)),ISBLANK($G52)),$C$42-$H$40-$F$42,"""")"
Septembre 2026;52;G;G52;Coiffeur Ael;
Septembre 2026;52;H;H52;25;
Septembre 2026;52;I;I52;x;
Septembre 2026;52;J;J52;25;"=IF(I52=""x"",H52,0)"
Septembre 2026;52;K;K52;Divers;
Septembre 2026;53;A;A53;;"=IF(AND(NOT(ISBLANK(G52)),ISBLANK(G53)),""Reste prévu"","""")"
Septembre 2026;53;B;B53;;"=IF(AND(NOT(ISBLANK($G52)),ISBLANK($G53)),$C$42-$F$40-$F$42,"""")"
Septembre 2026;53;C;C53;;"=IF(AND(NOT(ISBLANK($G52)),ISBLANK($G53)),""Reste réel"","""")"
Septembre 2026;53;D;D53;;"=IF(AND(NOT(ISBLANK($G52)),ISBLANK($G53)),$C$42-$H$40-$F$42,"""")"
Septembre 2026;53;G;G53;Lidl;
Septembre 2026;53;H;H53;11.75;
Septembre 2026;53;I;I53;x;
Septembre 2026;53;J;J53;11.75;"=IF(I53=""x"",H53,0)"
Septembre 2026;53;K;K53;Courses;
Septembre 2026;54;A;A54;;"=IF(AND(NOT(ISBLANK(G53)),ISBLANK(G54)),""Reste prévu"","""")"
Septembre 2026;54;B;B54;;"=IF(AND(NOT(ISBLANK($G53)),ISBLANK($G54)),$C$42-$F$40-$F$42,"""")"
Septembre 2026;54;C;C54;;"=IF(AND(NOT(ISBLANK($G53)),ISBLANK($G54)),""Reste réel"","""")"
Septembre 2026;54;D;D54;;"=IF(AND(NOT(ISBLANK($G53)),ISBLANK($G54)),$C$42-$H$40-$F$42,"""")"
Septembre 2026;54;G;G54;Cafran;
Septembre 2026;54;H;H54;98.37;
Septembre 2026;54;I;I54;x;
Septembre 2026;54;J;J54;98.37;"=IF(I54=""x"",H54,0)"
Septembre 2026;54;K;K54;Courses;
Septembre 2026;55;A;A55;;"=IF(AND(NOT(ISBLANK(G54)),ISBLANK(G55)),""Reste prévu"","""")"
Septembre 2026;55;B;B55;;"=IF(AND(NOT(ISBLANK($G54)),ISBLANK($G55)),$C$42-$F$40-$F$42,"""")"
Septembre 2026;55;C;C55;;"=IF(AND(NOT(ISBLANK($G54)),ISBLANK($G55)),""Reste réel"","""")"
Septembre 2026;55;D;D55;;"=IF(AND(NOT(ISBLANK($G54)),ISBLANK($G55)),$C$42-$H$40-$F$42,"""")"
Septembre 2026;55;G;G55;Cultura;
Septembre 2026;55;H;H55;118.97;
Septembre 2026;55;I;I55;x;
Septembre 2026;55;J;J55;118.97;"=IF(I55=""x"",H55,0)"
Septembre 2026;55;K;K55;Scolarité;
Septembre 2026;56;A;A56;;"=IF(AND(NOT(ISBLANK(G55)),ISBLANK(G56)),""Reste prévu"","""")"
Septembre 2026;56;B;B56;;"=IF(AND(NOT(ISBLANK($G55)),ISBLANK($G56)),$C$42-$F$40-$F$42,"""")"
Septembre 2026;56;C;C56;;"=IF(AND(NOT(ISBLANK($G55)),ISBLANK($G56)),""Reste réel"","""")"
Septembre 2026;56;D;D56;;"=IF(AND(NOT(ISBLANK($G55)),ISBLANK($G56)),$C$42-$H$40-$F$42,"""")"
Septembre 2026;56;G;G56;Plan Etabli;
Septembre 2026;56;H;H56;10;
Septembre 2026;56;I;I56;x;
Septembre 2026;56;J;J56;10;"=IF(I56=""x"",H56,0)"
Septembre 2026;56;K;K56;Bricolage/Travaux;
Septembre 2026;57;A;A57;;"=IF(AND(NOT(ISBLANK(G56)),ISBLANK(G57)),""Reste prévu"","""")"
Septembre 2026;57;B;B57;;"=IF(AND(NOT(ISBLANK($G56)),ISBLANK($G57)),$C$42-$F$40-$F$42,"""")"
Septembre 2026;57;C;C57;;"=IF(AND(NOT(ISBLANK($G56)),ISBLANK($G57)),""Reste réel"","""")"
Septembre 2026;57;D;D57;;"=IF(AND(NOT(ISBLANK($G56)),ISBLANK($G57)),$C$42-$H$40-$F$42,"""")"
Septembre 2026;57;G;G57;Carrefour Planguenoual;
Septembre 2026;57;H;H57;3.73;
Septembre 2026;57;I;I57;x;
Septembre 2026;57;J;J57;3.73;"=IF(I57=""x"",H57,0)"
Septembre 2026;57;K;K57;Courses;
Septembre 2026;58;A;A58;;"=IF(AND(NOT(ISBLANK(G57)),ISBLANK(G58)),""Reste prévu"","""")"
Septembre 2026;58;B;B58;;"=IF(AND(NOT(ISBLANK($G57)),ISBLANK($G58)),$C$42-$F$40-$F$42,"""")"
Septembre 2026;58;C;C58;;"=IF(AND(NOT(ISBLANK($G57)),ISBLANK($G58)),""Reste réel"","""")"
Septembre 2026;58;D;D58;;"=IF(AND(NOT(ISBLANK($G57)),ISBLANK($G58)),$C$42-$H$40-$F$42,"""")"
Septembre 2026;58;G;G58;SuperU;
Septembre 2026;58;H;H58;63.74;
Septembre 2026;58;I;I58;x;
Septembre 2026;58;J;J58;63.74;"=IF(I58=""x"",H58,0)"
Septembre 2026;58;K;K58;Courses;
Septembre 2026;59;A;A59;Reste prévu;"=IF(AND(NOT(ISBLANK(G58)),ISBLANK(G59)),""Reste prévu"","""")"
Septembre 2026;59;B;B59;#REF!;"=IF(AND(NOT(ISBLANK($G58)),ISBLANK($G59)),$C$42-$F$40-$F$42,"""")"
Septembre 2026;59;C;C59;Reste réel;"=IF(AND(NOT(ISBLANK($G58)),ISBLANK($G59)),""Reste réel"","""")"
Septembre 2026;59;D;D59;#REF!;"=IF(AND(NOT(ISBLANK($G58)),ISBLANK($G59)),$C$42-$H$40-$F$42,"""")"
Septembre 2026;59;J;J59;0;"=IF(I59=""x"",H59,0)"
Septembre 2026;59;K;K59;Bricolage/Travaux;
Septembre 2026;60;A;A60;;"=IF(AND(NOT(ISBLANK(G59)),ISBLANK(G60)),""Reste prévu"","""")"
Septembre 2026;60;B;B60;;"=IF(AND(NOT(ISBLANK($G59)),ISBLANK($G60)),$C$42-$F$40-$F$42,"""")"
Septembre 2026;60;C;C60;;"=IF(AND(NOT(ISBLANK($G59)),ISBLANK($G60)),""Reste réel"","""")"
Septembre 2026;60;D;D60;;"=IF(AND(NOT(ISBLANK($G59)),ISBLANK($G60)),$C$42-$H$40-$F$42,"""")"
Septembre 2026;60;J;J60;0;"=IF(I60=""x"",H60,0)"
Septembre 2026;60;K;K60;Courses;
Septembre 2026;61;A;A61;;"=IF(AND(NOT(ISBLANK(G60)),ISBLANK(G61)),""Reste prévu"","""")"
Septembre 2026;61;B;B61;;"=IF(AND(NOT(ISBLANK($G60)),ISBLANK($G61)),$C$42-$F$40-$F$42,"""")"
Septembre 2026;61;C;C61;;"=IF(AND(NOT(ISBLANK($G60)),ISBLANK($G61)),""Reste réel"","""")"
Septembre 2026;61;D;D61;;"=IF(AND(NOT(ISBLANK($G60)),ISBLANK($G61)),$C$42-$H$40-$F$42,"""")"
Septembre 2026;61;J;J61;0;"=IF(I61=""x"",H61,0)"
Septembre 2026;61;K;K61;Bricolage/Travaux;
Septembre 2026;62;A;A62;;"=IF(AND(NOT(ISBLANK(G61)),ISBLANK(G62)),""Reste prévu"","""")"
Septembre 2026;62;B;B62;;"=IF(AND(NOT(ISBLANK($G61)),ISBLANK($G62)),$C$42-$F$40-$F$42,"""")"
Septembre 2026;62;C;C62;;"=IF(AND(NOT(ISBLANK($G61)),ISBLANK($G62)),""Reste réel"","""")"
Septembre 2026;62;D;D62;;"=IF(AND(NOT(ISBLANK($G61)),ISBLANK($G62)),$C$42-$H$40-$F$42,"""")"
Septembre 2026;62;J;J62;0;"=IF(I62=""x"",H62,0)"
Septembre 2026;62;K;K62;Courses;
Septembre 2026;63;A;A63;;"=IF(AND(NOT(ISBLANK(G62)),ISBLANK(G63)),""Reste prévu"","""")"
Septembre 2026;63;B;B63;;"=IF(AND(NOT(ISBLANK($G62)),ISBLANK($G63)),$C$42-$F$40-$F$42,"""")"
Septembre 2026;63;C;C63;;"=IF(AND(NOT(ISBLANK($G62)),ISBLANK($G63)),""Reste réel"","""")"
Septembre 2026;63;D;D63;;"=IF(AND(NOT(ISBLANK($G62)),ISBLANK($G63)),$C$42-$H$40-$F$42,"""")"
Septembre 2026;63;J;J63;0;"=IF(I63=""x"",H63,0)"
Septembre 2026;63;K;K63;Courses;
Septembre 2026;64;A;A64;;"=IF(AND(NOT(ISBLANK(G63)),ISBLANK(G64)),""Reste prévu"","""")"
Septembre 2026;64;B;B64;;"=IF(AND(NOT(ISBLANK($G63)),ISBLANK($G64)),$C$42-$F$40-$F$42,"""")"
Septembre 2026;64;C;C64;;"=IF(AND(NOT(ISBLANK($G63)),ISBLANK($G64)),""Reste réel"","""")"
Septembre 2026;64;D;D64;;"=IF(AND(NOT(ISBLANK($G63)),ISBLANK($G64)),$C$42-$H$40-$F$42,"""")"
Septembre 2026;64;J;J64;0;"=IF(I64=""x"",H64,0)"
Septembre 2026;64;K;K64;Courses;
Septembre 2026;65;A;A65;;"=IF(AND(NOT(ISBLANK(G64)),ISBLANK(G65)),""Reste prévu"","""")"
Septembre 2026;65;B;B65;;"=IF(AND(NOT(ISBLANK($G64)),ISBLANK($G65)),$C$42-$F$40-$F$42,"""")"
Septembre 2026;65;C;C65;;"=IF(AND(NOT(ISBLANK($G64)),ISBLANK($G65)),""Reste réel"","""")"
Septembre 2026;65;D;D65;;"=IF(AND(NOT(ISBLANK($G64)),ISBLANK($G65)),$C$42-$H$40-$F$42,"""")"
Septembre 2026;65;J;J65;0;"=IF(I65=""x"",H65,0)"
Septembre 2026;65;K;K65;Divers;
Septembre 2026;66;A;A66;;"=IF(AND(NOT(ISBLANK(G65)),ISBLANK(G66)),""Reste prévu"","""")"
Septembre 2026;66;B;B66;;"=IF(AND(NOT(ISBLANK($G65)),ISBLANK($G66)),$C$42-$F$40-$F$42,"""")"
Septembre 2026;66;C;C66;;"=IF(AND(NOT(ISBLANK($G65)),ISBLANK($G66)),""Reste réel"","""")"
Septembre 2026;66;D;D66;;"=IF(AND(NOT(ISBLANK($G65)),ISBLANK($G66)),$C$42-$H$40-$F$42,"""")"
Septembre 2026;66;J;J66;0;"=IF(I66=""x"",H66,0)"
Septembre 2026;66;K;K66;Divers;
Septembre 2026;67;A;A67;;"=IF(AND(NOT(ISBLANK(G66)),ISBLANK(G67)),""Reste prévu"","""")"
Septembre 2026;67;B;B67;;"=IF(AND(NOT(ISBLANK($G66)),ISBLANK($G67)),$C$42-$F$40-$F$42,"""")"
Septembre 2026;67;C;C67;;"=IF(AND(NOT(ISBLANK($G66)),ISBLANK($G67)),""Reste réel"","""")"
Septembre 2026;67;D;D67;;"=IF(AND(NOT(ISBLANK($G66)),ISBLANK($G67)),$C$42-$H$40-$F$42,"""")"
Septembre 2026;67;J;J67;0;"=IF(I67=""x"",H67,0)"
Septembre 2026;67;K;K67;Medical;
Septembre 2026;68;A;A68;;"=IF(AND(NOT(ISBLANK(G67)),ISBLANK(G68)),""Reste prévu"","""")"
Septembre 2026;68;B;B68;;"=IF(AND(NOT(ISBLANK($G67)),ISBLANK($G68)),$C$42-$F$40-$F$42,"""")"
Septembre 2026;68;C;C68;;"=IF(AND(NOT(ISBLANK($G67)),ISBLANK($G68)),""Reste réel"","""")"
Septembre 2026;68;D;D68;;"=IF(AND(NOT(ISBLANK($G67)),ISBLANK($G68)),$C$42-$H$40-$F$42,"""")"
Septembre 2026;68;J;J68;0;"=IF(I68=""x"",H68,0)"
Septembre 2026;68;K;K68;Courses;
Septembre 2026;69;A;A69;;"=IF(AND(NOT(ISBLANK(G68)),ISBLANK(G69)),""Reste prévu"","""")"
Septembre 2026;69;B;B69;;"=IF(AND(NOT(ISBLANK($G68)),ISBLANK($G69)),$C$42-$F$40-$F$42,"""")"
Septembre 2026;69;C;C69;;"=IF(AND(NOT(ISBLANK($G68)),ISBLANK($G69)),""Reste réel"","""")"
Septembre 2026;69;D;D69;;"=IF(AND(NOT(ISBLANK($G68)),ISBLANK($G69)),$C$42-$H$40-$F$42,"""")"
Septembre 2026;69;J;J69;0;"=IF(I69=""x"",H69,0)"
Septembre 2026;69;K;K69;Courses;
Septembre 2026;70;A;A70;;"=IF(AND(NOT(ISBLANK(G69)),ISBLANK(G70)),""Reste prévu"","""")"
Septembre 2026;70;B;B70;;"=IF(AND(NOT(ISBLANK($G69)),ISBLANK($G70)),$C$42-$F$40-$F$42,"""")"
Septembre 2026;70;C;C70;;"=IF(AND(NOT(ISBLANK($G69)),ISBLANK($G70)),""Reste réel"","""")"
Septembre 2026;70;D;D70;;"=IF(AND(NOT(ISBLANK($G69)),ISBLANK($G70)),$C$42-$H$40-$F$42,"""")"
Septembre 2026;70;J;J70;0;"=IF(I70=""x"",H70,0)"
Septembre 2026;70;K;K70;Courses;
Septembre 2026;71;A;A71;;"=IF(AND(NOT(ISBLANK(G70)),ISBLANK(G71)),""Reste prévu"","""")"
Septembre 2026;71;B;B71;;"=IF(AND(NOT(ISBLANK($G70)),ISBLANK($G71)),$C$42-$F$40-$F$42,"""")"
Septembre 2026;71;C;C71;;"=IF(AND(NOT(ISBLANK($G70)),ISBLANK($G71)),""Reste réel"","""")"
Septembre 2026;71;D;D71;;"=IF(AND(NOT(ISBLANK($G70)),ISBLANK($G71)),$C$42-$H$40-$F$42,"""")"
Septembre 2026;71;J;J71;0;"=IF(I71=""x"",H71,0)"
Septembre 2026;71;K;K71;Bricolage/Travaux;
Septembre 2026;72;A;A72;;"=IF(AND(NOT(ISBLANK(G71)),ISBLANK(G72)),""Reste prévu"","""")"
Septembre 2026;72;B;B72;;"=IF(AND(NOT(ISBLANK($G71)),ISBLANK($G72)),$C$42-$F$40-$F$42,"""")"
Septembre 2026;72;C;C72;;"=IF(AND(NOT(ISBLANK($G71)),ISBLANK($G72)),""Reste réel"","""")"
Septembre 2026;72;D;D72;;"=IF(AND(NOT(ISBLANK($G71)),ISBLANK($G72)),$C$42-$H$40-$F$42,"""")"
Septembre 2026;72;J;J72;0;"=IF(I72=""x"",H72,0)"
Septembre 2026;72;K;K72;Bricolage/Travaux;
Septembre 2026;73;A;A73;;"=IF(AND(NOT(ISBLANK(G72)),ISBLANK(G73)),""Reste prévu"","""")"
Septembre 2026;73;B;B73;;"=IF(AND(NOT(ISBLANK($G72)),ISBLANK($G73)),$C$42-$F$40-$F$42,"""")"
Septembre 2026;73;C;C73;;"=IF(AND(NOT(ISBLANK($G72)),ISBLANK($G73)),""Reste réel"","""")"
Septembre 2026;73;D;D73;;"=IF(AND(NOT(ISBLANK($G72)),ISBLANK($G73)),$C$42-$H$40-$F$42,"""")"
Septembre 2026;73;J;J73;0;"=IF(I73=""x"",H73,0)"
Septembre 2026;73;K;K73;Charges;
Septembre 2026;74;A;A74;;"=IF(AND(NOT(ISBLANK(G73)),ISBLANK(G74)),""Reste prévu"","""")"
Septembre 2026;74;B;B74;;"=IF(AND(NOT(ISBLANK($G73)),ISBLANK($G74)),$C$42-$F$40-$F$42,"""")"
Septembre 2026;74;C;C74;;"=IF(AND(NOT(ISBLANK($G73)),ISBLANK($G74)),""Reste réel"","""")"
Septembre 2026;74;D;D74;;"=IF(AND(NOT(ISBLANK($G73)),ISBLANK($G74)),$C$42-$H$40-$F$42,"""")"
Septembre 2026;74;J;J74;0;"=IF(I74=""x"",H74,0)"
Septembre 2026;74;K;K74;Loisirs;
Septembre 2026;75;A;A75;;"=IF(AND(NOT(ISBLANK(G74)),ISBLANK(G75)),""Reste prévu"","""")"
Septembre 2026;75;B;B75;;"=IF(AND(NOT(ISBLANK($G74)),ISBLANK($G75)),$C$42-$F$40-$F$42,"""")"
Septembre 2026;75;C;C75;;"=IF(AND(NOT(ISBLANK($G74)),ISBLANK($G75)),""Reste réel"","""")"
Septembre 2026;75;D;D75;;"=IF(AND(NOT(ISBLANK($G74)),ISBLANK($G75)),$C$42-$H$40-$F$42,"""")"
Septembre 2026;75;J;J75;0;"=IF(I75=""x"",H75,0)"
Septembre 2026;75;K;K75;Medical;
Septembre 2026;76;A;A76;;"=IF(AND(NOT(ISBLANK(G75)),ISBLANK(G76)),""Reste prévu"","""")"
Septembre 2026;76;B;B76;;"=IF(AND(NOT(ISBLANK($G75)),ISBLANK($G76)),$C$42-$F$40-$F$42,"""")"
Septembre 2026;76;C;C76;;"=IF(AND(NOT(ISBLANK($G75)),ISBLANK($G76)),""Reste réel"","""")"
Septembre 2026;76;D;D76;;"=IF(AND(NOT(ISBLANK($G75)),ISBLANK($G76)),$C$42-$H$40-$F$42,"""")"
Septembre 2026;76;J;J76;0;"=IF(I76=""x"",H76,0)"
Septembre 2026;76;K;K76;Loisirs;
Septembre 2026;77;A;A77;;"=IF(AND(NOT(ISBLANK(G76)),ISBLANK(G77)),""Reste prévu"","""")"
Septembre 2026;77;B;B77;;"=IF(AND(NOT(ISBLANK($G76)),ISBLANK($G77)),$C$42-$F$40-$F$42,"""")"
Septembre 2026;77;C;C77;;"=IF(AND(NOT(ISBLANK($G76)),ISBLANK($G77)),""Reste réel"","""")"
Septembre 2026;77;D;D77;;"=IF(AND(NOT(ISBLANK($G76)),ISBLANK($G77)),$C$42-$H$40-$F$42,"""")"
Septembre 2026;77;J;J77;0;"=IF(I77=""x"",H77,0)"
Septembre 2026;77;K;K77;Loisirs;
Septembre 2026;78;A;A78;;"=IF(AND(NOT(ISBLANK(G77)),ISBLANK(G78)),""Reste prévu"","""")"
Septembre 2026;78;B;B78;;"=IF(AND(NOT(ISBLANK($G77)),ISBLANK($G78)),$C$42-$F$40-$F$42,"""")"
Septembre 2026;78;C;C78;;"=IF(AND(NOT(ISBLANK($G77)),ISBLANK($G78)),""Reste réel"","""")"
Septembre 2026;78;D;D78;;"=IF(AND(NOT(ISBLANK($G77)),ISBLANK($G78)),$C$42-$H$40-$F$42,"""")"
Septembre 2026;78;J;J78;0;"=IF(I78=""x"",H78,0)"
Septembre 2026;78;K;K78;Courses;
Septembre 2026;79;J;J79;0;"=IF(I79=""x"",H79,0)"
Septembre 2026;79;K;K79;Medical;
Septembre 2026;80;A;A80;;"=IF(AND(NOT(ISBLANK(G78)),ISBLANK(G80)),""Reste prévu"","""")"
Septembre 2026;80;B;B80;;"=IF(AND(NOT(ISBLANK($G78)),ISBLANK($G80)),$C$42-$F$40-$F$42,"""")"
Septembre 2026;80;C;C80;;"=IF(AND(NOT(ISBLANK($G78)),ISBLANK($G80)),""Reste réel"","""")"
Septembre 2026;80;D;D80;;"=IF(AND(NOT(ISBLANK($G78)),ISBLANK($G80)),$C$42-$H$40-$F$42,"""")"
Septembre 2026;80;J;J80;0;"=IF(I80=""x"",H80,0)"
Septembre 2026;80;K;K80;Courses;
Septembre 2026;81;A;A81;;"=IF(AND(NOT(ISBLANK(G80)),ISBLANK(G81)),""Reste prévu"","""")"
Septembre 2026;81;B;B81;;"=IF(AND(NOT(ISBLANK($G80)),ISBLANK($G81)),$C$42-$F$40-$F$42,"""")"
Septembre 2026;81;C;C81;;"=IF(AND(NOT(ISBLANK($G80)),ISBLANK($G81)),""Reste réel"","""")"
Septembre 2026;81;D;D81;;"=IF(AND(NOT(ISBLANK($G80)),ISBLANK($G81)),$C$42-$H$40-$F$42,"""")"
Septembre 2026;81;J;J81;0;"=IF(I81=""x"",H81,0)"
Septembre 2026;81;K;K81;Courses;
Septembre 2026;82;A;A82;;"=IF(AND(NOT(ISBLANK(G81)),ISBLANK(G82)),""Reste prévu"","""")"
Septembre 2026;82;B;B82;;"=IF(AND(NOT(ISBLANK($G81)),ISBLANK($G82)),$C$42-$F$40-$F$42,"""")"
Septembre 2026;82;C;C82;;"=IF(AND(NOT(ISBLANK($G81)),ISBLANK($G82)),""Reste réel"","""")"
Septembre 2026;82;D;D82;;"=IF(AND(NOT(ISBLANK($G81)),ISBLANK($G82)),$C$42-$H$40-$F$42,"""")"
Septembre 2026;82;J;J82;0;"=IF(I82=""x"",H82,0)"
Septembre 2026;82;K;K82;Courses;
Septembre 2026;83;A;A83;;"=IF(AND(NOT(ISBLANK(G82)),ISBLANK(G83)),""Reste prévu"","""")"
Septembre 2026;83;B;B83;;"=IF(AND(NOT(ISBLANK($G82)),ISBLANK($G83)),$C$42-$F$40-$F$42,"""")"
Septembre 2026;83;C;C83;;"=IF(AND(NOT(ISBLANK($G82)),ISBLANK($G83)),""Reste réel"","""")"
Septembre 2026;83;D;D83;;"=IF(AND(NOT(ISBLANK($G82)),ISBLANK($G83)),$C$42-$H$40-$F$42,"""")"
Septembre 2026;83;J;J83;0;"=IF(I83=""x"",H83,0)"
Septembre 2026;83;K;K83;Divers;
Septembre 2026;84;A;A84;;"=IF(AND(NOT(ISBLANK(G83)),ISBLANK(G84)),""Reste prévu"","""")"
Septembre 2026;84;B;B84;;"=IF(AND(NOT(ISBLANK($G83)),ISBLANK($G84)),$C$42-$F$40-$F$42,"""")"
Septembre 2026;84;C;C84;;"=IF(AND(NOT(ISBLANK($G83)),ISBLANK($G84)),""Reste réel"","""")"
Septembre 2026;84;D;D84;;"=IF(AND(NOT(ISBLANK($G83)),ISBLANK($G84)),$C$42-$H$40-$F$42,"""")"
Septembre 2026;84;J;J84;0;"=IF(I84=""x"",H84,0)"
Septembre 2026;84;K;K84;Courses;
Septembre 2026;85;A;A85;;"=IF(AND(NOT(ISBLANK(G84)),ISBLANK(G85)),""Reste prévu"","""")"
Septembre 2026;85;B;B85;;"=IF(AND(NOT(ISBLANK($G84)),ISBLANK($G85)),$C$42-$F$40-$F$42,"""")"
Septembre 2026;85;C;C85;;"=IF(AND(NOT(ISBLANK($G84)),ISBLANK($G85)),""Reste réel"","""")"
Septembre 2026;85;D;D85;;"=IF(AND(NOT(ISBLANK($G84)),ISBLANK($G85)),$C$42-$H$40-$F$42,"""")"
Septembre 2026;85;J;J85;0;"=IF(I85=""x"",H85,0)"
Septembre 2026;85;K;K85;Courses;
Septembre 2026;86;A;A86;;"=IF(AND(NOT(ISBLANK(G85)),ISBLANK(G86)),""Reste prévu"","""")"
Septembre 2026;86;B;B86;;"=IF(AND(NOT(ISBLANK($G85)),ISBLANK($G86)),$C$42-$F$40-$F$42,"""")"
Septembre 2026;86;C;C86;;"=IF(AND(NOT(ISBLANK($G85)),ISBLANK($G86)),""Reste réel"","""")"
Septembre 2026;86;D;D86;;"=IF(AND(NOT(ISBLANK($G85)),ISBLANK($G86)),$C$42-$H$40-$F$42,"""")"
Septembre 2026;86;J;J86;0;"=IF(I86=""x"",H86,0)"
Septembre 2026;86;K;K86;Courses;
Septembre 2026;87;A;A87;;"=IF(AND(NOT(ISBLANK(G86)),ISBLANK(G87)),""Reste prévu"","""")"
Septembre 2026;87;B;B87;;"=IF(AND(NOT(ISBLANK($G86)),ISBLANK($G87)),$C$42-$F$40-$F$42,"""")"
Septembre 2026;87;C;C87;;"=IF(AND(NOT(ISBLANK($G86)),ISBLANK($G87)),""Reste réel"","""")"
Septembre 2026;87;D;D87;;"=IF(AND(NOT(ISBLANK($G86)),ISBLANK($G87)),$C$42-$H$40-$F$42,"""")"
Septembre 2026;87;J;J87;0;"=IF(I87=""x"",H87,0)"
Septembre 2026;87;K;K87;Medical;
Septembre 2026;88;A;A88;;"=IF(AND(NOT(ISBLANK(G87)),ISBLANK(G88)),""Reste prévu"","""")"
Septembre 2026;88;B;B88;;"=IF(AND(NOT(ISBLANK($G87)),ISBLANK($G88)),$C$42-$F$40-$F$42,"""")"
Septembre 2026;88;C;C88;;"=IF(AND(NOT(ISBLANK($G87)),ISBLANK($G88)),""Reste réel"","""")"
Septembre 2026;88;D;D88;;"=IF(AND(NOT(ISBLANK($G87)),ISBLANK($G88)),$C$42-$H$40-$F$42,"""")"
Septembre 2026;88;J;J88;0;"=IF(I88=""x"",H88,0)"
Septembre 2026;88;K;K88;Loisirs;
Septembre 2026;89;A;A89;;"=IF(AND(NOT(ISBLANK(G88)),ISBLANK(G89)),""Reste prévu"","""")"
Septembre 2026;89;B;B89;;"=IF(AND(NOT(ISBLANK($G88)),ISBLANK($G89)),$C$42-$F$40-$F$42,"""")"
Septembre 2026;89;C;C89;;"=IF(AND(NOT(ISBLANK($G88)),ISBLANK($G89)),""Reste réel"","""")"
Septembre 2026;89;D;D89;;"=IF(AND(NOT(ISBLANK($G88)),ISBLANK($G89)),$C$42-$H$40-$F$42,"""")"
Septembre 2026;89;J;J89;0;"=IF(I89=""x"",H89,0)"
Septembre 2026;89;K;K89;Courses;
Septembre 2026;90;A;A90;;"=IF(AND(NOT(ISBLANK(G89)),ISBLANK(G90)),""Reste prévu"","""")"
Septembre 2026;90;B;B90;;"=IF(AND(NOT(ISBLANK($G89)),ISBLANK($G90)),$C$42-$F$40-$F$42,"""")"
Septembre 2026;90;C;C90;;"=IF(AND(NOT(ISBLANK($G89)),ISBLANK($G90)),""Reste réel"","""")"
Septembre 2026;90;D;D90;;"=IF(AND(NOT(ISBLANK($G89)),ISBLANK($G90)),$C$42-$H$40-$F$42,"""")"
Septembre 2026;90;J;J90;0;"=IF(I90=""x"",H90,0)"
Septembre 2026;90;K;K90;Courses;
Septembre 2026;91;A;A91;;"=IF(AND(NOT(ISBLANK(G90)),ISBLANK(G91)),""Reste prévu"","""")"
Septembre 2026;91;B;B91;;"=IF(AND(NOT(ISBLANK($G90)),ISBLANK($G91)),$C$42-$F$40-$F$42,"""")"
Septembre 2026;91;C;C91;;"=IF(AND(NOT(ISBLANK($G90)),ISBLANK($G91)),""Reste réel"","""")"
Septembre 2026;91;D;D91;;"=IF(AND(NOT(ISBLANK($G90)),ISBLANK($G91)),$C$42-$H$40-$F$42,"""")"
Septembre 2026;91;J;J91;0;"=IF(I91=""x"",H91,0)"
Septembre 2026;91;K;K91;Courses;
Septembre 2026;92;A;A92;;"=IF(AND(NOT(ISBLANK(G91)),ISBLANK(G92)),""Reste prévu"","""")"
Septembre 2026;92;B;B92;;"=IF(AND(NOT(ISBLANK($G91)),ISBLANK($G92)),$C$42-$F$40-$F$42,"""")"
Septembre 2026;92;C;C92;;"=IF(AND(NOT(ISBLANK($G91)),ISBLANK($G92)),""Reste réel"","""")"
Septembre 2026;92;D;D92;;"=IF(AND(NOT(ISBLANK($G91)),ISBLANK($G92)),$C$42-$H$40-$F$42,"""")"
Septembre 2026;92;J;J92;0;"=IF(I92=""x"",H92,0)"
Septembre 2026;92;K;K92;Scolarité;
Septembre 2026;93;A;A93;;"=IF(AND(NOT(ISBLANK(G92)),ISBLANK(G93)),""Reste prévu"","""")"
Septembre 2026;93;B;B93;;"=IF(AND(NOT(ISBLANK($G92)),ISBLANK($G93)),$C$42-$F$40-$F$42,"""")"
Septembre 2026;93;C;C93;;"=IF(AND(NOT(ISBLANK($G92)),ISBLANK($G93)),""Reste réel"","""")"
Septembre 2026;93;D;D93;;"=IF(AND(NOT(ISBLANK($G92)),ISBLANK($G93)),$C$42-$H$40-$F$42,"""")"
Septembre 2026;93;J;J93;0;"=IF(I93=""x"",H93,0)"
Septembre 2026;93;K;K93;Scolarité;
Septembre 2026;94;A;A94;;"=IF(AND(NOT(ISBLANK(G93)),ISBLANK(G94)),""Reste prévu"","""")"
Septembre 2026;94;B;B94;;"=IF(AND(NOT(ISBLANK($G93)),ISBLANK($G94)),$C$42-$F$40-$F$42,"""")"
Septembre 2026;94;C;C94;;"=IF(AND(NOT(ISBLANK($G93)),ISBLANK($G94)),""Reste réel"","""")"
Septembre 2026;94;D;D94;;"=IF(AND(NOT(ISBLANK($G93)),ISBLANK($G94)),$C$42-$H$40-$F$42,"""")"
Septembre 2026;94;J;J94;0;"=IF(I94=""x"",H94,0)"
Septembre 2026;94;K;K94;Divers;
Septembre 2026;95;A;A95;;"=IF(AND(NOT(ISBLANK(G94)),ISBLANK(G95)),""Reste prévu"","""")"
Septembre 2026;95;B;B95;;"=IF(AND(NOT(ISBLANK($G94)),ISBLANK($G95)),$C$42-$F$40-$F$42,"""")"
Septembre 2026;95;C;C95;;"=IF(AND(NOT(ISBLANK($G94)),ISBLANK($G95)),""Reste réel"","""")"
Septembre 2026;95;D;D95;;"=IF(AND(NOT(ISBLANK($G94)),ISBLANK($G95)),$C$42-$H$40-$F$42,"""")"
Septembre 2026;95;J;J95;0;"=IF(I95=""x"",H95,0)"
Septembre 2026;95;K;K95;Courses;
Septembre 2026;96;A;A96;;"=IF(AND(NOT(ISBLANK(G95)),ISBLANK(G96)),""Reste prévu"","""")"
Septembre 2026;96;B;B96;;"=IF(AND(NOT(ISBLANK($G95)),ISBLANK($G96)),$C$42-$F$40-$F$42,"""")"
Septembre 2026;96;C;C96;;"=IF(AND(NOT(ISBLANK($G95)),ISBLANK($G96)),""Reste réel"","""")"
Septembre 2026;96;D;D96;;"=IF(AND(NOT(ISBLANK($G95)),ISBLANK($G96)),$C$42-$H$40-$F$42,"""")"
Septembre 2026;96;J;J96;0;"=IF(I96=""x"",H96,0)"
Septembre 2026;96;K;K96;Courses;
Septembre 2026;97;A;A97;;"=IF(AND(NOT(ISBLANK(G96)),ISBLANK(G97)),""Reste prévu"","""")"
Septembre 2026;97;B;B97;;"=IF(AND(NOT(ISBLANK($G96)),ISBLANK($G97)),$C$42-$F$40-$F$42,"""")"
Septembre 2026;97;C;C97;;"=IF(AND(NOT(ISBLANK($G96)),ISBLANK($G97)),""Reste réel"","""")"
Septembre 2026;97;D;D97;;"=IF(AND(NOT(ISBLANK($G96)),ISBLANK($G97)),$C$42-$H$40-$F$42,"""")"
Septembre 2026;97;J;J97;0;"=IF(I97=""x"",H97,0)"
Septembre 2026;97;K;K97;Courses;
Septembre 2026;98;A;A98;;"=IF(AND(NOT(ISBLANK(G97)),ISBLANK(G98)),""Reste prévu"","""")"
Septembre 2026;98;B;B98;;"=IF(AND(NOT(ISBLANK($G97)),ISBLANK($G98)),$C$42-$F$40-$F$42,"""")"
Septembre 2026;98;C;C98;;"=IF(AND(NOT(ISBLANK($G97)),ISBLANK($G98)),""Reste réel"","""")"
Septembre 2026;98;D;D98;;"=IF(AND(NOT(ISBLANK($G97)),ISBLANK($G98)),$C$42-$H$40-$F$42,"""")"
Septembre 2026;98;J;J98;0;"=IF(I98=""x"",H98,0)"
Septembre 2026;98;K;K98;Courses;
Septembre 2026;99;A;A99;;"=IF(AND(NOT(ISBLANK(G98)),ISBLANK(G99)),""Reste prévu"","""")"
Septembre 2026;99;B;B99;;"=IF(AND(NOT(ISBLANK($G98)),ISBLANK($G99)),$C$42-$F$40-$F$42,"""")"
Septembre 2026;99;C;C99;;"=IF(AND(NOT(ISBLANK($G98)),ISBLANK($G99)),""Reste réel"","""")"
Septembre 2026;99;D;D99;;"=IF(AND(NOT(ISBLANK($G98)),ISBLANK($G99)),$C$42-$H$40-$F$42,"""")"
Septembre 2026;99;J;J99;0;"=IF(I99=""x"",H99,0)"
Septembre 2026;99;K;K99;Charges;
Septembre 2026;100;A;A100;;"=IF(AND(NOT(ISBLANK(G99)),ISBLANK(G100)),""Reste prévu"","""")"
Septembre 2026;100;B;B100;;"=IF(AND(NOT(ISBLANK($G99)),ISBLANK($G100)),$C$42-$F$40-$F$42,"""")"
Septembre 2026;100;C;C100;;"=IF(AND(NOT(ISBLANK($G99)),ISBLANK($G100)),""Reste réel"","""")"
Septembre 2026;100;D;D100;;"=IF(AND(NOT(ISBLANK($G99)),ISBLANK($G100)),$C$42-$H$40-$F$42,"""")"
Septembre 2026;100;J;J100;0;"=IF(I100=""x"",H100,0)"
Septembre 2026;100;K;K100;Courses;
Septembre 2026;101;A;A101;;"=IF(AND(NOT(ISBLANK(G100)),ISBLANK(G101)),""Reste prévu"","""")"
Septembre 2026;101;B;B101;;"=IF(AND(NOT(ISBLANK($G100)),ISBLANK($G101)),$C$42-$F$40-$F$42,"""")"
Septembre 2026;101;C;C101;;"=IF(AND(NOT(ISBLANK($G100)),ISBLANK($G101)),""Reste réel"","""")"
Septembre 2026;101;D;D101;;"=IF(AND(NOT(ISBLANK($G100)),ISBLANK($G101)),$C$42-$H$40-$F$42,"""")"
Septembre 2026;101;J;J101;0;"=IF(I101=""x"",H101,0)"
Septembre 2026;101;K;K101;Courses;
Septembre 2026;102;A;A102;;"=IF(AND(NOT(ISBLANK(G101)),ISBLANK(G102)),""Reste prévu"","""")"
Septembre 2026;102;B;B102;;"=IF(AND(NOT(ISBLANK($G101)),ISBLANK($G102)),$C$42-$F$40-$F$42,"""")"
Septembre 2026;102;C;C102;;"=IF(AND(NOT(ISBLANK($G101)),ISBLANK($G102)),""Reste réel"","""")"
Septembre 2026;102;D;D102;;"=IF(AND(NOT(ISBLANK($G101)),ISBLANK($G102)),$C$42-$H$40-$F$42,"""")"
Septembre 2026;102;J;J102;0;"=IF(I102=""x"",H102,0)"
Septembre 2026;102;K;K102;Charges;
Septembre 2026;103;A;A103;;"=IF(AND(NOT(ISBLANK(G102)),ISBLANK(G103)),""Reste prévu"","""")"
Septembre 2026;103;B;B103;;"=IF(AND(NOT(ISBLANK($G102)),ISBLANK($G103)),$C$42-$F$40-$F$42,"""")"
Septembre 2026;103;C;C103;;"=IF(AND(NOT(ISBLANK($G102)),ISBLANK($G103)),""Reste réel"","""")"
Septembre 2026;103;D;D103;;"=IF(AND(NOT(ISBLANK($G102)),ISBLANK($G103)),$C$42-$H$40-$F$42,"""")"
Septembre 2026;103;J;J103;0;"=IF(I103=""x"",H103,0)"
Septembre 2026;103;K;K103;Divers;
Septembre 2026;104;A;A104;;"=IF(AND(NOT(ISBLANK(G103)),ISBLANK(G104)),""Reste prévu"","""")"
Septembre 2026;104;B;B104;;"=IF(AND(NOT(ISBLANK($G103)),ISBLANK($G104)),$C$42-$F$40-$F$42,"""")"
Septembre 2026;104;C;C104;;"=IF(AND(NOT(ISBLANK($G103)),ISBLANK($G104)),""Reste réel"","""")"
Septembre 2026;104;D;D104;;"=IF(AND(NOT(ISBLANK($G103)),ISBLANK($G104)),$C$42-$H$40-$F$42,"""")"
Septembre 2026;104;J;J104;0;"=IF(I104=""x"",H104,0)"
Septembre 2026;104;K;K104;Vêtements;
Septembre 2026;105;A;A105;;"=IF(AND(NOT(ISBLANK(G104)),ISBLANK(G105)),""Reste prévu"","""")"
Septembre 2026;105;B;B105;;"=IF(AND(NOT(ISBLANK($G104)),ISBLANK($G105)),$C$42-$F$40-$F$42,"""")"
Septembre 2026;105;C;C105;;"=IF(AND(NOT(ISBLANK($G104)),ISBLANK($G105)),""Reste réel"","""")"
Septembre 2026;105;D;D105;;"=IF(AND(NOT(ISBLANK($G104)),ISBLANK($G105)),$C$42-$H$40-$F$42,"""")"
Septembre 2026;105;J;J105;0;"=IF(I105=""x"",H105,0)"
Septembre 2026;105;K;K105;Bricolage/Travaux;
Septembre 2026;106;A;A106;;"=IF(AND(NOT(ISBLANK(G105)),ISBLANK(G106)),""Reste prévu"","""")"
Septembre 2026;106;B;B106;;"=IF(AND(NOT(ISBLANK($G105)),ISBLANK($G106)),$C$42-$F$40-$F$42,"""")"
Septembre 2026;106;C;C106;;"=IF(AND(NOT(ISBLANK($G105)),ISBLANK($G106)),""Reste réel"","""")"
Septembre 2026;106;D;D106;;"=IF(AND(NOT(ISBLANK($G105)),ISBLANK($G106)),$C$42-$H$40-$F$42,"""")"
Septembre 2026;106;J;J106;0;"=IF(I106=""x"",H106,0)"
Septembre 2026;106;K;K106;Courses;
Septembre 2026;107;A;A107;;"=IF(AND(NOT(ISBLANK(G106)),ISBLANK(G107)),""Reste prévu"","""")"
Septembre 2026;107;B;B107;;"=IF(AND(NOT(ISBLANK($G106)),ISBLANK($G107)),$C$42-$F$40-$F$42,"""")"
Septembre 2026;107;C;C107;;"=IF(AND(NOT(ISBLANK($G106)),ISBLANK($G107)),""Reste réel"","""")"
Septembre 2026;107;D;D107;;"=IF(AND(NOT(ISBLANK($G106)),ISBLANK($G107)),$C$42-$H$40-$F$42,"""")"
Septembre 2026;107;J;J107;0;"=IF(I107=""x"",H107,0)"
Septembre 2026;107;K;K107;Courses;
Septembre 2026;108;A;A108;;"=IF(AND(NOT(ISBLANK(G107)),ISBLANK(G108)),""Reste prévu"","""")"
Septembre 2026;108;B;B108;;"=IF(AND(NOT(ISBLANK($G107)),ISBLANK($G108)),$C$42-$F$40-$F$42,"""")"
Septembre 2026;108;C;C108;;"=IF(AND(NOT(ISBLANK($G107)),ISBLANK($G108)),""Reste réel"","""")"
Septembre 2026;108;D;D108;;"=IF(AND(NOT(ISBLANK($G107)),ISBLANK($G108)),$C$42-$H$40-$F$42,"""")"
Septembre 2026;108;J;J108;0;"=IF(I108=""x"",H108,0)"
Septembre 2026;108;K;K108;Courses;
Septembre 2026;109;A;A109;;"=IF(AND(NOT(ISBLANK(G108)),ISBLANK(G109)),""Reste prévu"","""")"
Septembre 2026;109;B;B109;;"=IF(AND(NOT(ISBLANK($G108)),ISBLANK($G109)),$C$42-$F$40-$F$42,"""")"
Septembre 2026;109;C;C109;;"=IF(AND(NOT(ISBLANK($G108)),ISBLANK($G109)),""Reste réel"","""")"
Septembre 2026;109;D;D109;;"=IF(AND(NOT(ISBLANK($G108)),ISBLANK($G109)),$C$42-$H$40-$F$42,"""")"
Septembre 2026;109;J;J109;0;"=IF(I109=""x"",H109,0)"
Septembre 2026;109;K;K109;Bricolage/Travaux;
Septembre 2026;110;A;A110;;"=IF(AND(NOT(ISBLANK(G109)),ISBLANK(G110)),""Reste prévu"","""")"
Septembre 2026;110;B;B110;;"=IF(AND(NOT(ISBLANK($G109)),ISBLANK($G110)),$C$42-$F$40-$F$42,"""")"
Septembre 2026;110;C;C110;;"=IF(AND(NOT(ISBLANK($G109)),ISBLANK($G110)),""Reste réel"","""")"
Septembre 2026;110;D;D110;;"=IF(AND(NOT(ISBLANK($G109)),ISBLANK($G110)),$C$42-$H$40-$F$42,"""")"
Septembre 2026;110;J;J110;0;"=IF(I110=""x"",H110,0)"
Septembre 2026;110;K;K110;Bricolage/Travaux;
Septembre 2026;111;A;A111;;"=IF(AND(NOT(ISBLANK(G110)),ISBLANK(G111)),""Reste prévu"","""")"
Septembre 2026;111;B;B111;;"=IF(AND(NOT(ISBLANK($G110)),ISBLANK($G111)),$C$42-$F$40-$F$42,"""")"
Septembre 2026;111;C;C111;;"=IF(AND(NOT(ISBLANK($G110)),ISBLANK($G111)),""Reste réel"","""")"
Septembre 2026;111;D;D111;;"=IF(AND(NOT(ISBLANK($G110)),ISBLANK($G111)),$C$42-$H$40-$F$42,"""")"
Septembre 2026;111;J;J111;0;"=IF(I111=""x"",H111,0)"
Septembre 2026;111;K;K111;Courses;
Septembre 2026;112;A;A112;;"=IF(AND(NOT(ISBLANK(G111)),ISBLANK(G112)),""Reste prévu"","""")"
Septembre 2026;112;B;B112;;"=IF(AND(NOT(ISBLANK($G111)),ISBLANK($G112)),$C$42-$F$40-$F$42,"""")"
Septembre 2026;112;C;C112;;"=IF(AND(NOT(ISBLANK($G111)),ISBLANK($G112)),""Reste réel"","""")"
Septembre 2026;112;D;D112;;"=IF(AND(NOT(ISBLANK($G111)),ISBLANK($G112)),$C$42-$H$40-$F$42,"""")"
Septembre 2026;112;J;J112;0;"=IF(I112=""x"",H112,0)"
Septembre 2026;112;K;K112;Loisirs;
Septembre 2026;113;A;A113;;"=IF(AND(NOT(ISBLANK(G112)),ISBLANK(G113)),""Reste prévu"","""")"
Septembre 2026;113;B;B113;;"=IF(AND(NOT(ISBLANK($G112)),ISBLANK($G113)),$C$42-$F$40-$F$42,"""")"
Septembre 2026;113;C;C113;;"=IF(AND(NOT(ISBLANK($G112)),ISBLANK($G113)),""Reste réel"","""")"
Septembre 2026;113;D;D113;;"=IF(AND(NOT(ISBLANK($G112)),ISBLANK($G113)),$C$42-$H$40-$F$42,"""")"
Septembre 2026;113;J;J113;0;"=IF(I113=""x"",H113,0)"
Septembre 2026;113;K;K113;Divers;
Septembre 2026;114;A;A114;;"=IF(AND(NOT(ISBLANK(G113)),ISBLANK(G114)),""Reste prévu"","""")"
Septembre 2026;114;B;B114;;"=IF(AND(NOT(ISBLANK($G113)),ISBLANK($G114)),$C$42-$F$40-$F$42,"""")"
Septembre 2026;114;C;C114;;"=IF(AND(NOT(ISBLANK($G113)),ISBLANK($G114)),""Reste réel"","""")"
Septembre 2026;114;D;D114;;"=IF(AND(NOT(ISBLANK($G113)),ISBLANK($G114)),$C$42-$H$40-$F$42,"""")"
Septembre 2026;114;J;J114;0;"=IF(I114=""x"",H114,0)"
Septembre 2026;114;K;K114;Voiture/Déplacement;
Septembre 2026;115;A;A115;;"=IF(AND(NOT(ISBLANK(G114)),ISBLANK(G115)),""Reste prévu"","""")"
Septembre 2026;115;B;B115;;"=IF(AND(NOT(ISBLANK($G114)),ISBLANK($G115)),$C$42-$F$40-$F$42,"""")"
Septembre 2026;115;C;C115;;"=IF(AND(NOT(ISBLANK($G114)),ISBLANK($G115)),""Reste réel"","""")"
Septembre 2026;115;D;D115;;"=IF(AND(NOT(ISBLANK($G114)),ISBLANK($G115)),$C$42-$H$40-$F$42,"""")"
Septembre 2026;115;J;J115;0;"=IF(I115=""x"",H115,0)"
Septembre 2026;115;K;K115;Voiture/Déplacement;
Septembre 2026;116;A;A116;;"=IF(AND(NOT(ISBLANK(G115)),ISBLANK(G116)),""Reste prévu"","""")"
Septembre 2026;116;B;B116;;"=IF(AND(NOT(ISBLANK($G115)),ISBLANK($G116)),$C$42-$F$40-$F$42,"""")"
Septembre 2026;116;C;C116;;"=IF(AND(NOT(ISBLANK($G115)),ISBLANK($G116)),""Reste réel"","""")"
Septembre 2026;116;D;D116;;"=IF(AND(NOT(ISBLANK($G115)),ISBLANK($G116)),$C$42-$H$40-$F$42,"""")"
Septembre 2026;116;J;J116;0;"=IF(I116=""x"",H116,0)"
Septembre 2026;116;K;K116;Courses;
Septembre 2026;117;A;A117;;"=IF(AND(NOT(ISBLANK(G116)),ISBLANK(G117)),""Reste prévu"","""")"
Septembre 2026;117;B;B117;;"=IF(AND(NOT(ISBLANK($G116)),ISBLANK($G117)),$C$42-$F$40-$F$42,"""")"
Septembre 2026;117;C;C117;;"=IF(AND(NOT(ISBLANK($G116)),ISBLANK($G117)),""Reste réel"","""")"
Septembre 2026;117;D;D117;;"=IF(AND(NOT(ISBLANK($G116)),ISBLANK($G117)),$C$42-$H$40-$F$42,"""")"
Septembre 2026;117;J;J117;0;"=IF(I117=""x"",H117,0)"
Septembre 2026;117;K;K117;Vêtements;
Septembre 2026;118;A;A118;;"=IF(AND(NOT(ISBLANK(G117)),ISBLANK(G118)),""Reste prévu"","""")"
Septembre 2026;118;B;B118;;"=IF(AND(NOT(ISBLANK($G117)),ISBLANK($G118)),$C$42-$F$40-$F$42,"""")"
Septembre 2026;118;C;C118;;"=IF(AND(NOT(ISBLANK($G117)),ISBLANK($G118)),""Reste réel"","""")"
Septembre 2026;118;D;D118;;"=IF(AND(NOT(ISBLANK($G117)),ISBLANK($G118)),$C$42-$H$40-$F$42,"""")"
Septembre 2026;118;J;J118;0;"=IF(I118=""x"",H118,0)"
Septembre 2026;118;K;K118;Loisirs;
Septembre 2026;119;A;A119;;"=IF(AND(NOT(ISBLANK(G118)),ISBLANK(G119)),""Reste prévu"","""")"
Septembre 2026;119;B;B119;;"=IF(AND(NOT(ISBLANK($G118)),ISBLANK($G119)),$C$42-$F$40-$F$42,"""")"
Septembre 2026;119;C;C119;;"=IF(AND(NOT(ISBLANK($G118)),ISBLANK($G119)),""Reste réel"","""")"
Septembre 2026;119;D;D119;;"=IF(AND(NOT(ISBLANK($G118)),ISBLANK($G119)),$C$42-$H$40-$F$42,"""")"
Septembre 2026;119;J;J119;0;"=IF(I119=""x"",H119,0)"
Septembre 2026;119;K;K119;Divers;
Septembre 2026;120;A;A120;;"=IF(AND(NOT(ISBLANK(G119)),ISBLANK(G120)),""Reste prévu"","""")"
Septembre 2026;120;B;B120;;"=IF(AND(NOT(ISBLANK($G119)),ISBLANK($G120)),$C$42-$F$40-$F$42,"""")"
Septembre 2026;120;C;C120;;"=IF(AND(NOT(ISBLANK($G119)),ISBLANK($G120)),""Reste réel"","""")"
Septembre 2026;120;D;D120;;"=IF(AND(NOT(ISBLANK($G119)),ISBLANK($G120)),$C$42-$H$40-$F$42,"""")"
Septembre 2026;120;J;J120;0;"=IF(I120=""x"",H120,0)"
Septembre 2026;120;K;K120;Divers;
Septembre 2026;121;A;A121;;"=IF(AND(NOT(ISBLANK(G120)),ISBLANK(G121)),""Reste prévu"","""")"
Septembre 2026;121;B;B121;;"=IF(AND(NOT(ISBLANK($G120)),ISBLANK($G121)),$C$42-$F$40-$F$42,"""")"
Septembre 2026;121;C;C121;;"=IF(AND(NOT(ISBLANK($G120)),ISBLANK($G121)),""Reste réel"","""")"
Septembre 2026;121;D;D121;;"=IF(AND(NOT(ISBLANK($G120)),ISBLANK($G121)),$C$42-$H$40-$F$42,"""")"
Septembre 2026;121;J;J121;0;"=IF(I121=""x"",H121,0)"
Septembre 2026;121;K;K121;Divers;
Septembre 2026;122;A;A122;;"=IF(AND(NOT(ISBLANK(G121)),ISBLANK(G122)),""Reste prévu"","""")"
Septembre 2026;122;B;B122;;"=IF(AND(NOT(ISBLANK($G121)),ISBLANK($G122)),$C$42-$F$40-$F$42,"""")"
Septembre 2026;122;C;C122;;"=IF(AND(NOT(ISBLANK($G121)),ISBLANK($G122)),""Reste réel"","""")"
Septembre 2026;122;D;D122;;"=IF(AND(NOT(ISBLANK($G121)),ISBLANK($G122)),$C$42-$H$40-$F$42,"""")"
Septembre 2026;122;J;J122;0;"=IF(I122=""x"",H122,0)"
Septembre 2026;122;K;K122;Divers;
Septembre 2026;123;A;A123;;"=IF(AND(NOT(ISBLANK(G122)),ISBLANK(G123)),""Reste prévu"","""")"
Septembre 2026;123;B;B123;;"=IF(AND(NOT(ISBLANK($G122)),ISBLANK($G123)),$C$42-$F$40-$F$42,"""")"
Septembre 2026;123;C;C123;;"=IF(AND(NOT(ISBLANK($G122)),ISBLANK($G123)),""Reste réel"","""")"
Septembre 2026;123;D;D123;;"=IF(AND(NOT(ISBLANK($G122)),ISBLANK($G123)),$C$42-$H$40-$F$42,"""")"
Septembre 2026;123;J;J123;0;"=IF(I123=""x"",H123,0)"
Septembre 2026;123;K;K123;Courses;
Septembre 2026;124;A;A124;;"=IF(AND(NOT(ISBLANK(G123)),ISBLANK(G124)),""Reste prévu"","""")"
Septembre 2026;124;B;B124;;"=IF(AND(NOT(ISBLANK($G123)),ISBLANK($G124)),$C$42-$F$40-$F$42,"""")"
Septembre 2026;124;C;C124;;"=IF(AND(NOT(ISBLANK($G123)),ISBLANK($G124)),""Reste réel"","""")"
Septembre 2026;124;D;D124;;"=IF(AND(NOT(ISBLANK($G123)),ISBLANK($G124)),$C$42-$H$40-$F$42,"""")"
Septembre 2026;124;J;J124;0;"=IF(I124=""x"",H124,0)"
Septembre 2026;124;K;K124;Bricolage/Travaux;
Septembre 2026;125;A;A125;;"=IF(AND(NOT(ISBLANK(G124)),ISBLANK(G125)),""Reste prévu"","""")"
Septembre 2026;125;B;B125;;"=IF(AND(NOT(ISBLANK($G124)),ISBLANK($G125)),$C$42-$F$40-$F$42,"""")"
Septembre 2026;125;C;C125;;"=IF(AND(NOT(ISBLANK($G124)),ISBLANK($G125)),""Reste réel"","""")"
Septembre 2026;125;D;D125;;"=IF(AND(NOT(ISBLANK($G124)),ISBLANK($G125)),$C$42-$H$40-$F$42,"""")"
Septembre 2026;125;J;J125;0;"=IF(I125=""x"",H125,0)"
Septembre 2026;125;K;K125;Bricolage/Travaux;
Septembre 2026;126;A;A126;;"=IF(AND(NOT(ISBLANK(G125)),ISBLANK(G126)),""Reste prévu"","""")"
Septembre 2026;126;B;B126;;"=IF(AND(NOT(ISBLANK($G125)),ISBLANK($G126)),$C$42-$F$40-$F$42,"""")"
Septembre 2026;126;C;C126;;"=IF(AND(NOT(ISBLANK($G125)),ISBLANK($G126)),""Reste réel"","""")"
Septembre 2026;126;D;D126;;"=IF(AND(NOT(ISBLANK($G125)),ISBLANK($G126)),$C$42-$H$40-$F$42,"""")"
Septembre 2026;126;J;J126;0;"=IF(I126=""x"",H126,0)"
Septembre 2026;126;K;K126;Courses;
Septembre 2026;127;A;A127;;"=IF(AND(NOT(ISBLANK(G126)),ISBLANK(G127)),""Reste prévu"","""")"
Septembre 2026;127;B;B127;;"=IF(AND(NOT(ISBLANK($G126)),ISBLANK($G127)),$C$42-$F$40-$F$42,"""")"
Septembre 2026;127;C;C127;;"=IF(AND(NOT(ISBLANK($G126)),ISBLANK($G127)),""Reste réel"","""")"
Septembre 2026;127;D;D127;;"=IF(AND(NOT(ISBLANK($G126)),ISBLANK($G127)),$C$42-$H$40-$F$42,"""")"
Septembre 2026;127;J;J127;0;"=IF(I127=""x"",H127,0)"
Septembre 2026;127;K;K127;Loisirs;
Septembre 2026;128;A;A128;;"=IF(AND(NOT(ISBLANK(G127)),ISBLANK(G128)),""Reste prévu"","""")"
Septembre 2026;128;B;B128;;"=IF(AND(NOT(ISBLANK($G127)),ISBLANK($G128)),$C$42-$F$40-$F$42,"""")"
Septembre 2026;128;C;C128;;"=IF(AND(NOT(ISBLANK($G127)),ISBLANK($G128)),""Reste réel"","""")"
Septembre 2026;128;D;D128;;"=IF(AND(NOT(ISBLANK($G127)),ISBLANK($G128)),$C$42-$H$40-$F$42,"""")"
Septembre 2026;128;J;J128;0;"=IF(I128=""x"",H128,0)"
Septembre 2026;128;K;K128;Courses;
Septembre 2026;129;A;A129;;"=IF(AND(NOT(ISBLANK(G128)),ISBLANK(G129)),""Reste prévu"","""")"
Septembre 2026;129;B;B129;;"=IF(AND(NOT(ISBLANK($G128)),ISBLANK($G129)),$C$42-$F$40-$F$42,"""")"
Septembre 2026;129;C;C129;;"=IF(AND(NOT(ISBLANK($G128)),ISBLANK($G129)),""Reste réel"","""")"
Septembre 2026;129;D;D129;;"=IF(AND(NOT(ISBLANK($G128)),ISBLANK($G129)),$C$42-$H$40-$F$42,"""")"
Septembre 2026;129;J;J129;0;"=IF(I129=""x"",H129,0)"
Septembre 2026;129;K;K129;Courses;
Septembre 2026;130;A;A130;;"=IF(AND(NOT(ISBLANK(G129)),ISBLANK(G130)),""Reste prévu"","""")"
Septembre 2026;130;B;B130;;"=IF(AND(NOT(ISBLANK($G129)),ISBLANK($G130)),$C$42-$F$40-$F$42,"""")"
Septembre 2026;130;C;C130;;"=IF(AND(NOT(ISBLANK($G129)),ISBLANK($G130)),""Reste réel"","""")"
Septembre 2026;130;D;D130;;"=IF(AND(NOT(ISBLANK($G129)),ISBLANK($G130)),$C$42-$H$40-$F$42,"""")"
Septembre 2026;130;J;J130;0;"=IF(I130=""x"",H130,0)"
Septembre 2026;130;K;K130;Courses;
Septembre 2026;131;A;A131;;"=IF(AND(NOT(ISBLANK(G130)),ISBLANK(G131)),""Reste prévu"","""")"
Septembre 2026;131;B;B131;;"=IF(AND(NOT(ISBLANK($G130)),ISBLANK($G131)),$C$42-$F$40-$F$42,"""")"
Septembre 2026;131;C;C131;;"=IF(AND(NOT(ISBLANK($G130)),ISBLANK($G131)),""Reste réel"","""")"
Septembre 2026;131;D;D131;;"=IF(AND(NOT(ISBLANK($G130)),ISBLANK($G131)),$C$42-$H$40-$F$42,"""")"
Septembre 2026;131;J;J131;0;"=IF(I131=""x"",H131,0)"
Septembre 2026;131;K;K131;Divers;
Septembre 2026;132;A;A132;;"=IF(AND(NOT(ISBLANK(G131)),ISBLANK(G132)),""Reste prévu"","""")"
Septembre 2026;132;B;B132;;"=IF(AND(NOT(ISBLANK($G131)),ISBLANK($G132)),$C$42-$F$40-$F$42,"""")"
Septembre 2026;132;C;C132;;"=IF(AND(NOT(ISBLANK($G131)),ISBLANK($G132)),""Reste réel"","""")"
Septembre 2026;132;D;D132;;"=IF(AND(NOT(ISBLANK($G131)),ISBLANK($G132)),$C$42-$H$40-$F$42,"""")"
Septembre 2026;132;J;J132;0;"=IF(I132=""x"",H132,0)"
Septembre 2026;132;K;K132;Medical;
Septembre 2026;133;A;A133;;"=IF(AND(NOT(ISBLANK(G132)),ISBLANK(G133)),""Reste prévu"","""")"
Septembre 2026;133;B;B133;;"=IF(AND(NOT(ISBLANK($G132)),ISBLANK($G133)),$C$42-$F$40-$F$42,"""")"
Septembre 2026;133;C;C133;;"=IF(AND(NOT(ISBLANK($G132)),ISBLANK($G133)),""Reste réel"","""")"
Septembre 2026;133;D;D133;;"=IF(AND(NOT(ISBLANK($G132)),ISBLANK($G133)),$C$42-$H$40-$F$42,"""")"
Septembre 2026;133;J;J133;0;"=IF(I133=""x"",H133,0)"
Septembre 2026;133;K;K133;Courses;
Septembre 2026;134;A;A134;;"=IF(AND(NOT(ISBLANK(G133)),ISBLANK(G134)),""Reste prévu"","""")"
Septembre 2026;134;B;B134;;"=IF(AND(NOT(ISBLANK($G133)),ISBLANK($G134)),$C$42-$F$40-$F$42,"""")"
Septembre 2026;134;C;C134;;"=IF(AND(NOT(ISBLANK($G133)),ISBLANK($G134)),""Reste réel"","""")"
Septembre 2026;134;D;D134;;"=IF(AND(NOT(ISBLANK($G133)),ISBLANK($G134)),$C$42-$H$40-$F$42,"""")"
Septembre 2026;134;J;J134;0;"=IF(I134=""x"",H134,0)"
Septembre 2026;134;K;K134;Loisirs;
Septembre 2026;135;A;A135;;"=IF(AND(NOT(ISBLANK(G134)),ISBLANK(G135)),""Reste prévu"","""")"
Septembre 2026;135;B;B135;;"=IF(AND(NOT(ISBLANK($G134)),ISBLANK($G135)),$C$42-$F$40-$F$42,"""")"
Septembre 2026;135;C;C135;;"=IF(AND(NOT(ISBLANK($G134)),ISBLANK($G135)),""Reste réel"","""")"
Septembre 2026;135;D;D135;;"=IF(AND(NOT(ISBLANK($G134)),ISBLANK($G135)),$C$42-$H$40-$F$42,"""")"
Septembre 2026;135;J;J135;0;"=IF(I135=""x"",H135,0)"
Septembre 2026;135;K;K135;Loisirs;
Septembre 2026;136;A;A136;;"=IF(AND(NOT(ISBLANK(G135)),ISBLANK(G136)),""Reste prévu"","""")"
Septembre 2026;136;B;B136;;"=IF(AND(NOT(ISBLANK($G135)),ISBLANK($G136)),$C$42-$F$40-$F$42,"""")"
Septembre 2026;136;C;C136;;"=IF(AND(NOT(ISBLANK($G135)),ISBLANK($G136)),""Reste réel"","""")"
Septembre 2026;136;D;D136;;"=IF(AND(NOT(ISBLANK($G135)),ISBLANK($G136)),$C$42-$H$40-$F$42,"""")"
Septembre 2026;136;J;J136;0;"=IF(I136=""x"",H136,0)"
Septembre 2026;136;K;K136;Loisirs;
Septembre 2026;137;A;A137;;"=IF(AND(NOT(ISBLANK(G136)),ISBLANK(G137)),""Reste prévu"","""")"
Septembre 2026;137;B;B137;;"=IF(AND(NOT(ISBLANK($G136)),ISBLANK($G137)),$C$42-$F$40-$F$42,"""")"
Septembre 2026;137;C;C137;;"=IF(AND(NOT(ISBLANK($G136)),ISBLANK($G137)),""Reste réel"","""")"
Septembre 2026;137;D;D137;;"=IF(AND(NOT(ISBLANK($G136)),ISBLANK($G137)),$C$42-$H$40-$F$42,"""")"
Septembre 2026;137;J;J137;0;"=IF(I137=""x"",H137,0)"
Septembre 2026;137;K;K137;Loisirs;
Septembre 2026;138;A;A138;;"=IF(AND(NOT(ISBLANK(G137)),ISBLANK(G138)),""Reste prévu"","""")"
Septembre 2026;138;B;B138;;"=IF(AND(NOT(ISBLANK($G137)),ISBLANK($G138)),$C$42-$F$40-$F$42,"""")"
Septembre 2026;138;C;C138;;"=IF(AND(NOT(ISBLANK($G137)),ISBLANK($G138)),""Reste réel"","""")"
Septembre 2026;138;D;D138;;"=IF(AND(NOT(ISBLANK($G137)),ISBLANK($G138)),$C$42-$H$40-$F$42,"""")"
Septembre 2026;138;J;J138;0;"=IF(I138=""x"",H138,0)"
Septembre 2026;138;K;K138;Vêtements;
Septembre 2026;139;A;A139;;"=IF(AND(NOT(ISBLANK(G138)),ISBLANK(G139)),""Reste prévu"","""")"
Septembre 2026;139;B;B139;;"=IF(AND(NOT(ISBLANK($G138)),ISBLANK($G139)),$C$42-$F$40-$F$42,"""")"
Septembre 2026;139;C;C139;;"=IF(AND(NOT(ISBLANK($G138)),ISBLANK($G139)),""Reste réel"","""")"
Septembre 2026;139;D;D139;;"=IF(AND(NOT(ISBLANK($G138)),ISBLANK($G139)),$C$42-$H$40-$F$42,"""")"
Septembre 2026;139;J;J139;0;"=IF(I139=""x"",H139,0)"
Septembre 2026;139;K;K139;Bricolage/Travaux;
Septembre 2026;140;A;A140;;"=IF(AND(NOT(ISBLANK(G139)),ISBLANK(G140)),""Reste prévu"","""")"
Septembre 2026;140;B;B140;;"=IF(AND(NOT(ISBLANK($G139)),ISBLANK($G140)),$C$42-$F$40-$F$42,"""")"
Septembre 2026;140;C;C140;;"=IF(AND(NOT(ISBLANK($G139)),ISBLANK($G140)),""Reste réel"","""")"
Septembre 2026;140;D;D140;;"=IF(AND(NOT(ISBLANK($G139)),ISBLANK($G140)),$C$42-$H$40-$F$42,"""")"
Septembre 2026;140;J;J140;0;"=IF(I140=""x"",H140,0)"
Septembre 2026;140;K;K140;Divers;
Septembre 2026;141;A;A141;;"=IF(AND(NOT(ISBLANK(G140)),ISBLANK(G141)),""Reste prévu"","""")"
Septembre 2026;141;B;B141;;"=IF(AND(NOT(ISBLANK($G140)),ISBLANK($G141)),$C$42-$F$40-$F$42,"""")"
Septembre 2026;141;C;C141;;"=IF(AND(NOT(ISBLANK($G140)),ISBLANK($G141)),""Reste réel"","""")"
Septembre 2026;141;D;D141;;"=IF(AND(NOT(ISBLANK($G140)),ISBLANK($G141)),$C$42-$H$40-$F$42,"""")"
Septembre 2026;141;J;J141;0;"=IF(I141=""x"",H141,0)"
Septembre 2026;141;K;K141;Vêtements;
Septembre 2026;142;A;A142;;"=IF(AND(NOT(ISBLANK(G141)),ISBLANK(G142)),""Reste prévu"","""")"
Septembre 2026;142;B;B142;;"=IF(AND(NOT(ISBLANK($G141)),ISBLANK($G142)),$C$42-$F$40-$F$42,"""")"
Septembre 2026;142;C;C142;;"=IF(AND(NOT(ISBLANK($G141)),ISBLANK($G142)),""Reste réel"","""")"
Septembre 2026;142;D;D142;;"=IF(AND(NOT(ISBLANK($G141)),ISBLANK($G142)),$C$42-$H$40-$F$42,"""")"
Septembre 2026;142;J;J142;0;"=IF(I142=""x"",H142,0)"
Septembre 2026;142;K;K142;Courses;
Septembre 2026;143;A;A143;;"=IF(AND(NOT(ISBLANK(G142)),ISBLANK(G143)),""Reste prévu"","""")"
Septembre 2026;143;B;B143;;"=IF(AND(NOT(ISBLANK($G142)),ISBLANK($G143)),$C$42-$F$40-$F$42,"""")"
Septembre 2026;143;C;C143;;"=IF(AND(NOT(ISBLANK($G142)),ISBLANK($G143)),""Reste réel"","""")"
Septembre 2026;143;D;D143;;"=IF(AND(NOT(ISBLANK($G142)),ISBLANK($G143)),$C$42-$H$40-$F$42,"""")"
Septembre 2026;143;J;J143;0;"=IF(I143=""x"",H143,0)"
Septembre 2026;143;K;K143;Bricolage/Travaux;
Septembre 2026;144;A;A144;;"=IF(AND(NOT(ISBLANK(G143)),ISBLANK(G144)),""Reste prévu"","""")"
Septembre 2026;144;B;B144;;"=IF(AND(NOT(ISBLANK($G143)),ISBLANK($G144)),$C$42-$F$40-$F$42,"""")"
Septembre 2026;144;C;C144;;"=IF(AND(NOT(ISBLANK($G143)),ISBLANK($G144)),""Reste réel"","""")"
Septembre 2026;144;D;D144;;"=IF(AND(NOT(ISBLANK($G143)),ISBLANK($G144)),$C$42-$H$40-$F$42,"""")"
Septembre 2026;144;J;J144;0;"=IF(I144=""x"",H144,0)"
Septembre 2026;144;K;K144;Bricolage/Travaux;
Septembre 2026;145;A;A145;;"=IF(AND(NOT(ISBLANK(G144)),ISBLANK(G145)),""Reste prévu"","""")"
Septembre 2026;145;B;B145;;"=IF(AND(NOT(ISBLANK($G144)),ISBLANK($G145)),$C$42-$F$40-$F$42,"""")"
Septembre 2026;145;C;C145;;"=IF(AND(NOT(ISBLANK($G144)),ISBLANK($G145)),""Reste réel"","""")"
Septembre 2026;145;D;D145;;"=IF(AND(NOT(ISBLANK($G144)),ISBLANK($G145)),$C$42-$H$40-$F$42,"""")"
Septembre 2026;145;J;J145;0;"=IF(I145=""x"",H145,0)"
Septembre 2026;145;K;K145;Bricolage/Travaux;
Septembre 2026;146;A;A146;;"=IF(AND(NOT(ISBLANK(G145)),ISBLANK(G146)),""Reste prévu"","""")"
Septembre 2026;146;B;B146;;"=IF(AND(NOT(ISBLANK($G145)),ISBLANK($G146)),$C$42-$F$40-$F$42,"""")"
Septembre 2026;146;C;C146;;"=IF(AND(NOT(ISBLANK($G145)),ISBLANK($G146)),""Reste réel"","""")"
Septembre 2026;146;D;D146;;"=IF(AND(NOT(ISBLANK($G145)),ISBLANK($G146)),$C$42-$H$40-$F$42,"""")"
Septembre 2026;146;J;J146;0;"=IF(I146=""x"",H146,0)"
Septembre 2026;146;K;K146;Vêtements;
Septembre 2026;147;A;A147;;"=IF(AND(NOT(ISBLANK(G146)),ISBLANK(G147)),""Reste prévu"","""")"
Septembre 2026;147;B;B147;;"=IF(AND(NOT(ISBLANK($G146)),ISBLANK($G147)),$C$42-$F$40-$F$42,"""")"
Septembre 2026;147;C;C147;;"=IF(AND(NOT(ISBLANK($G146)),ISBLANK($G147)),""Reste réel"","""")"
Septembre 2026;147;D;D147;;"=IF(AND(NOT(ISBLANK($G146)),ISBLANK($G147)),$C$42-$H$40-$F$42,"""")"
Septembre 2026;147;J;J147;0;"=IF(I147=""x"",H147,0)"
Septembre 2026;147;K;K147;Courses;
Septembre 2026;148;A;A148;;"=IF(AND(NOT(ISBLANK(G147)),ISBLANK(G148)),""Reste prévu"","""")"
Septembre 2026;148;B;B148;;"=IF(AND(NOT(ISBLANK($G147)),ISBLANK($G148)),$C$42-$F$40-$F$42,"""")"
Septembre 2026;148;C;C148;;"=IF(AND(NOT(ISBLANK($G147)),ISBLANK($G148)),""Reste réel"","""")"
Septembre 2026;148;D;D148;;"=IF(AND(NOT(ISBLANK($G147)),ISBLANK($G148)),$C$42-$H$40-$F$42,"""")"
Septembre 2026;148;J;J148;0;"=IF(I148=""x"",H148,0)"
Septembre 2026;148;K;K148;Loisirs;
Septembre 2026;149;A;A149;;"=IF(AND(NOT(ISBLANK(G148)),ISBLANK(G149)),""Reste prévu"","""")"
Septembre 2026;149;B;B149;;"=IF(AND(NOT(ISBLANK($G148)),ISBLANK($G149)),$C$42-$F$40-$F$42,"""")"
Septembre 2026;149;C;C149;;"=IF(AND(NOT(ISBLANK($G148)),ISBLANK($G149)),""Reste réel"","""")"
Septembre 2026;149;D;D149;;"=IF(AND(NOT(ISBLANK($G148)),ISBLANK($G149)),$C$42-$H$40-$F$42,"""")"
Septembre 2026;149;J;J149;0;"=IF(I149=""x"",H149,0)"
Septembre 2026;149;K;K149;Courses;
Septembre 2026;150;A;A150;;"=IF(AND(NOT(ISBLANK(G149)),ISBLANK(G150)),""Reste prévu"","""")"
Septembre 2026;150;B;B150;;"=IF(AND(NOT(ISBLANK($G149)),ISBLANK($G150)),$C$42-$F$40-$F$42,"""")"
Septembre 2026;150;C;C150;;"=IF(AND(NOT(ISBLANK($G149)),ISBLANK($G150)),""Reste réel"","""")"
Septembre 2026;150;D;D150;;"=IF(AND(NOT(ISBLANK($G149)),ISBLANK($G150)),$C$42-$H$40-$F$42,"""")"
Septembre 2026;150;J;J150;0;"=IF(I150=""x"",H150,0)"
Septembre 2026;150;K;K150;Medical;
Septembre 2026;151;A;A151;;"=IF(AND(NOT(ISBLANK(G150)),ISBLANK(G151)),""Reste prévu"","""")"
Septembre 2026;151;B;B151;;"=IF(AND(NOT(ISBLANK($G150)),ISBLANK($G151)),$C$42-$F$40-$F$42,"""")"
Septembre 2026;151;C;C151;;"=IF(AND(NOT(ISBLANK($G150)),ISBLANK($G151)),""Reste réel"","""")"
Septembre 2026;151;D;D151;;"=IF(AND(NOT(ISBLANK($G150)),ISBLANK($G151)),$C$42-$H$40-$F$42,"""")"
Septembre 2026;151;J;J151;0;"=IF(I151=""x"",H151,0)"
Septembre 2026;151;K;K151;Divers;
Septembre 2026;152;A;A152;;"=IF(AND(NOT(ISBLANK(G151)),ISBLANK(G152)),""Reste prévu"","""")"
Septembre 2026;152;B;B152;;"=IF(AND(NOT(ISBLANK($G151)),ISBLANK($G152)),$C$42-$F$40-$F$42,"""")"
Septembre 2026;152;C;C152;;"=IF(AND(NOT(ISBLANK($G151)),ISBLANK($G152)),""Reste réel"","""")"
Septembre 2026;152;D;D152;;"=IF(AND(NOT(ISBLANK($G151)),ISBLANK($G152)),$C$42-$H$40-$F$42,"""")"
Septembre 2026;152;J;J152;0;"=IF(I152=""x"",H152,0)"
Septembre 2026;152;K;K152;Bricolage/Travaux;
Septembre 2026;153;A;A153;;"=IF(AND(NOT(ISBLANK(G152)),ISBLANK(G153)),""Reste prévu"","""")"
Septembre 2026;153;B;B153;;"=IF(AND(NOT(ISBLANK($G152)),ISBLANK($G153)),$C$42-$F$40-$F$42,"""")"
Septembre 2026;153;C;C153;;"=IF(AND(NOT(ISBLANK($G152)),ISBLANK($G153)),""Reste réel"","""")"
Septembre 2026;153;D;D153;;"=IF(AND(NOT(ISBLANK($G152)),ISBLANK($G153)),$C$42-$H$40-$F$42,"""")"
Septembre 2026;153;J;J153;0;"=IF(I153=""x"",H153,0)"
Septembre 2026;153;K;K153;Loisirs;
Septembre 2026;154;A;A154;;"=IF(AND(NOT(ISBLANK(G153)),ISBLANK(G154)),""Reste prévu"","""")"
Septembre 2026;154;B;B154;;"=IF(AND(NOT(ISBLANK($G153)),ISBLANK($G154)),$C$42-$F$40-$F$42,"""")"
Septembre 2026;154;C;C154;;"=IF(AND(NOT(ISBLANK($G153)),ISBLANK($G154)),""Reste réel"","""")"
Septembre 2026;154;D;D154;;"=IF(AND(NOT(ISBLANK($G153)),ISBLANK($G154)),$C$42-$H$40-$F$42,"""")"
Septembre 2026;154;J;J154;0;"=IF(I154=""x"",H154,0)"
Septembre 2026;154;K;K154;Bricolage/Travaux;
Septembre 2026;155;A;A155;;"=IF(AND(NOT(ISBLANK(G154)),ISBLANK(G155)),""Reste prévu"","""")"
Septembre 2026;155;B;B155;;"=IF(AND(NOT(ISBLANK($G154)),ISBLANK($G155)),$C$42-$F$40-$F$42,"""")"
Septembre 2026;155;C;C155;;"=IF(AND(NOT(ISBLANK($G154)),ISBLANK($G155)),""Reste réel"","""")"
Septembre 2026;155;D;D155;;"=IF(AND(NOT(ISBLANK($G154)),ISBLANK($G155)),$C$42-$H$40-$F$42,"""")"
Septembre 2026;155;J;J155;0;"=IF(I155=""x"",H155,0)"
Septembre 2026;155;K;K155;Charges;
Septembre 2026;156;A;A156;;"=IF(AND(NOT(ISBLANK(G155)),ISBLANK(G156)),""Reste prévu"","""")"
Septembre 2026;156;B;B156;;"=IF(AND(NOT(ISBLANK($G155)),ISBLANK($G156)),$C$42-$F$40-$F$42,"""")"
Septembre 2026;156;C;C156;;"=IF(AND(NOT(ISBLANK($G155)),ISBLANK($G156)),""Reste réel"","""")"
Septembre 2026;156;D;D156;;"=IF(AND(NOT(ISBLANK($G155)),ISBLANK($G156)),$C$42-$H$40-$F$42,"""")"
Septembre 2026;156;J;J156;0;"=IF(I156=""x"",H156,0)"
Septembre 2026;157;A;A157;;"=IF(AND(NOT(ISBLANK(G156)),ISBLANK(G157)),""Reste prévu"","""")"
Septembre 2026;157;B;B157;;"=IF(AND(NOT(ISBLANK($G156)),ISBLANK($G157)),$C$42-$F$40-$F$42,"""")"
Septembre 2026;157;C;C157;;"=IF(AND(NOT(ISBLANK($G156)),ISBLANK($G157)),""Reste réel"","""")"
Septembre 2026;157;D;D157;;"=IF(AND(NOT(ISBLANK($G156)),ISBLANK($G157)),$C$42-$H$40-$F$42,"""")"
Septembre 2026;157;J;J157;0;"=IF(I157=""x"",H157,0)"
Septembre 2026;158;A;A158;;"=IF(AND(NOT(ISBLANK(G157)),ISBLANK(G158)),""Reste prévu"","""")"
Septembre 2026;158;B;B158;;"=IF(AND(NOT(ISBLANK($G157)),ISBLANK($G158)),$C$42-$F$40-$F$42,"""")"
Septembre 2026;158;C;C158;;"=IF(AND(NOT(ISBLANK($G157)),ISBLANK($G158)),""Reste réel"","""")"
Septembre 2026;158;D;D158;;"=IF(AND(NOT(ISBLANK($G157)),ISBLANK($G158)),$C$42-$H$40-$F$42,"""")"
Septembre 2026;158;J;J158;0;"=IF(I158=""x"",H158,0)"
Septembre 2026;159;A;A159;;"=IF(AND(NOT(ISBLANK(G158)),ISBLANK(G159)),""Reste prévu"","""")"
Septembre 2026;159;B;B159;;"=IF(AND(NOT(ISBLANK($G158)),ISBLANK($G159)),$C$42-$F$40-$F$42,"""")"
Septembre 2026;159;C;C159;;"=IF(AND(NOT(ISBLANK($G158)),ISBLANK($G159)),""Reste réel"","""")"
Septembre 2026;159;D;D159;;"=IF(AND(NOT(ISBLANK($G158)),ISBLANK($G159)),$C$42-$H$40-$F$42,"""")"
Septembre 2026;159;J;J159;0;"=IF(I159=""x"",H159,0)"
Septembre 2026;160;A;A160;;"=IF(AND(NOT(ISBLANK(G159)),ISBLANK(G160)),""Reste prévu"","""")"
Septembre 2026;160;B;B160;;"=IF(AND(NOT(ISBLANK($G159)),ISBLANK($G160)),$C$42-$F$40-$F$42,"""")"
Septembre 2026;160;C;C160;;"=IF(AND(NOT(ISBLANK($G159)),ISBLANK($G160)),""Reste réel"","""")"
Septembre 2026;160;D;D160;;"=IF(AND(NOT(ISBLANK($G159)),ISBLANK($G160)),$C$42-$H$40-$F$42,"""")"
Septembre 2026;160;J;J160;0;"=IF(I160=""x"",H160,0)"
Septembre 2026;161;A;A161;;"=IF(AND(NOT(ISBLANK(G160)),ISBLANK(G161)),""Reste prévu"","""")"
Septembre 2026;161;B;B161;;"=IF(AND(NOT(ISBLANK($G160)),ISBLANK($G161)),$C$42-$F$40-$F$42,"""")"
Septembre 2026;161;C;C161;;"=IF(AND(NOT(ISBLANK($G160)),ISBLANK($G161)),""Reste réel"","""")"
Septembre 2026;161;D;D161;;"=IF(AND(NOT(ISBLANK($G160)),ISBLANK($G161)),$C$42-$H$40-$F$42,"""")"
Septembre 2026;161;J;J161;0;"=IF(I161=""x"",H161,0)"
Septembre 2026;162;A;A162;;"=IF(AND(NOT(ISBLANK(G161)),ISBLANK(G162)),""Reste prévu"","""")"
Septembre 2026;162;B;B162;;"=IF(AND(NOT(ISBLANK($G161)),ISBLANK($G162)),$C$42-$F$40-$F$42,"""")"
Septembre 2026;162;C;C162;;"=IF(AND(NOT(ISBLANK($G161)),ISBLANK($G162)),""Reste réel"","""")"
Septembre 2026;162;D;D162;;"=IF(AND(NOT(ISBLANK($G161)),ISBLANK($G162)),$C$42-$H$40-$F$42,"""")"
Septembre 2026;162;J;J162;0;"=IF(I162=""x"",H162,0)"
Septembre 2026;163;A;A163;;"=IF(AND(NOT(ISBLANK(G162)),ISBLANK(G163)),""Reste prévu"","""")"
Septembre 2026;163;B;B163;;"=IF(AND(NOT(ISBLANK($G162)),ISBLANK($G163)),$C$42-$F$40-$F$42,"""")"
Septembre 2026;163;C;C163;;"=IF(AND(NOT(ISBLANK($G162)),ISBLANK($G163)),""Reste réel"","""")"
Septembre 2026;163;D;D163;;"=IF(AND(NOT(ISBLANK($G162)),ISBLANK($G163)),$C$42-$H$40-$F$42,"""")"
Septembre 2026;163;J;J163;0;"=IF(I163=""x"",H163,0)"
Septembre 2026;164;A;A164;;"=IF(AND(NOT(ISBLANK(G163)),ISBLANK(G164)),""Reste prévu"","""")"
Septembre 2026;164;B;B164;;"=IF(AND(NOT(ISBLANK($G163)),ISBLANK($G164)),$C$42-$F$40-$F$42,"""")"
Septembre 2026;164;C;C164;;"=IF(AND(NOT(ISBLANK($G163)),ISBLANK($G164)),""Reste réel"","""")"
Septembre 2026;164;D;D164;;"=IF(AND(NOT(ISBLANK($G163)),ISBLANK($G164)),$C$42-$H$40-$F$42,"""")"
Septembre 2026;164;J;J164;0;"=IF(I164=""x"",H164,0)"
Septembre 2026;165;A;A165;;"=IF(AND(NOT(ISBLANK(G164)),ISBLANK(G165)),""Reste prévu"","""")"
Septembre 2026;165;B;B165;;"=IF(AND(NOT(ISBLANK($G164)),ISBLANK($G165)),$C$42-$F$40-$F$42,"""")"
Septembre 2026;165;C;C165;;"=IF(AND(NOT(ISBLANK($G164)),ISBLANK($G165)),""Reste réel"","""")"
Septembre 2026;165;D;D165;;"=IF(AND(NOT(ISBLANK($G164)),ISBLANK($G165)),$C$42-$H$40-$F$42,"""")"
Septembre 2026;165;J;J165;0;"=IF(I165=""x"",H165,0)"
Septembre 2026;166;A;A166;;"=IF(AND(NOT(ISBLANK(G165)),ISBLANK(G166)),""Reste prévu"","""")"
Septembre 2026;166;B;B166;;"=IF(AND(NOT(ISBLANK($G165)),ISBLANK($G166)),$C$42-$F$40-$F$42,"""")"
Septembre 2026;166;C;C166;;"=IF(AND(NOT(ISBLANK($G165)),ISBLANK($G166)),""Reste réel"","""")"
Septembre 2026;166;D;D166;;"=IF(AND(NOT(ISBLANK($G165)),ISBLANK($G166)),$C$42-$H$40-$F$42,"""")"
Septembre 2026;166;J;J166;0;"=IF(I166=""x"",H166,0)"
Septembre 2026;167;A;A167;;"=IF(AND(NOT(ISBLANK(G166)),ISBLANK(G167)),""Reste prévu"","""")"
Septembre 2026;167;B;B167;;"=IF(AND(NOT(ISBLANK($G166)),ISBLANK($G167)),$C$42-$F$40-$F$42,"""")"
Septembre 2026;167;C;C167;;"=IF(AND(NOT(ISBLANK($G166)),ISBLANK($G167)),""Reste réel"","""")"
Septembre 2026;167;D;D167;;"=IF(AND(NOT(ISBLANK($G166)),ISBLANK($G167)),$C$42-$H$40-$F$42,"""")"
Septembre 2026;167;J;J167;0;"=IF(I167=""x"",H167,0)"
Septembre 2026;168;A;A168;;"=IF(AND(NOT(ISBLANK(G167)),ISBLANK(G168)),""Reste prévu"","""")"
Septembre 2026;168;B;B168;;"=IF(AND(NOT(ISBLANK($G167)),ISBLANK($G168)),$C$42-$F$40-$F$42,"""")"
Septembre 2026;168;C;C168;;"=IF(AND(NOT(ISBLANK($G167)),ISBLANK($G168)),""Reste réel"","""")"
Septembre 2026;168;D;D168;;"=IF(AND(NOT(ISBLANK($G167)),ISBLANK($G168)),$C$42-$H$40-$F$42,"""")"
Septembre 2026;168;J;J168;0;"=IF(I168=""x"",H168,0)"
Septembre 2026;169;A;A169;;"=IF(AND(NOT(ISBLANK(G168)),ISBLANK(G169)),""Reste prévu"","""")"
Septembre 2026;169;B;B169;;"=IF(AND(NOT(ISBLANK($G168)),ISBLANK($G169)),$C$42-$F$40-$F$42,"""")"
Septembre 2026;169;C;C169;;"=IF(AND(NOT(ISBLANK($G168)),ISBLANK($G169)),""Reste réel"","""")"
Septembre 2026;169;D;D169;;"=IF(AND(NOT(ISBLANK($G168)),ISBLANK($G169)),$C$42-$H$40-$F$42,"""")"
Septembre 2026;169;J;J169;0;"=IF(I169=""x"",H169,0)"
Septembre 2026;170;A;A170;;"=IF(AND(NOT(ISBLANK(G169)),ISBLANK(G170)),""Reste prévu"","""")"
Septembre 2026;170;B;B170;;"=IF(AND(NOT(ISBLANK($G169)),ISBLANK($G170)),$C$42-$F$40-$F$42,"""")"
Septembre 2026;170;C;C170;;"=IF(AND(NOT(ISBLANK($G169)),ISBLANK($G170)),""Reste réel"","""")"
Septembre 2026;170;D;D170;;"=IF(AND(NOT(ISBLANK($G169)),ISBLANK($G170)),$C$42-$H$40-$F$42,"""")"
Septembre 2026;170;J;J170;0;"=IF(I170=""x"",H170,0)"
Septembre 2026;171;A;A171;;"=IF(AND(NOT(ISBLANK(G170)),ISBLANK(G171)),""Reste prévu"","""")"
Septembre 2026;171;B;B171;;"=IF(AND(NOT(ISBLANK($G170)),ISBLANK($G171)),$C$42-$F$40-$F$42,"""")"
Septembre 2026;171;C;C171;;"=IF(AND(NOT(ISBLANK($G170)),ISBLANK($G171)),""Reste réel"","""")"
Septembre 2026;171;D;D171;;"=IF(AND(NOT(ISBLANK($G170)),ISBLANK($G171)),$C$42-$H$40-$F$42,"""")"
Septembre 2026;171;J;J171;0;"=IF(I171=""x"",H171,0)"
Septembre 2026;172;A;A172;;"=IF(AND(NOT(ISBLANK(G171)),ISBLANK(G172)),""Reste prévu"","""")"
Septembre 2026;172;B;B172;;"=IF(AND(NOT(ISBLANK($G171)),ISBLANK($G172)),$C$42-$F$40-$F$42,"""")"
Septembre 2026;172;C;C172;;"=IF(AND(NOT(ISBLANK($G171)),ISBLANK($G172)),""Reste réel"","""")"
Septembre 2026;172;D;D172;;"=IF(AND(NOT(ISBLANK($G171)),ISBLANK($G172)),$C$42-$H$40-$F$42,"""")"
Septembre 2026;172;J;J172;0;"=IF(I172=""x"",H172,0)"
Septembre 2026;173;A;A173;;"=IF(AND(NOT(ISBLANK(G172)),ISBLANK(G173)),""Reste prévu"","""")"
Septembre 2026;173;B;B173;;"=IF(AND(NOT(ISBLANK($G172)),ISBLANK($G173)),$C$42-$F$40-$F$42,"""")"
Septembre 2026;173;C;C173;;"=IF(AND(NOT(ISBLANK($G172)),ISBLANK($G173)),""Reste réel"","""")"
Septembre 2026;173;D;D173;;"=IF(AND(NOT(ISBLANK($G172)),ISBLANK($G173)),$C$42-$H$40-$F$42,"""")"
Septembre 2026;173;J;J173;0;"=IF(I173=""x"",H173,0)"
Septembre 2026;174;A;A174;;"=IF(AND(NOT(ISBLANK(G173)),ISBLANK(G174)),""Reste prévu"","""")"
Septembre 2026;174;B;B174;;"=IF(AND(NOT(ISBLANK($G173)),ISBLANK($G174)),$C$42-$F$40-$F$42,"""")"
Septembre 2026;174;C;C174;;"=IF(AND(NOT(ISBLANK($G173)),ISBLANK($G174)),""Reste réel"","""")"
Septembre 2026;174;D;D174;;"=IF(AND(NOT(ISBLANK($G173)),ISBLANK($G174)),$C$42-$H$40-$F$42,"""")"
Septembre 2026;174;J;J174;0;"=IF(I174=""x"",H174,0)"
Septembre 2026;175;A;A175;;"=IF(AND(NOT(ISBLANK(G174)),ISBLANK(G175)),""Reste prévu"","""")"
Septembre 2026;175;B;B175;;"=IF(AND(NOT(ISBLANK($G174)),ISBLANK($G175)),$C$42-$F$40-$F$42,"""")"
Septembre 2026;175;C;C175;;"=IF(AND(NOT(ISBLANK($G174)),ISBLANK($G175)),""Reste réel"","""")"
Septembre 2026;175;D;D175;;"=IF(AND(NOT(ISBLANK($G174)),ISBLANK($G175)),$C$42-$H$40-$F$42,"""")"
Septembre 2026;175;J;J175;0;"=IF(I175=""x"",H175,0)"
Septembre 2026;176;A;A176;;"=IF(AND(NOT(ISBLANK(G175)),ISBLANK(G176)),""Reste prévu"","""")"
Septembre 2026;176;B;B176;;"=IF(AND(NOT(ISBLANK($G175)),ISBLANK($G176)),$C$42-$F$40-$F$42,"""")"
Septembre 2026;176;C;C176;;"=IF(AND(NOT(ISBLANK($G175)),ISBLANK($G176)),""Reste réel"","""")"
Septembre 2026;176;D;D176;;"=IF(AND(NOT(ISBLANK($G175)),ISBLANK($G176)),$C$42-$H$40-$F$42,"""")"
Septembre 2026;176;J;J176;0;"=IF(I176=""x"",H176,0)"
Septembre 2026;177;A;A177;;"=IF(AND(NOT(ISBLANK(G176)),ISBLANK(G177)),""Reste prévu"","""")"
Septembre 2026;177;B;B177;;"=IF(AND(NOT(ISBLANK($G176)),ISBLANK($G177)),$C$42-$F$40-$F$42,"""")"
Septembre 2026;177;C;C177;;"=IF(AND(NOT(ISBLANK($G176)),ISBLANK($G177)),""Reste réel"","""")"
Septembre 2026;177;D;D177;;"=IF(AND(NOT(ISBLANK($G176)),ISBLANK($G177)),$C$42-$H$40-$F$42,"""")"
Septembre 2026;177;J;J177;0;"=IF(I177=""x"",H177,0)"
Septembre 2026;178;A;A178;;"=IF(AND(NOT(ISBLANK(G177)),ISBLANK(G178)),""Reste prévu"","""")"
Septembre 2026;178;B;B178;;"=IF(AND(NOT(ISBLANK($G177)),ISBLANK($G178)),$C$42-$F$40-$F$42,"""")"
Septembre 2026;178;C;C178;;"=IF(AND(NOT(ISBLANK($G177)),ISBLANK($G178)),""Reste réel"","""")"
Septembre 2026;178;D;D178;;"=IF(AND(NOT(ISBLANK($G177)),ISBLANK($G178)),$C$42-$H$40-$F$42,"""")"
Septembre 2026;178;J;J178;0;"=IF(I178=""x"",H178,0)"
Septembre 2026;179;A;A179;;"=IF(AND(NOT(ISBLANK(G178)),ISBLANK(G179)),""Reste prévu"","""")"
Septembre 2026;179;B;B179;;"=IF(AND(NOT(ISBLANK($G178)),ISBLANK($G179)),$C$42-$F$40-$F$42,"""")"
Septembre 2026;179;C;C179;;"=IF(AND(NOT(ISBLANK($G178)),ISBLANK($G179)),""Reste réel"","""")"
Septembre 2026;179;D;D179;;"=IF(AND(NOT(ISBLANK($G178)),ISBLANK($G179)),$C$42-$H$40-$F$42,"""")"
Septembre 2026;179;J;J179;0;"=IF(I179=""x"",H179,0)"
Septembre 2026;180;A;A180;;"=IF(AND(NOT(ISBLANK(G179)),ISBLANK(G180)),""Reste prévu"","""")"
Septembre 2026;180;B;B180;;"=IF(AND(NOT(ISBLANK($G179)),ISBLANK($G180)),$C$42-$F$40-$F$42,"""")"
Septembre 2026;180;C;C180;;"=IF(AND(NOT(ISBLANK($G179)),ISBLANK($G180)),""Reste réel"","""")"
Septembre 2026;180;D;D180;;"=IF(AND(NOT(ISBLANK($G179)),ISBLANK($G180)),$C$42-$H$40-$F$42,"""")"
Septembre 2026;180;J;J180;0;"=IF(I180=""x"",H180,0)"
Septembre 2026;181;A;A181;;"=IF(AND(NOT(ISBLANK(G180)),ISBLANK(G181)),""Reste prévu"","""")"
Septembre 2026;181;B;B181;;"=IF(AND(NOT(ISBLANK($G180)),ISBLANK($G181)),$C$42-$F$40-$F$42,"""")"
Septembre 2026;181;C;C181;;"=IF(AND(NOT(ISBLANK($G180)),ISBLANK($G181)),""Reste réel"","""")"
Septembre 2026;181;D;D181;;"=IF(AND(NOT(ISBLANK($G180)),ISBLANK($G181)),$C$42-$H$40-$F$42,"""")"
Septembre 2026;181;J;J181;0;"=IF(I181=""x"",H181,0)"
Septembre 2026;182;A;A182;;"=IF(AND(NOT(ISBLANK(G181)),ISBLANK(G182)),""Reste prévu"","""")"
Septembre 2026;182;B;B182;;"=IF(AND(NOT(ISBLANK($G181)),ISBLANK($G182)),$C$42-$F$40-$F$42,"""")"
Septembre 2026;182;C;C182;;"=IF(AND(NOT(ISBLANK($G181)),ISBLANK($G182)),""Reste réel"","""")"
Septembre 2026;182;D;D182;;"=IF(AND(NOT(ISBLANK($G181)),ISBLANK($G182)),$C$42-$H$40-$F$42,"""")"
Septembre 2026;182;J;J182;0;"=IF(I182=""x"",H182,0)"
Septembre 2026;183;A;A183;;"=IF(AND(NOT(ISBLANK(G182)),ISBLANK(G183)),""Reste prévu"","""")"
Septembre 2026;183;B;B183;;"=IF(AND(NOT(ISBLANK($G182)),ISBLANK($G183)),$C$42-$F$40-$F$42,"""")"
Septembre 2026;183;C;C183;;"=IF(AND(NOT(ISBLANK($G182)),ISBLANK($G183)),""Reste réel"","""")"
Septembre 2026;183;D;D183;;"=IF(AND(NOT(ISBLANK($G182)),ISBLANK($G183)),$C$42-$H$40-$F$42,"""")"
Septembre 2026;183;J;J183;0;"=IF(I183=""x"",H183,0)"
Septembre 2026;184;A;A184;;"=IF(AND(NOT(ISBLANK(G183)),ISBLANK(G184)),""Reste prévu"","""")"
Septembre 2026;184;B;B184;;"=IF(AND(NOT(ISBLANK($G183)),ISBLANK($G184)),$C$42-$F$40-$F$42,"""")"
Septembre 2026;184;C;C184;;"=IF(AND(NOT(ISBLANK($G183)),ISBLANK($G184)),""Reste réel"","""")"
Septembre 2026;184;D;D184;;"=IF(AND(NOT(ISBLANK($G183)),ISBLANK($G184)),$C$42-$H$40-$F$42,"""")"
Septembre 2026;184;J;J184;0;"=IF(I184=""x"",H184,0)"
Septembre 2026;185;A;A185;;"=IF(AND(NOT(ISBLANK(G184)),ISBLANK(G185)),""Reste prévu"","""")"
Septembre 2026;185;B;B185;;"=IF(AND(NOT(ISBLANK($G184)),ISBLANK($G185)),$C$42-$F$40-$F$42,"""")"
Septembre 2026;185;C;C185;;"=IF(AND(NOT(ISBLANK($G184)),ISBLANK($G185)),""Reste réel"","""")"
Septembre 2026;185;D;D185;;"=IF(AND(NOT(ISBLANK($G184)),ISBLANK($G185)),$C$42-$H$40-$F$42,"""")"
Septembre 2026;185;J;J185;0;"=IF(I185=""x"",H185,0)"
Septembre 2026;186;A;A186;;"=IF(AND(NOT(ISBLANK(G185)),ISBLANK(G186)),""Reste prévu"","""")"
Septembre 2026;186;B;B186;;"=IF(AND(NOT(ISBLANK($G185)),ISBLANK($G186)),$C$42-$F$40-$F$42,"""")"
Septembre 2026;186;C;C186;;"=IF(AND(NOT(ISBLANK($G185)),ISBLANK($G186)),""Reste réel"","""")"
Septembre 2026;186;D;D186;;"=IF(AND(NOT(ISBLANK($G185)),ISBLANK($G186)),$C$42-$H$40-$F$42,"""")"
Septembre 2026;186;J;J186;0;"=IF(I186=""x"",H186,0)"
Septembre 2026;187;A;A187;;"=IF(AND(NOT(ISBLANK(G186)),ISBLANK(G187)),""Reste prévu"","""")"
Septembre 2026;187;B;B187;;"=IF(AND(NOT(ISBLANK($G186)),ISBLANK($G187)),$C$42-$F$40-$F$42,"""")"
Septembre 2026;187;C;C187;;"=IF(AND(NOT(ISBLANK($G186)),ISBLANK($G187)),""Reste réel"","""")"
Septembre 2026;187;D;D187;;"=IF(AND(NOT(ISBLANK($G186)),ISBLANK($G187)),$C$42-$H$40-$F$42,"""")"
Septembre 2026;187;J;J187;0;"=IF(I187=""x"",H187,0)"
Septembre 2026;188;A;A188;;"=IF(AND(NOT(ISBLANK(G187)),ISBLANK(G188)),""Reste prévu"","""")"
Septembre 2026;188;B;B188;;"=IF(AND(NOT(ISBLANK($G187)),ISBLANK($G188)),$C$42-$F$40-$F$42,"""")"
Septembre 2026;188;C;C188;;"=IF(AND(NOT(ISBLANK($G187)),ISBLANK($G188)),""Reste réel"","""")"
Septembre 2026;188;D;D188;;"=IF(AND(NOT(ISBLANK($G187)),ISBLANK($G188)),$C$42-$H$40-$F$42,"""")"
Septembre 2026;188;J;J188;0;"=IF(I188=""x"",H188,0)"
Septembre 2026;189;A;A189;;"=IF(AND(NOT(ISBLANK(G188)),ISBLANK(G189)),""Reste prévu"","""")"
Septembre 2026;189;B;B189;;"=IF(AND(NOT(ISBLANK($G188)),ISBLANK($G189)),$C$42-$F$40-$F$42,"""")"
Septembre 2026;189;C;C189;;"=IF(AND(NOT(ISBLANK($G188)),ISBLANK($G189)),""Reste réel"","""")"
Septembre 2026;189;D;D189;;"=IF(AND(NOT(ISBLANK($G188)),ISBLANK($G189)),$C$42-$H$40-$F$42,"""")"
Septembre 2026;189;J;J189;0;"=IF(I189=""x"",H189,0)"
Septembre 2026;190;A;A190;;"=IF(AND(NOT(ISBLANK(G189)),ISBLANK(G190)),""Reste prévu"","""")"
Septembre 2026;190;B;B190;;"=IF(AND(NOT(ISBLANK($G189)),ISBLANK($G190)),$C$42-$F$40-$F$42,"""")"
Septembre 2026;190;C;C190;;"=IF(AND(NOT(ISBLANK($G189)),ISBLANK($G190)),""Reste réel"","""")"
Septembre 2026;190;D;D190;;"=IF(AND(NOT(ISBLANK($G189)),ISBLANK($G190)),$C$42-$H$40-$F$42,"""")"
Septembre 2026;190;J;J190;0;"=IF(I190=""x"",H190,0)"
Septembre 2026;191;A;A191;;"=IF(AND(NOT(ISBLANK(G190)),ISBLANK(G191)),""Reste prévu"","""")"
Septembre 2026;191;B;B191;;"=IF(AND(NOT(ISBLANK($G190)),ISBLANK($G191)),$C$42-$F$40-$F$42,"""")"
Septembre 2026;191;C;C191;;"=IF(AND(NOT(ISBLANK($G190)),ISBLANK($G191)),""Reste réel"","""")"
Septembre 2026;191;D;D191;;"=IF(AND(NOT(ISBLANK($G190)),ISBLANK($G191)),$C$42-$H$40-$F$42,"""")"
Septembre 2026;191;J;J191;0;"=IF(I191=""x"",H191,0)"
Septembre 2026;192;A;A192;;"=IF(AND(NOT(ISBLANK(G191)),ISBLANK(G192)),""Reste prévu"","""")"
Septembre 2026;192;B;B192;;"=IF(AND(NOT(ISBLANK($G191)),ISBLANK($G192)),$C$42-$F$40-$F$42,"""")"
Septembre 2026;192;C;C192;;"=IF(AND(NOT(ISBLANK($G191)),ISBLANK($G192)),""Reste réel"","""")"
Septembre 2026;192;D;D192;;"=IF(AND(NOT(ISBLANK($G191)),ISBLANK($G192)),$C$42-$H$40-$F$42,"""")"
Septembre 2026;192;J;J192;0;"=IF(I192=""x"",H192,0)"
Septembre 2026;193;A;A193;;"=IF(AND(NOT(ISBLANK(G192)),ISBLANK(G193)),""Reste prévu"","""")"
Septembre 2026;193;B;B193;;"=IF(AND(NOT(ISBLANK($G192)),ISBLANK($G193)),$C$42-$F$40-$F$42,"""")"
Septembre 2026;193;C;C193;;"=IF(AND(NOT(ISBLANK($G192)),ISBLANK($G193)),""Reste réel"","""")"
Septembre 2026;193;D;D193;;"=IF(AND(NOT(ISBLANK($G192)),ISBLANK($G193)),$C$42-$H$40-$F$42,"""")"
Septembre 2026;193;J;J193;0;"=IF(I193=""x"",H193,0)"
Septembre 2026;194;A;A194;;"=IF(AND(NOT(ISBLANK(G193)),ISBLANK(G194)),""Reste prévu"","""")"
Septembre 2026;194;B;B194;;"=IF(AND(NOT(ISBLANK($G193)),ISBLANK($G194)),$C$42-$F$40-$F$42,"""")"
Septembre 2026;194;C;C194;;"=IF(AND(NOT(ISBLANK($G193)),ISBLANK($G194)),""Reste réel"","""")"
Septembre 2026;194;D;D194;;"=IF(AND(NOT(ISBLANK($G193)),ISBLANK($G194)),$C$42-$H$40-$F$42,"""")"
Septembre 2026;194;J;J194;0;"=IF(I194=""x"",H194,0)"
Septembre 2026;195;A;A195;;"=IF(AND(NOT(ISBLANK(G194)),ISBLANK(G195)),""Reste prévu"","""")"
Septembre 2026;195;B;B195;;"=IF(AND(NOT(ISBLANK($G194)),ISBLANK($G195)),$C$42-$F$40-$F$42,"""")"
Septembre 2026;195;C;C195;;"=IF(AND(NOT(ISBLANK($G194)),ISBLANK($G195)),""Reste réel"","""")"
Septembre 2026;195;D;D195;;"=IF(AND(NOT(ISBLANK($G194)),ISBLANK($G195)),$C$42-$H$40-$F$42,"""")"
Septembre 2026;195;J;J195;0;"=IF(I195=""x"",H195,0)"
Septembre 2026;196;A;A196;;"=IF(AND(NOT(ISBLANK(G195)),ISBLANK(G196)),""Reste prévu"","""")"
Septembre 2026;196;B;B196;;"=IF(AND(NOT(ISBLANK($G195)),ISBLANK($G196)),$C$42-$F$40-$F$42,"""")"
Septembre 2026;196;C;C196;;"=IF(AND(NOT(ISBLANK($G195)),ISBLANK($G196)),""Reste réel"","""")"
Septembre 2026;196;D;D196;;"=IF(AND(NOT(ISBLANK($G195)),ISBLANK($G196)),$C$42-$H$40-$F$42,"""")"
Septembre 2026;196;J;J196;0;"=IF(I196=""x"",H196,0)"
Septembre 2026;197;A;A197;;"=IF(AND(NOT(ISBLANK(G196)),ISBLANK(G197)),""Reste prévu"","""")"
Septembre 2026;197;B;B197;;"=IF(AND(NOT(ISBLANK($G196)),ISBLANK($G197)),$C$42-$F$40-$F$42,"""")"
Septembre 2026;197;C;C197;;"=IF(AND(NOT(ISBLANK($G196)),ISBLANK($G197)),""Reste réel"","""")"
Septembre 2026;197;D;D197;;"=IF(AND(NOT(ISBLANK($G196)),ISBLANK($G197)),$C$42-$H$40-$F$42,"""")"
Septembre 2026;197;J;J197;0;"=IF(I197=""x"",H197,0)"
Septembre 2026;198;A;A198;;"=IF(AND(NOT(ISBLANK(G197)),ISBLANK(G198)),""Reste prévu"","""")"
Septembre 2026;198;B;B198;;"=IF(AND(NOT(ISBLANK($G197)),ISBLANK($G198)),$C$42-$F$40-$F$42,"""")"
Septembre 2026;198;C;C198;;"=IF(AND(NOT(ISBLANK($G197)),ISBLANK($G198)),""Reste réel"","""")"
Septembre 2026;198;D;D198;;"=IF(AND(NOT(ISBLANK($G197)),ISBLANK($G198)),$C$42-$H$40-$F$42,"""")"
Septembre 2026;198;J;J198;0;"=IF(I198=""x"",H198,0)"
Septembre 2026;199;A;A199;;"=IF(AND(NOT(ISBLANK(G198)),ISBLANK(G199)),""Reste prévu"","""")"
Septembre 2026;199;B;B199;;"=IF(AND(NOT(ISBLANK($G198)),ISBLANK($G199)),$C$42-$F$40-$F$42,"""")"
Septembre 2026;199;C;C199;;"=IF(AND(NOT(ISBLANK($G198)),ISBLANK($G199)),""Reste réel"","""")"
Septembre 2026;199;D;D199;;"=IF(AND(NOT(ISBLANK($G198)),ISBLANK($G199)),$C$42-$H$40-$F$42,"""")"
Septembre 2026;199;J;J199;0;"=IF(I199=""x"",H199,0)"
Septembre 2026;200;A;A200;;"=IF(AND(NOT(ISBLANK(G199)),ISBLANK(G200)),""Reste prévu"","""")"
Septembre 2026;200;B;B200;;"=IF(AND(NOT(ISBLANK($G199)),ISBLANK($G200)),$C$42-$F$40-$F$42,"""")"
Septembre 2026;200;C;C200;;"=IF(AND(NOT(ISBLANK($G199)),ISBLANK($G200)),""Reste réel"","""")"
Septembre 2026;200;D;D200;;"=IF(AND(NOT(ISBLANK($G199)),ISBLANK($G200)),$C$42-$H$40-$F$42,"""")"
Septembre 2026;200;J;J200;0;"=IF(I200=""x"",H200,0)"
Septembre 2026;201;A;A201;;"=IF(AND(NOT(ISBLANK(G200)),ISBLANK(G201)),""Reste prévu"","""")"
Septembre 2026;201;B;B201;;"=IF(AND(NOT(ISBLANK($G200)),ISBLANK($G201)),$C$42-$F$40-$F$42,"""")"
Septembre 2026;201;C;C201;;"=IF(AND(NOT(ISBLANK($G200)),ISBLANK($G201)),""Reste réel"","""")"
Septembre 2026;201;D;D201;;"=IF(AND(NOT(ISBLANK($G200)),ISBLANK($G201)),$C$42-$H$40-$F$42,"""")"
Septembre 2026;201;J;J201;0;"=IF(I201=""x"",H201,0)"
Septembre 2026;202;A;A202;;"=IF(AND(NOT(ISBLANK(G201)),ISBLANK(G202)),""Reste prévu"","""")"
Septembre 2026;202;B;B202;;"=IF(AND(NOT(ISBLANK($G201)),ISBLANK($G202)),$C$42-$F$40-$F$42,"""")"
Septembre 2026;202;C;C202;;"=IF(AND(NOT(ISBLANK($G201)),ISBLANK($G202)),""Reste réel"","""")"
Septembre 2026;202;D;D202;;"=IF(AND(NOT(ISBLANK($G201)),ISBLANK($G202)),$C$42-$H$40-$F$42,"""")"
Septembre 2026;202;J;J202;0;"=IF(I202=""x"",H202,0)"
Septembre 2026;203;A;A203;;"=IF(AND(NOT(ISBLANK(G202)),ISBLANK(G203)),""Reste prévu"","""")"
Septembre 2026;203;B;B203;;"=IF(AND(NOT(ISBLANK($G202)),ISBLANK($G203)),$C$42-$F$40-$F$42,"""")"
Septembre 2026;203;C;C203;;"=IF(AND(NOT(ISBLANK($G202)),ISBLANK($G203)),""Reste réel"","""")"
Septembre 2026;203;D;D203;;"=IF(AND(NOT(ISBLANK($G202)),ISBLANK($G203)),$C$42-$H$40-$F$42,"""")"
Septembre 2026;203;J;J203;0;"=IF(I203=""x"",H203,0)"
Septembre 2026;204;A;A204;;"=IF(AND(NOT(ISBLANK(G203)),ISBLANK(G204)),""Reste prévu"","""")"
Septembre 2026;204;B;B204;;"=IF(AND(NOT(ISBLANK($G203)),ISBLANK($G204)),$C$42-$F$40-$F$42,"""")"
Septembre 2026;204;C;C204;;"=IF(AND(NOT(ISBLANK($G203)),ISBLANK($G204)),""Reste réel"","""")"
Septembre 2026;204;D;D204;;"=IF(AND(NOT(ISBLANK($G203)),ISBLANK($G204)),$C$42-$H$40-$F$42,"""")"
Septembre 2026;204;J;J204;0;"=IF(I204=""x"",H204,0)"
Septembre 2026;205;A;A205;;"=IF(AND(NOT(ISBLANK(G204)),ISBLANK(G205)),""Reste prévu"","""")"
Septembre 2026;205;B;B205;;"=IF(AND(NOT(ISBLANK($G204)),ISBLANK($G205)),$C$42-$F$40-$F$42,"""")"
Septembre 2026;205;C;C205;;"=IF(AND(NOT(ISBLANK($G204)),ISBLANK($G205)),""Reste réel"","""")"
Septembre 2026;205;D;D205;;"=IF(AND(NOT(ISBLANK($G204)),ISBLANK($G205)),$C$42-$H$40-$F$42,"""")"
Septembre 2026;205;J;J205;0;"=IF(I205=""x"",H205,0)"
Septembre 2026;206;A;A206;;"=IF(AND(NOT(ISBLANK(G205)),ISBLANK(G206)),""Reste prévu"","""")"
Septembre 2026;206;B;B206;;"=IF(AND(NOT(ISBLANK($G205)),ISBLANK($G206)),$C$42-$F$40-$F$42,"""")"
Septembre 2026;206;C;C206;;"=IF(AND(NOT(ISBLANK($G205)),ISBLANK($G206)),""Reste réel"","""")"
Septembre 2026;206;D;D206;;"=IF(AND(NOT(ISBLANK($G205)),ISBLANK($G206)),$C$42-$H$40-$F$42,"""")"
Septembre 2026;206;J;J206;0;"=IF(I206=""x"",H206,0)"
Septembre 2026;207;A;A207;;"=IF(AND(NOT(ISBLANK(G206)),ISBLANK(G207)),""Reste prévu"","""")"
Septembre 2026;207;B;B207;;"=IF(AND(NOT(ISBLANK($G206)),ISBLANK($G207)),$C$42-$F$40-$F$42,"""")"
Septembre 2026;207;C;C207;;"=IF(AND(NOT(ISBLANK($G206)),ISBLANK($G207)),""Reste réel"","""")"
Septembre 2026;207;D;D207;;"=IF(AND(NOT(ISBLANK($G206)),ISBLANK($G207)),$C$42-$H$40-$F$42,"""")"
Septembre 2026;207;J;J207;0;"=IF(I207=""x"",H207,0)"
Septembre 2026;208;A;A208;;"=IF(AND(NOT(ISBLANK(G207)),ISBLANK(G208)),""Reste prévu"","""")"
Septembre 2026;208;B;B208;;"=IF(AND(NOT(ISBLANK($G207)),ISBLANK($G208)),$C$42-$F$40-$F$42,"""")"
Septembre 2026;208;C;C208;;"=IF(AND(NOT(ISBLANK($G207)),ISBLANK($G208)),""Reste réel"","""")"
Septembre 2026;208;D;D208;;"=IF(AND(NOT(ISBLANK($G207)),ISBLANK($G208)),$C$42-$H$40-$F$42,"""")"
Septembre 2026;208;J;J208;0;"=IF(I208=""x"",H208,0)"
Septembre 2026;209;A;A209;;"=IF(AND(NOT(ISBLANK(G208)),ISBLANK(G209)),""Reste prévu"","""")"
Septembre 2026;209;B;B209;;"=IF(AND(NOT(ISBLANK($G208)),ISBLANK($G209)),$C$42-$F$40-$F$42,"""")"
Septembre 2026;209;C;C209;;"=IF(AND(NOT(ISBLANK($G208)),ISBLANK($G209)),""Reste réel"","""")"
Septembre 2026;209;D;D209;;"=IF(AND(NOT(ISBLANK($G208)),ISBLANK($G209)),$C$42-$H$40-$F$42,"""")"
Septembre 2026;209;J;J209;0;"=IF(I209=""x"",H209,0)"
Septembre 2026;210;A;A210;;"=IF(AND(NOT(ISBLANK(G209)),ISBLANK(G210)),""Reste prévu"","""")"
Septembre 2026;210;B;B210;;"=IF(AND(NOT(ISBLANK($G209)),ISBLANK($G210)),$C$42-$F$40-$F$42,"""")"
Septembre 2026;210;C;C210;;"=IF(AND(NOT(ISBLANK($G209)),ISBLANK($G210)),""Reste réel"","""")"
Septembre 2026;210;D;D210;;"=IF(AND(NOT(ISBLANK($G209)),ISBLANK($G210)),$C$42-$H$40-$F$42,"""")"
Septembre 2026;210;J;J210;0;"=IF(I210=""x"",H210,0)"
Septembre 2026;211;A;A211;;"=IF(AND(NOT(ISBLANK(G210)),ISBLANK(G211)),""Reste prévu"","""")"
Septembre 2026;211;B;B211;;"=IF(AND(NOT(ISBLANK($G210)),ISBLANK($G211)),$C$42-$F$40-$F$42,"""")"
Septembre 2026;211;C;C211;;"=IF(AND(NOT(ISBLANK($G210)),ISBLANK($G211)),""Reste réel"","""")"
Septembre 2026;211;D;D211;;"=IF(AND(NOT(ISBLANK($G210)),ISBLANK($G211)),$C$42-$H$40-$F$42,"""")"
Septembre 2026;211;J;J211;0;"=IF(I211=""x"",H211,0)"
Septembre 2026;212;A;A212;;"=IF(AND(NOT(ISBLANK(G211)),ISBLANK(G212)),""Reste prévu"","""")"
Septembre 2026;212;B;B212;;"=IF(AND(NOT(ISBLANK($G211)),ISBLANK($G212)),$C$42-$F$40-$F$42,"""")"
Septembre 2026;212;C;C212;;"=IF(AND(NOT(ISBLANK($G211)),ISBLANK($G212)),""Reste réel"","""")"
Septembre 2026;212;D;D212;;"=IF(AND(NOT(ISBLANK($G211)),ISBLANK($G212)),$C$42-$H$40-$F$42,"""")"
Septembre 2026;212;J;J212;0;"=IF(I212=""x"",H212,0)"
Septembre 2026;213;A;A213;;"=IF(AND(NOT(ISBLANK(G212)),ISBLANK(G213)),""Reste prévu"","""")"
Septembre 2026;213;B;B213;;"=IF(AND(NOT(ISBLANK($G212)),ISBLANK($G213)),$C$42-$F$40-$F$42,"""")"
Septembre 2026;213;C;C213;;"=IF(AND(NOT(ISBLANK($G212)),ISBLANK($G213)),""Reste réel"","""")"
Septembre 2026;213;D;D213;;"=IF(AND(NOT(ISBLANK($G212)),ISBLANK($G213)),$C$42-$H$40-$F$42,"""")"
Septembre 2026;213;J;J213;0;"=IF(I213=""x"",H213,0)"
Septembre 2026;214;A;A214;;"=IF(AND(NOT(ISBLANK(G213)),ISBLANK(G214)),""Reste prévu"","""")"
Septembre 2026;214;B;B214;;"=IF(AND(NOT(ISBLANK($G213)),ISBLANK($G214)),$C$42-$F$40-$F$42,"""")"
Septembre 2026;214;C;C214;;"=IF(AND(NOT(ISBLANK($G213)),ISBLANK($G214)),""Reste réel"","""")"
Septembre 2026;214;D;D214;;"=IF(AND(NOT(ISBLANK($G213)),ISBLANK($G214)),$C$42-$H$40-$F$42,"""")"
Septembre 2026;214;J;J214;0;"=IF(I214=""x"",H214,0)"
Septembre 2026;215;A;A215;;"=IF(AND(NOT(ISBLANK(G214)),ISBLANK(G215)),""Reste prévu"","""")"
Septembre 2026;215;B;B215;;"=IF(AND(NOT(ISBLANK($G214)),ISBLANK($G215)),$C$42-$F$40-$F$42,"""")"
Septembre 2026;215;C;C215;;"=IF(AND(NOT(ISBLANK($G214)),ISBLANK($G215)),""Reste réel"","""")"
Septembre 2026;215;D;D215;;"=IF(AND(NOT(ISBLANK($G214)),ISBLANK($G215)),$C$42-$H$40-$F$42,"""")"
Septembre 2026;216;A;A216;;"=IF(AND(NOT(ISBLANK(G215)),ISBLANK(G216)),""Reste prévu"","""")"
Septembre 2026;216;B;B216;;"=IF(AND(NOT(ISBLANK($G215)),ISBLANK($G216)),$C$42-$F$40-$F$42,"""")"
Septembre 2026;216;C;C216;;"=IF(AND(NOT(ISBLANK($G215)),ISBLANK($G216)),""Reste réel"","""")"
Septembre 2026;216;D;D216;;"=IF(AND(NOT(ISBLANK($G215)),ISBLANK($G216)),$C$42-$H$40-$F$42,"""")"
Septembre 2026;217;A;A217;;"=IF(AND(NOT(ISBLANK(G216)),ISBLANK(G217)),""Reste prévu"","""")"
Septembre 2026;217;B;B217;;"=IF(AND(NOT(ISBLANK($G216)),ISBLANK($G217)),$C$42-$F$40-$F$42,"""")"
Septembre 2026;217;C;C217;;"=IF(AND(NOT(ISBLANK($G216)),ISBLANK($G217)),""Reste réel"","""")"
Septembre 2026;217;D;D217;;"=IF(AND(NOT(ISBLANK($G216)),ISBLANK($G217)),$C$42-$H$40-$F$42,"""")"
Septembre 2026;218;A;A218;;"=IF(AND(NOT(ISBLANK(G217)),ISBLANK(G218)),""Reste prévu"","""")"
Septembre 2026;218;B;B218;;"=IF(AND(NOT(ISBLANK($G217)),ISBLANK($G218)),$C$42-$F$40-$F$42,"""")"
Septembre 2026;218;C;C218;;"=IF(AND(NOT(ISBLANK($G217)),ISBLANK($G218)),""Reste réel"","""")"
Septembre 2026;218;D;D218;;"=IF(AND(NOT(ISBLANK($G217)),ISBLANK($G218)),$C$42-$H$40-$F$42,"""")"
Septembre 2026;219;A;A219;;"=IF(AND(NOT(ISBLANK(G218)),ISBLANK(G219)),""Reste prévu"","""")"
Septembre 2026;219;B;B219;;"=IF(AND(NOT(ISBLANK($G218)),ISBLANK($G219)),$C$42-$F$40-$F$42,"""")"
Septembre 2026;219;C;C219;;"=IF(AND(NOT(ISBLANK($G218)),ISBLANK($G219)),""Reste réel"","""")"
Septembre 2026;219;D;D219;;"=IF(AND(NOT(ISBLANK($G218)),ISBLANK($G219)),$C$42-$H$40-$F$42,"""")"
Septembre 2026;220;A;A220;;"=IF(AND(NOT(ISBLANK(G219)),ISBLANK(G220)),""Reste prévu"","""")"
Septembre 2026;220;B;B220;;"=IF(AND(NOT(ISBLANK($G219)),ISBLANK($G220)),$C$42-$F$40-$F$42,"""")"
Septembre 2026;220;C;C220;;"=IF(AND(NOT(ISBLANK($G219)),ISBLANK($G220)),""Reste réel"","""")"
Septembre 2026;220;D;D220;;"=IF(AND(NOT(ISBLANK($G219)),ISBLANK($G220)),$C$42-$H$40-$F$42,"""")"
Septembre 2026;221;A;A221;;"=IF(AND(NOT(ISBLANK(G220)),ISBLANK(G221)),""Reste prévu"","""")"
Septembre 2026;221;B;B221;;"=IF(AND(NOT(ISBLANK($G220)),ISBLANK($G221)),$C$42-$F$40-$F$42,"""")"
Septembre 2026;221;C;C221;;"=IF(AND(NOT(ISBLANK($G220)),ISBLANK($G221)),""Reste réel"","""")"
Septembre 2026;221;D;D221;;"=IF(AND(NOT(ISBLANK($G220)),ISBLANK($G221)),$C$42-$H$40-$F$42,"""")"
Septembre 2026;222;A;A222;;"=IF(AND(NOT(ISBLANK(G221)),ISBLANK(G222)),""Reste prévu"","""")"
Septembre 2026;222;B;B222;;"=IF(AND(NOT(ISBLANK($G221)),ISBLANK($G222)),$C$42-$F$40-$F$42,"""")"
Septembre 2026;222;C;C222;;"=IF(AND(NOT(ISBLANK($G221)),ISBLANK($G222)),""Reste réel"","""")"
Septembre 2026;222;D;D222;;"=IF(AND(NOT(ISBLANK($G221)),ISBLANK($G222)),$C$42-$H$40-$F$42,"""")"
Septembre 2026;223;A;A223;;"=IF(AND(NOT(ISBLANK(G222)),ISBLANK(G223)),""Reste prévu"","""")"
Septembre 2026;223;B;B223;;"=IF(AND(NOT(ISBLANK($G222)),ISBLANK($G223)),$C$42-$F$40-$F$42,"""")"
Septembre 2026;223;C;C223;;"=IF(AND(NOT(ISBLANK($G222)),ISBLANK($G223)),""Reste réel"","""")"
Septembre 2026;223;D;D223;;"=IF(AND(NOT(ISBLANK($G222)),ISBLANK($G223)),$C$42-$H$40-$F$42,"""")"
Septembre 2026;224;A;A224;;"=IF(AND(NOT(ISBLANK(G223)),ISBLANK(G224)),""Reste prévu"","""")"
Septembre 2026;224;B;B224;;"=IF(AND(NOT(ISBLANK($G223)),ISBLANK($G224)),$C$42-$F$40-$F$42,"""")"
Septembre 2026;224;C;C224;;"=IF(AND(NOT(ISBLANK($G223)),ISBLANK($G224)),""Reste réel"","""")"
Septembre 2026;224;D;D224;;"=IF(AND(NOT(ISBLANK($G223)),ISBLANK($G224)),$C$42-$H$40-$F$42,"""")"
Septembre 2026;225;A;A225;;"=IF(AND(NOT(ISBLANK(G224)),ISBLANK(G225)),""Reste prévu"","""")"
Septembre 2026;225;B;B225;;"=IF(AND(NOT(ISBLANK($G224)),ISBLANK($G225)),$C$42-$F$40-$F$42,"""")"
Septembre 2026;225;C;C225;;"=IF(AND(NOT(ISBLANK($G224)),ISBLANK($G225)),""Reste réel"","""")"
Septembre 2026;225;D;D225;;"=IF(AND(NOT(ISBLANK($G224)),ISBLANK($G225)),$C$42-$H$40-$F$42,"""")"
Septembre 2026;226;A;A226;;"=IF(AND(NOT(ISBLANK(G225)),ISBLANK(G226)),""Reste prévu"","""")"
Septembre 2026;226;B;B226;;"=IF(AND(NOT(ISBLANK($G225)),ISBLANK($G226)),$C$42-$F$40-$F$42,"""")"
Septembre 2026;226;C;C226;;"=IF(AND(NOT(ISBLANK($G225)),ISBLANK($G226)),""Reste réel"","""")"
Septembre 2026;226;D;D226;;"=IF(AND(NOT(ISBLANK($G225)),ISBLANK($G226)),$C$42-$H$40-$F$42,"""")"
Septembre 2026;227;A;A227;;"=IF(AND(NOT(ISBLANK(G226)),ISBLANK(G227)),""Reste prévu"","""")"
Septembre 2026;227;B;B227;;"=IF(AND(NOT(ISBLANK($G226)),ISBLANK($G227)),$C$42-$F$40-$F$42,"""")"
Septembre 2026;227;C;C227;;"=IF(AND(NOT(ISBLANK($G226)),ISBLANK($G227)),""Reste réel"","""")"
Septembre 2026;227;D;D227;;"=IF(AND(NOT(ISBLANK($G226)),ISBLANK($G227)),$C$42-$H$40-$F$42,"""")"
Septembre 2026;228;A;A228;;"=IF(AND(NOT(ISBLANK(G227)),ISBLANK(G228)),""Reste prévu"","""")"
Septembre 2026;228;B;B228;;"=IF(AND(NOT(ISBLANK($G227)),ISBLANK($G228)),$C$42-$F$40-$F$42,"""")"
Septembre 2026;228;C;C228;;"=IF(AND(NOT(ISBLANK($G227)),ISBLANK($G228)),""Reste réel"","""")"
Septembre 2026;228;D;D228;;"=IF(AND(NOT(ISBLANK($G227)),ISBLANK($G228)),$C$42-$H$40-$F$42,"""")"
Septembre 2026;229;A;A229;;"=IF(AND(NOT(ISBLANK(G228)),ISBLANK(G229)),""Reste prévu"","""")"
Septembre 2026;229;B;B229;;"=IF(AND(NOT(ISBLANK($G228)),ISBLANK($G229)),$C$42-$F$40-$F$42,"""")"
Septembre 2026;229;C;C229;;"=IF(AND(NOT(ISBLANK($G228)),ISBLANK($G229)),""Reste réel"","""")"
Septembre 2026;229;D;D229;;"=IF(AND(NOT(ISBLANK($G228)),ISBLANK($G229)),$C$42-$H$40-$F$42,"""")"
Septembre 2026;230;A;A230;;"=IF(AND(NOT(ISBLANK(G229)),ISBLANK(G230)),""Reste prévu"","""")"
Septembre 2026;230;B;B230;;"=IF(AND(NOT(ISBLANK($G229)),ISBLANK($G230)),$C$42-$F$40-$F$42,"""")"
Septembre 2026;230;C;C230;;"=IF(AND(NOT(ISBLANK($G229)),ISBLANK($G230)),""Reste réel"","""")"
Septembre 2026;230;D;D230;;"=IF(AND(NOT(ISBLANK($G229)),ISBLANK($G230)),$C$42-$H$40-$F$42,"""")"
Septembre 2026;231;A;A231;;"=IF(AND(NOT(ISBLANK(G230)),ISBLANK(G231)),""Reste prévu"","""")"
Septembre 2026;231;B;B231;;"=IF(AND(NOT(ISBLANK($G230)),ISBLANK($G231)),$C$42-$F$40-$F$42,"""")"
Septembre 2026;231;C;C231;;"=IF(AND(NOT(ISBLANK($G230)),ISBLANK($G231)),""Reste réel"","""")"
Septembre 2026;231;D;D231;;"=IF(AND(NOT(ISBLANK($G230)),ISBLANK($G231)),$C$42-$H$40-$F$42,"""")"
Septembre 2026;232;A;A232;;"=IF(AND(NOT(ISBLANK(G231)),ISBLANK(G232)),""Reste prévu"","""")"
Septembre 2026;232;B;B232;;"=IF(AND(NOT(ISBLANK($G231)),ISBLANK($G232)),$C$42-$F$40-$F$42,"""")"
Septembre 2026;232;C;C232;;"=IF(AND(NOT(ISBLANK($G231)),ISBLANK($G232)),""Reste réel"","""")"
Septembre 2026;232;D;D232;;"=IF(AND(NOT(ISBLANK($G231)),ISBLANK($G232)),$C$42-$H$40-$F$42,"""")"
Septembre 2026;233;A;A233;;"=IF(AND(NOT(ISBLANK(G232)),ISBLANK(G233)),""Reste prévu"","""")"
Septembre 2026;233;B;B233;;"=IF(AND(NOT(ISBLANK($G232)),ISBLANK($G233)),$C$42-$F$40-$F$42,"""")"
Septembre 2026;233;C;C233;;"=IF(AND(NOT(ISBLANK($G232)),ISBLANK($G233)),""Reste réel"","""")"
Septembre 2026;233;D;D233;;"=IF(AND(NOT(ISBLANK($G232)),ISBLANK($G233)),$C$42-$H$40-$F$42,"""")"
Septembre 2026;234;A;A234;;"=IF(AND(NOT(ISBLANK(G233)),ISBLANK(G234)),""Reste prévu"","""")"
Septembre 2026;234;B;B234;;"=IF(AND(NOT(ISBLANK($G233)),ISBLANK($G234)),$C$42-$F$40-$F$42,"""")"
Septembre 2026;234;C;C234;;"=IF(AND(NOT(ISBLANK($G233)),ISBLANK($G234)),""Reste réel"","""")"
Septembre 2026;234;D;D234;;"=IF(AND(NOT(ISBLANK($G233)),ISBLANK($G234)),$C$42-$H$40-$F$42,"""")"
Septembre 2026;235;A;A235;;"=IF(AND(NOT(ISBLANK(G234)),ISBLANK(G235)),""Reste prévu"","""")"
Septembre 2026;235;B;B235;;"=IF(AND(NOT(ISBLANK($G234)),ISBLANK($G235)),$C$42-$F$40-$F$42,"""")"
Septembre 2026;235;C;C235;;"=IF(AND(NOT(ISBLANK($G234)),ISBLANK($G235)),""Reste réel"","""")"
Septembre 2026;235;D;D235;;"=IF(AND(NOT(ISBLANK($G234)),ISBLANK($G235)),$C$42-$H$40-$F$42,"""")"
Septembre 2026;236;A;A236;;"=IF(AND(NOT(ISBLANK(G235)),ISBLANK(G236)),""Reste prévu"","""")"
Septembre 2026;236;B;B236;;"=IF(AND(NOT(ISBLANK($G235)),ISBLANK($G236)),$C$42-$F$40-$F$42,"""")"
Septembre 2026;236;C;C236;;"=IF(AND(NOT(ISBLANK($G235)),ISBLANK($G236)),""Reste réel"","""")"
Septembre 2026;236;D;D236;;"=IF(AND(NOT(ISBLANK($G235)),ISBLANK($G236)),$C$42-$H$40-$F$42,"""")"
Septembre 2026;237;A;A237;;"=IF(AND(NOT(ISBLANK(G236)),ISBLANK(G237)),""Reste prévu"","""")"
Septembre 2026;237;B;B237;;"=IF(AND(NOT(ISBLANK($G236)),ISBLANK($G237)),$C$42-$F$40-$F$42,"""")"
Septembre 2026;237;C;C237;;"=IF(AND(NOT(ISBLANK($G236)),ISBLANK($G237)),""Reste réel"","""")"
Septembre 2026;237;D;D237;;"=IF(AND(NOT(ISBLANK($G236)),ISBLANK($G237)),$C$42-$H$40-$F$42,"""")"
Aout 2026;1;B;B1;Recettes;
Aout 2026;1;E;E1;Dépenses;
Aout 2026;1;K;K1;Cadeau;
Aout 2026;3;B;B3;Salaire Pierre;
Aout 2026;3;C;C3;5393.99;
Aout 2026;3;E;E3;Loyer Elouen;
Aout 2026;3;F;F3;669.7;
Aout 2026;3;G;G3;x;
Aout 2026;3;H;H3;669.7;"=IF(G3=""x"",F3,0)"
Aout 2026;3;K;K3;Logement;
Aout 2026;4;B;B4;Salaire Sterenn;
Aout 2026;4;C;C4;1828.73;
Aout 2026;4;E;E4;Argent de poche Elouen;
Aout 2026;4;H;H4;0;"=IF(G4=""x"",F4,0)"
Aout 2026;4;K;K4;Charges;
Aout 2026;5;B;B5;CAF;
Aout 2026;5;C;C5;114.19;
Aout 2026;5;E;E5;Engie Elouen;
Aout 2026;5;F;F5;70;
Aout 2026;5;G;G5;x;
Aout 2026;5;H;H5;70;"=IF(G5=""x"",F5,0)"
Aout 2026;5;K;K5;Charges;
Aout 2026;6;E;E6;Argent de poche Arthur;
Aout 2026;6;F;F6;14.99;
Aout 2026;6;G;G6;x;
Aout 2026;6;H;H6;14.99;"=IF(G6=""x"",F6,0)"
Aout 2026;6;K;K6;Charges;
Aout 2026;7;E;E7;Prêt 25 ;
Aout 2026;7;F;F7;995.15;
Aout 2026;7;G;G7;x;
Aout 2026;7;H;H7;995.15;"=IF(G7=""x"",F7,0)"
Aout 2026;7;K;K7;Logement;
Aout 2026;8;E;E8;Prêt 15;
Aout 2026;8;F;F8;883.42;
Aout 2026;8;G;G8;x;
Aout 2026;8;H;H8;883.42;"=IF(G8=""x"",F8,0)"
Aout 2026;8;K;K8;Logement;
Aout 2026;9;B;B9;Remboursement Leroy;
Aout 2026;9;C;C9;27.06;
Aout 2026;9;E;E9;Assurances prêt;
Aout 2026;9;F;F9;11.46;
Aout 2026;9;G;G9;x;
Aout 2026;9;H;H9;11.46;"=IF(G9=""x"",F9,0)"
Aout 2026;9;K;K9;Logement;
Aout 2026;10;B;B10;Epargne Travaux;
Aout 2026;10;C;C10;742;
Aout 2026;10;E;E10;Assurances prêt;
Aout 2026;10;F;F10;32.57;
Aout 2026;10;G;G10;x;
Aout 2026;10;H;H10;32.57;"=IF(G10=""x"",F10,0)"
Aout 2026;10;K;K10;Logement;
Aout 2026;11;B;B11;Epargne Travaux;
Aout 2026;11;C;C11;520;
Aout 2026;11;E;E11;Assurances prêt;
Aout 2026;11;F;F11;79.98;
Aout 2026;11;G;G11;x;
Aout 2026;11;H;H11;79.98;"=IF(G11=""x"",F11,0)"
Aout 2026;11;K;K11;Logement;
Aout 2026;12;B;B12;Remboursement Axa;
Aout 2026;12;C;C12;264.09;
Aout 2026;12;E;E12;Assurances prêt;
Aout 2026;12;F;F12;28.49;
Aout 2026;12;G;G12;x;
Aout 2026;12;H;H12;28.49;"=IF(G12=""x"",F12,0)"
Aout 2026;12;K;K12;Logement;
Aout 2026;13;B;B13;Remboursement Notaire;
Aout 2026;13;C;C13;789.8;
Aout 2026;13;E;E13;Disney;
Aout 2026;13;F;F13;6.99;
Aout 2026;13;G;G13;x;
Aout 2026;13;H;H13;6.99;"=IF(G13=""x"",F13,0)"
Aout 2026;13;K;K13;Internet/Téléphone;
Aout 2026;14;B;B14;Epargne Compresseur;
Aout 2026;14;C;C14;523.7;
Aout 2026;14;E;E14;EDF Arthur;
Aout 2026;14;F;F14;65;
Aout 2026;14;H;H14;0;"=IF(G14=""x"",F14,0)"
Aout 2026;14;K;K14;Charges;
Aout 2026;15;B;B15;Scolarité Pret Arthur;
Aout 2026;15;C;C15;726.96;
Aout 2026;15;E;E15;EkWateur;
Aout 2026;15;F;F15;208;
Aout 2026;15;G;G15;x;
Aout 2026;15;H;H15;208;"=IF(G15=""x"",F15,0)"
Aout 2026;15;K;K15;Charges;
Aout 2026;16;E;E16;Sosh Maison;
Aout 2026;16;F;F16;24.99;
Aout 2026;16;G;G16;x;
Aout 2026;16;H;H16;24.99;"=IF(G16=""x"",F16,0)"
Aout 2026;16;K;K16;Internet/Téléphone;
Aout 2026;17;H;H17;0;"=IF(G17=""x"",F17,0)"
Aout 2026;17;K;K17;Internet/Téléphone;
Aout 2026;18;E;E18;Sosh Ael;
Aout 2026;18;F;F18;14.99;
Aout 2026;18;G;G18;x;
Aout 2026;18;H;H18;14.99;"=IF(G18=""x"",F18,0)"
Aout 2026;18;K;K18;Internet/Téléphone;
Aout 2026;19;E;E19;Sosh Elouen;
Aout 2026;19;F;F19;14.99;
Aout 2026;19;G;G19;x;
Aout 2026;19;H;H19;14.99;"=IF(G19=""x"",F19,0)"
Aout 2026;19;K;K19;Internet/Téléphone;
Aout 2026;20;E;E20;Sosh Sterenn;
Aout 2026;20;F;F20;10.99;
Aout 2026;20;G;G20;x;
Aout 2026;20;H;H20;10.99;"=IF(G20=""x"",F20,0)"
Aout 2026;20;K;K20;Internet/Téléphone;
Aout 2026;21;E;E21;Mutuelle;
Aout 2026;21;F;F21;104.98;
Aout 2026;21;G;G21;x;
Aout 2026;21;H;H21;104.98;"=IF(G21=""x"",F21,0)"
Aout 2026;21;K;K21;Assurances/Mutuelle;
Aout 2026;23;E;E23;AxaHabitation;
Aout 2026;23;F;F23;62.88;
Aout 2026;23;G;G23;x;
Aout 2026;23;H;H23;62.88;"=IF(G23=""x"",F23,0)"
Aout 2026;23;K;K23;Assurances/Mutuelle;
Aout 2026;24;E;E24;VW LDD;
Aout 2026;24;F;F24;331.65;
Aout 2026;24;G;G24;x;
Aout 2026;24;H;H24;331.65;"=IF(G24=""x"",F24,0)"
Aout 2026;24;K;K24;Voiture/Déplacement;
Aout 2026;25;E;E25;Axa Voiture;
Aout 2026;25;F;F25;88.03;
Aout 2026;25;G;G25;x;
Aout 2026;25;H;H25;88.03;"=IF(G25=""x"",F25,0)"
Aout 2026;25;K;K25;Assurances/Mutuelle;
Aout 2026;26;E;E26;Suravenir Garanties Vie;
Aout 2026;26;F;F26;18.99;
Aout 2026;26;G;G26;x;
Aout 2026;26;H;H26;18.99;"=IF(G26=""x"",F26,0)"
Aout 2026;26;K;K26;Assurances/Mutuelle;
Aout 2026;27;E;E27;Joséphine;
Aout 2026;27;F;F27;20;
Aout 2026;27;G;G27;x;
Aout 2026;27;H;H27;20;"=IF(G27=""x"",F27,0)"
Aout 2026;27;K;K27;Divers;
Aout 2026;28;E;E28;Canal Plus;
Aout 2026;28;F;F28;21.99;
Aout 2026;28;G;G28;x;
Aout 2026;28;H;H28;21.99;"=IF(G28=""x"",F28,0)"
Aout 2026;28;K;K28;Internet/Téléphone;
Aout 2026;29;H;H29;0;"=IF(G29=""x"",F29,0)"
Aout 2026;29;K;K29;Voiture/Déplacement;
Aout 2026;30;E;E30;Keolis Elouen;
Aout 2026;30;F;F30;21.4;
Aout 2026;30;G;G30;x;
Aout 2026;30;H;H30;21.4;"=IF(G30=""x"",F30,0)"
Aout 2026;30;K;K30;Voiture/Déplacement;
Aout 2026;31;E;E31;Apple;
Aout 2026;31;F;F31;0.99;
Aout 2026;31;G;G31;x;
Aout 2026;31;H;H31;0.99;"=IF(G31=""x"",F31,0)"
Aout 2026;31;K;K31;Internet/Téléphone;
Aout 2026;32;E;E32;Apple;
Aout 2026;32;F;F32;0.99;
Aout 2026;32;G;G32;x;
Aout 2026;32;H;H32;0.99;"=IF(G32=""x"",F32,0)"
Aout 2026;32;K;K32;Internet/Téléphone;
Aout 2026;33;E;E33;Apple;
Aout 2026;33;F;F33;16.99;
Aout 2026;33;G;G33;x;
Aout 2026;33;H;H33;16.99;"=IF(G33=""x"",F33,0)"
Aout 2026;33;K;K33;Internet/Téléphone;
Aout 2026;34;E;E34;St Charles;
Aout 2026;34;F;F34;278.3;
Aout 2026;34;H;H34;0;"=IF(G34=""x"",F34,0)"
Aout 2026;34;K;K34;Scolarité;
Aout 2026;35;E;E35;Ménage;
Aout 2026;35;F;F35;170;
Aout 2026;35;H;H35;0;"=IF(G35=""x"",F35,0)"
Aout 2026;35;K;K35;Logement;
Aout 2026;36;E;E36;Urssaaf;
Aout 2026;36;F;F36;129.86;
Aout 2026;36;G;G36;x;
Aout 2026;36;H;H36;129.86;"=IF(G36=""x"",F36,0)"
Aout 2026;36;K;K36;Logement;
Aout 2026;37;E;E37;Cotisation Eurocompte;
Aout 2026;37;F;F37;19.03;
Aout 2026;37;G;G37;x;
Aout 2026;37;H;H37;19.03;"=IF(G37=""x"",F37,0)"
Aout 2026;37;K;K37;Charges;
Aout 2026;38;E;E38;Indivision;
Aout 2026;38;F;F38;33.89;
Aout 2026;38;G;G38;x;
Aout 2026;38;H;H38;33.89;"=IF(G38=""x"",F38,0)"
Aout 2026;38;K;K38;Charges;
Aout 2026;39;A;A39;Etat mois précédent;
Aout 2026;39;C;C39;#REF!;='Juillet 2026'!D43
Aout 2026;40;A;A40;Recettes fixes;
Aout 2026;40;C;C40;7336.909999999999;=SUM(C2:C6)
Aout 2026;40;E;E40;Somme dépenses prévues;
Aout 2026;40;F;F40;4451.6799999999985;=SUM(F2:F38)
Aout 2026;40;G;G40;Somme dépenses réelles;
Aout 2026;40;H;H40;3938.3799999999987;=SUM(H2:H38)
Aout 2026;40;I;I40;Delta moins les exceptions;
Aout 2026;41;A;A41;Recettes additionnelles du mois;
Aout 2026;41;C;C41;3593.6099999999997;=SUM(C8:C35)
Aout 2026;41;E;E41;Reste previsionnel;
Aout 2026;41;F;F41;#REF!;=C42-F40
Aout 2026;41;G;G41;Delta du mois;
Aout 2026;41;H;H41;#REF!;=C39+C40+C41-H40-F42
Aout 2026;42;A;A42;Total Recettes;
Aout 2026;42;C;C42;#REF!;=SUM(C39:C41)
Aout 2026;42;E;E42;Somme dépenses non prévues;
Aout 2026;42;F;F42;7214.469999999998;=SUM(J44:J249)
Aout 2026;43;A;A43;Reste prévu;
Aout 2026;43;B;B43;#REF!;=$C$42-$F$40-$F$42
Aout 2026;43;C;C43;Reste réel;
Aout 2026;43;D;D43;#REF!;=$C$42-$H$40-$F$42
Aout 2026;44;A;A44;Reste prévu;"=IF(AND(NOT(ISBLANK(#REF!)),ISBLANK(G44)),""Reste prévu"","""")"
Aout 2026;44;B;B44;#REF!;"=IF(AND(NOT(ISBLANK(#REF!)),ISBLANK($G44)),$C$42-$F$40-$F$42,"""")"
Aout 2026;44;C;C44;Reste réel;"=IF(AND(NOT(ISBLANK(#REF!)),ISBLANK($G44)),""Reste réel"","""")"
Aout 2026;44;D;D44;#REF!;"=IF(AND(NOT(ISBLANK(#REF!)),ISBLANK($G44)),$C$42-$H$40-$F$42,"""")"
Aout 2026;44;J;J44;0;"=IF(I44=""x"",H44,0)"
Aout 2026;44;K;K44;Loisirs;
Aout 2026;45;A;A45;;"=IF(AND(NOT(ISBLANK(G44)),ISBLANK(G45)),""Reste prévu"","""")"
Aout 2026;45;B;B45;;"=IF(AND(NOT(ISBLANK($G44)),ISBLANK($G45)),$C$42-$F$40-$F$42,"""")"
Aout 2026;45;C;C45;;"=IF(AND(NOT(ISBLANK($G44)),ISBLANK($G45)),""Reste réel"","""")"
Aout 2026;45;D;D45;;"=IF(AND(NOT(ISBLANK($G44)),ISBLANK($G45)),$C$42-$H$40-$F$42,"""")"
Aout 2026;45;G;G45;Mademoiselle;
Aout 2026;45;H;H45;146;
Aout 2026;45;I;I45;x;
Aout 2026;45;J;J45;146;"=IF(I45=""x"",H45,0)"
Aout 2026;45;K;K45;Vêtements;
Aout 2026;46;A;A46;;"=IF(AND(NOT(ISBLANK(G45)),ISBLANK(G46)),""Reste prévu"","""")"
Aout 2026;46;B;B46;;"=IF(AND(NOT(ISBLANK($G45)),ISBLANK($G46)),$C$42-$F$40-$F$42,"""")"
Aout 2026;46;C;C46;;"=IF(AND(NOT(ISBLANK($G45)),ISBLANK($G46)),""Reste réel"","""")"
Aout 2026;46;D;D46;;"=IF(AND(NOT(ISBLANK($G45)),ISBLANK($G46)),$C$42-$H$40-$F$42,"""")"
Aout 2026;46;G;G46;Maryannick;
Aout 2026;46;H;H46;21.9;
Aout 2026;46;I;I46;x;
Aout 2026;46;J;J46;21.9;"=IF(I46=""x"",H46,0)"
Aout 2026;46;K;K46;Vêtements;
Aout 2026;47;A;A47;;"=IF(AND(NOT(ISBLANK(G46)),ISBLANK(G47)),""Reste prévu"","""")"
Aout 2026;47;B;B47;;"=IF(AND(NOT(ISBLANK($G46)),ISBLANK($G47)),$C$42-$F$40-$F$42,"""")"
Aout 2026;47;C;C47;;"=IF(AND(NOT(ISBLANK($G46)),ISBLANK($G47)),""Reste réel"","""")"
Aout 2026;47;D;D47;;"=IF(AND(NOT(ISBLANK($G46)),ISBLANK($G47)),$C$42-$H$40-$F$42,"""")"
Aout 2026;47;G;G47;Buvette Estivales;
Aout 2026;47;H;H47;14;
Aout 2026;47;I;I47;x;
Aout 2026;47;J;J47;14;"=IF(I47=""x"",H47,0)"
Aout 2026;47;K;K47;Loisirs;
Aout 2026;48;A;A48;;"=IF(AND(NOT(ISBLANK(G47)),ISBLANK(G48)),""Reste prévu"","""")"
Aout 2026;48;B;B48;;"=IF(AND(NOT(ISBLANK($G47)),ISBLANK($G48)),$C$42-$F$40-$F$42,"""")"
Aout 2026;48;C;C48;;"=IF(AND(NOT(ISBLANK($G47)),ISBLANK($G48)),""Reste réel"","""")"
Aout 2026;48;D;D48;;"=IF(AND(NOT(ISBLANK($G47)),ISBLANK($G48)),$C$42-$H$40-$F$42,"""")"
Aout 2026;48;G;G48;Panzini;
Aout 2026;48;H;H48;25;
Aout 2026;48;I;I48;x;
Aout 2026;48;J;J48;25;"=IF(I48=""x"",H48,0)"
Aout 2026;48;K;K48;Vêtements;
Aout 2026;49;A;A49;;"=IF(AND(NOT(ISBLANK(G48)),ISBLANK(G49)),""Reste prévu"","""")"
Aout 2026;49;B;B49;;"=IF(AND(NOT(ISBLANK($G48)),ISBLANK($G49)),$C$42-$F$40-$F$42,"""")"
Aout 2026;49;C;C49;;"=IF(AND(NOT(ISBLANK($G48)),ISBLANK($G49)),""Reste réel"","""")"
Aout 2026;49;D;D49;;"=IF(AND(NOT(ISBLANK($G48)),ISBLANK($G49)),$C$42-$H$40-$F$42,"""")"
Aout 2026;49;G;G49;Boulangerie;
Aout 2026;49;H;H49;13.2;
Aout 2026;49;I;I49;x;
Aout 2026;49;J;J49;13.2;"=IF(I49=""x"",H49,0)"
Aout 2026;49;K;K49;Courses;
Aout 2026;50;A;A50;;"=IF(AND(NOT(ISBLANK(G49)),ISBLANK(G50)),""Reste prévu"","""")"
Aout 2026;50;B;B50;;"=IF(AND(NOT(ISBLANK($G49)),ISBLANK($G50)),$C$42-$F$40-$F$42,"""")"
Aout 2026;50;C;C50;;"=IF(AND(NOT(ISBLANK($G49)),ISBLANK($G50)),""Reste réel"","""")"
Aout 2026;50;D;D50;;"=IF(AND(NOT(ISBLANK($G49)),ISBLANK($G50)),$C$42-$H$40-$F$42,"""")"
Aout 2026;50;G;G50;Leclerc;
Aout 2026;50;H;H50;48.21;
Aout 2026;50;I;I50;x;
Aout 2026;50;J;J50;48.21;"=IF(I50=""x"",H50,0)"
Aout 2026;50;K;K50;Courses;
Aout 2026;51;A;A51;;"=IF(AND(NOT(ISBLANK(G50)),ISBLANK(G51)),""Reste prévu"","""")"
Aout 2026;51;B;B51;;"=IF(AND(NOT(ISBLANK($G50)),ISBLANK($G51)),$C$42-$F$40-$F$42,"""")"
Aout 2026;51;C;C51;;"=IF(AND(NOT(ISBLANK($G50)),ISBLANK($G51)),""Reste réel"","""")"
Aout 2026;51;D;D51;;"=IF(AND(NOT(ISBLANK($G50)),ISBLANK($G51)),$C$42-$H$40-$F$42,"""")"
Aout 2026;51;G;G51;Mr Bricolage;
Aout 2026;51;H;H51;23.85;
Aout 2026;51;I;I51;x;
Aout 2026;51;J;J51;23.85;"=IF(I51=""x"",H51,0)"
Aout 2026;51;K;K51;Bricolage/Travaux;
Aout 2026;52;A;A52;;"=IF(AND(NOT(ISBLANK(G51)),ISBLANK(G52)),""Reste prévu"","""")"
Aout 2026;52;B;B52;;"=IF(AND(NOT(ISBLANK($G51)),ISBLANK($G52)),$C$42-$F$40-$F$42,"""")"
Aout 2026;52;C;C52;;"=IF(AND(NOT(ISBLANK($G51)),ISBLANK($G52)),""Reste réel"","""")"
Aout 2026;52;D;D52;;"=IF(AND(NOT(ISBLANK($G51)),ISBLANK($G52)),$C$42-$H$40-$F$42,"""")"
Aout 2026;52;G;G52;ChargeMap;
Aout 2026;52;H;H52;8.76;
Aout 2026;52;I;I52;x;
Aout 2026;52;J;J52;8.76;"=IF(I52=""x"",H52,0)"
Aout 2026;52;K;K52;Voiture/Déplacement;
Aout 2026;53;A;A53;;"=IF(AND(NOT(ISBLANK(G52)),ISBLANK(G53)),""Reste prévu"","""")"
Aout 2026;53;B;B53;;"=IF(AND(NOT(ISBLANK($G52)),ISBLANK($G53)),$C$42-$F$40-$F$42,"""")"
Aout 2026;53;C;C53;;"=IF(AND(NOT(ISBLANK($G52)),ISBLANK($G53)),""Reste réel"","""")"
Aout 2026;53;D;D53;;"=IF(AND(NOT(ISBLANK($G52)),ISBLANK($G53)),$C$42-$H$40-$F$42,"""")"
Aout 2026;53;G;G53;Pharmacie;
Aout 2026;53;H;H53;78.7;
Aout 2026;53;I;I53;x;
Aout 2026;53;J;J53;78.7;"=IF(I53=""x"",H53,0)"
Aout 2026;53;K;K53;Medical;
Aout 2026;54;A;A54;;"=IF(AND(NOT(ISBLANK(G53)),ISBLANK(G54)),""Reste prévu"","""")"
Aout 2026;54;B;B54;;"=IF(AND(NOT(ISBLANK($G53)),ISBLANK($G54)),$C$42-$F$40-$F$42,"""")"
Aout 2026;54;C;C54;;"=IF(AND(NOT(ISBLANK($G53)),ISBLANK($G54)),""Reste réel"","""")"
Aout 2026;54;D;D54;;"=IF(AND(NOT(ISBLANK($G53)),ISBLANK($G54)),$C$42-$H$40-$F$42,"""")"
Aout 2026;54;G;G54;Ikea;
Aout 2026;54;H;H54;60.91;
Aout 2026;54;I;I54;x;
Aout 2026;54;J;J54;60.91;"=IF(I54=""x"",H54,0)"
Aout 2026;54;K;K54;Bricolage/Travaux;
Aout 2026;55;A;A55;;"=IF(AND(NOT(ISBLANK(G54)),ISBLANK(G55)),""Reste prévu"","""")"
Aout 2026;55;B;B55;;"=IF(AND(NOT(ISBLANK($G54)),ISBLANK($G55)),$C$42-$F$40-$F$42,"""")"
Aout 2026;55;C;C55;;"=IF(AND(NOT(ISBLANK($G54)),ISBLANK($G55)),""Reste réel"","""")"
Aout 2026;55;D;D55;;"=IF(AND(NOT(ISBLANK($G54)),ISBLANK($G55)),$C$42-$H$40-$F$42,"""")"
Aout 2026;55;G;G55;Mr Bricolage;
Aout 2026;55;H;H55;11.9;
Aout 2026;55;I;I55;x;
Aout 2026;55;J;J55;11.9;"=IF(I55=""x"",H55,0)"
Aout 2026;55;K;K55;Bricolage/Travaux;
Aout 2026;56;A;A56;;"=IF(AND(NOT(ISBLANK(G55)),ISBLANK(G56)),""Reste prévu"","""")"
Aout 2026;56;B;B56;;"=IF(AND(NOT(ISBLANK($G55)),ISBLANK($G56)),$C$42-$F$40-$F$42,"""")"
Aout 2026;56;C;C56;;"=IF(AND(NOT(ISBLANK($G55)),ISBLANK($G56)),""Reste réel"","""")"
Aout 2026;56;D;D56;;"=IF(AND(NOT(ISBLANK($G55)),ISBLANK($G56)),$C$42-$H$40-$F$42,"""")"
Aout 2026;56;G;G56;Cigarettes;
Aout 2026;56;H;H56;13;
Aout 2026;56;I;I56;x;
Aout 2026;56;J;J56;13;"=IF(I56=""x"",H56,0)"
Aout 2026;56;K;K56;Divers;
Aout 2026;57;A;A57;;"=IF(AND(NOT(ISBLANK(G56)),ISBLANK(G57)),""Reste prévu"","""")"
Aout 2026;57;B;B57;;"=IF(AND(NOT(ISBLANK($G56)),ISBLANK($G57)),$C$42-$F$40-$F$42,"""")"
Aout 2026;57;C;C57;;"=IF(AND(NOT(ISBLANK($G56)),ISBLANK($G57)),""Reste réel"","""")"
Aout 2026;57;D;D57;;"=IF(AND(NOT(ISBLANK($G56)),ISBLANK($G57)),$C$42-$H$40-$F$42,"""")"
Aout 2026;57;G;G57;Rory Langueux;
Aout 2026;57;H;H57;23.1;
Aout 2026;57;I;I57;x;
Aout 2026;57;J;J57;23.1;"=IF(I57=""x"",H57,0)"
Aout 2026;57;K;K57;Vêtements;
Aout 2026;58;A;A58;;"=IF(AND(NOT(ISBLANK(G57)),ISBLANK(G58)),""Reste prévu"","""")"
Aout 2026;58;B;B58;;"=IF(AND(NOT(ISBLANK($G57)),ISBLANK($G58)),$C$42-$F$40-$F$42,"""")"
Aout 2026;58;C;C58;;"=IF(AND(NOT(ISBLANK($G57)),ISBLANK($G58)),""Reste réel"","""")"
Aout 2026;58;D;D58;;"=IF(AND(NOT(ISBLANK($G57)),ISBLANK($G58)),$C$42-$H$40-$F$42,"""")"
Aout 2026;58;G;G58;Leroy Merlin;
Aout 2026;58;H;H58;185.35;
Aout 2026;58;I;I58;x;
Aout 2026;58;J;J58;185.35;"=IF(I58=""x"",H58,0)"
Aout 2026;58;K;K58;Bricolage/Travaux;
Aout 2026;59;A;A59;;"=IF(AND(NOT(ISBLANK(G58)),ISBLANK(G59)),""Reste prévu"","""")"
Aout 2026;59;B;B59;;"=IF(AND(NOT(ISBLANK($G58)),ISBLANK($G59)),$C$42-$F$40-$F$42,"""")"
Aout 2026;59;C;C59;;"=IF(AND(NOT(ISBLANK($G58)),ISBLANK($G59)),""Reste réel"","""")"
Aout 2026;59;D;D59;;"=IF(AND(NOT(ISBLANK($G58)),ISBLANK($G59)),$C$42-$H$40-$F$42,"""")"
Aout 2026;59;G;G59;Ikea;
Aout 2026;59;H;H59;335.93;
Aout 2026;59;I;I59;x;
Aout 2026;59;J;J59;335.93;"=IF(I59=""x"",H59,0)"
Aout 2026;59;K;K59;Bricolage/Travaux;
Aout 2026;60;A;A60;;"=IF(AND(NOT(ISBLANK(G59)),ISBLANK(G60)),""Reste prévu"","""")"
Aout 2026;60;B;B60;;"=IF(AND(NOT(ISBLANK($G59)),ISBLANK($G60)),$C$42-$F$40-$F$42,"""")"
Aout 2026;60;C;C60;;"=IF(AND(NOT(ISBLANK($G59)),ISBLANK($G60)),""Reste réel"","""")"
Aout 2026;60;D;D60;;"=IF(AND(NOT(ISBLANK($G59)),ISBLANK($G60)),$C$42-$H$40-$F$42,"""")"
Aout 2026;60;G;G60;Amazon;
Aout 2026;60;H;H60;36.29;
Aout 2026;60;I;I60;x;
Aout 2026;60;J;J60;36.29;"=IF(I60=""x"",H60,0)"
Aout 2026;60;K;K60;Courses;
Aout 2026;61;A;A61;;"=IF(AND(NOT(ISBLANK(G60)),ISBLANK(G61)),""Reste prévu"","""")"
Aout 2026;61;B;B61;;"=IF(AND(NOT(ISBLANK($G60)),ISBLANK($G61)),$C$42-$F$40-$F$42,"""")"
Aout 2026;61;C;C61;;"=IF(AND(NOT(ISBLANK($G60)),ISBLANK($G61)),""Reste réel"","""")"
Aout 2026;61;D;D61;;"=IF(AND(NOT(ISBLANK($G60)),ISBLANK($G61)),$C$42-$H$40-$F$42,"""")"
Aout 2026;61;G;G61;Amazon;
Aout 2026;61;H;H61;279;
Aout 2026;61;I;I61;x;
Aout 2026;61;J;J61;279;"=IF(I61=""x"",H61,0)"
Aout 2026;61;K;K61;Bricolage/Travaux;
Aout 2026;62;A;A62;;"=IF(AND(NOT(ISBLANK(G61)),ISBLANK(G62)),""Reste prévu"","""")"
Aout 2026;62;B;B62;;"=IF(AND(NOT(ISBLANK($G61)),ISBLANK($G62)),$C$42-$F$40-$F$42,"""")"
Aout 2026;62;C;C62;;"=IF(AND(NOT(ISBLANK($G61)),ISBLANK($G62)),""Reste réel"","""")"
Aout 2026;62;D;D62;;"=IF(AND(NOT(ISBLANK($G61)),ISBLANK($G62)),$C$42-$H$40-$F$42,"""")"
Aout 2026;62;G;G62;Leclerc;
Aout 2026;62;H;H62;182.67;
Aout 2026;62;I;I62;x;
Aout 2026;62;J;J62;182.67;"=IF(I62=""x"",H62,0)"
Aout 2026;62;K;K62;Courses;
Aout 2026;63;A;A63;;"=IF(AND(NOT(ISBLANK(G62)),ISBLANK(G63)),""Reste prévu"","""")"
Aout 2026;63;B;B63;;"=IF(AND(NOT(ISBLANK($G62)),ISBLANK($G63)),$C$42-$F$40-$F$42,"""")"
Aout 2026;63;C;C63;;"=IF(AND(NOT(ISBLANK($G62)),ISBLANK($G63)),""Reste réel"","""")"
Aout 2026;63;D;D63;;"=IF(AND(NOT(ISBLANK($G62)),ISBLANK($G63)),$C$42-$H$40-$F$42,"""")"
Aout 2026;63;G;G63;Marché;
Aout 2026;63;H;H63;35;
Aout 2026;63;I;I63;x;
Aout 2026;63;J;J63;35;"=IF(I63=""x"",H63,0)"
Aout 2026;63;K;K63;Courses;
Aout 2026;64;A;A64;;"=IF(AND(NOT(ISBLANK(G63)),ISBLANK(G64)),""Reste prévu"","""")"
Aout 2026;64;B;B64;;"=IF(AND(NOT(ISBLANK($G63)),ISBLANK($G64)),$C$42-$F$40-$F$42,"""")"
Aout 2026;64;C;C64;;"=IF(AND(NOT(ISBLANK($G63)),ISBLANK($G64)),""Reste réel"","""")"
Aout 2026;64;D;D64;;"=IF(AND(NOT(ISBLANK($G63)),ISBLANK($G64)),$C$42-$H$40-$F$42,"""")"
Aout 2026;64;G;G64;Marché;
Aout 2026;64;H;H64;40;
Aout 2026;64;I;I64;x;
Aout 2026;64;J;J64;40;"=IF(I64=""x"",H64,0)"
Aout 2026;64;K;K64;Courses;
Aout 2026;65;A;A65;;"=IF(AND(NOT(ISBLANK(G64)),ISBLANK(G65)),""Reste prévu"","""")"
Aout 2026;65;B;B65;;"=IF(AND(NOT(ISBLANK($G64)),ISBLANK($G65)),$C$42-$F$40-$F$42,"""")"
Aout 2026;65;C;C65;;"=IF(AND(NOT(ISBLANK($G64)),ISBLANK($G65)),""Reste réel"","""")"
Aout 2026;65;D;D65;;"=IF(AND(NOT(ISBLANK($G64)),ISBLANK($G65)),$C$42-$H$40-$F$42,"""")"
Aout 2026;65;G;G65;Amazon;
Aout 2026;65;H;H65;10.99;
Aout 2026;65;I;I65;x;
Aout 2026;65;J;J65;10.99;"=IF(I65=""x"",H65,0)"
Aout 2026;65;K;K65;Divers;
Aout 2026;66;A;A66;;"=IF(AND(NOT(ISBLANK(G65)),ISBLANK(G66)),""Reste prévu"","""")"
Aout 2026;66;B;B66;;"=IF(AND(NOT(ISBLANK($G65)),ISBLANK($G66)),$C$42-$F$40-$F$42,"""")"
Aout 2026;66;C;C66;;"=IF(AND(NOT(ISBLANK($G65)),ISBLANK($G66)),""Reste réel"","""")"
Aout 2026;66;D;D66;;"=IF(AND(NOT(ISBLANK($G65)),ISBLANK($G66)),$C$42-$H$40-$F$42,"""")"
Aout 2026;66;G;G66;Amazon;
Aout 2026;66;H;H66;19.89;
Aout 2026;66;I;I66;x;
Aout 2026;66;J;J66;19.89;"=IF(I66=""x"",H66,0)"
Aout 2026;66;K;K66;Divers;
Aout 2026;67;A;A67;;"=IF(AND(NOT(ISBLANK(G66)),ISBLANK(G67)),""Reste prévu"","""")"
Aout 2026;67;B;B67;;"=IF(AND(NOT(ISBLANK($G66)),ISBLANK($G67)),$C$42-$F$40-$F$42,"""")"
Aout 2026;67;C;C67;;"=IF(AND(NOT(ISBLANK($G66)),ISBLANK($G67)),""Reste réel"","""")"
Aout 2026;67;D;D67;;"=IF(AND(NOT(ISBLANK($G66)),ISBLANK($G67)),$C$42-$H$40-$F$42,"""")"
Aout 2026;67;G;G67;Optique;
Aout 2026;67;H;H67;3;
Aout 2026;67;I;I67;x;
Aout 2026;67;J;J67;3;"=IF(I67=""x"",H67,0)"
Aout 2026;67;K;K67;Medical;
Aout 2026;68;A;A68;;"=IF(AND(NOT(ISBLANK(G67)),ISBLANK(G68)),""Reste prévu"","""")"
Aout 2026;68;B;B68;;"=IF(AND(NOT(ISBLANK($G67)),ISBLANK($G68)),$C$42-$F$40-$F$42,"""")"
Aout 2026;68;C;C68;;"=IF(AND(NOT(ISBLANK($G67)),ISBLANK($G68)),""Reste réel"","""")"
Aout 2026;68;D;D68;;"=IF(AND(NOT(ISBLANK($G67)),ISBLANK($G68)),$C$42-$H$40-$F$42,"""")"
Aout 2026;68;G;G68;Leclerc;
Aout 2026;68;H;H68;47.17;
Aout 2026;68;I;I68;x;
Aout 2026;68;J;J68;47.17;"=IF(I68=""x"",H68,0)"
Aout 2026;68;K;K68;Courses;
Aout 2026;69;A;A69;;"=IF(AND(NOT(ISBLANK(G68)),ISBLANK(G69)),""Reste prévu"","""")"
Aout 2026;69;B;B69;;"=IF(AND(NOT(ISBLANK($G68)),ISBLANK($G69)),$C$42-$F$40-$F$42,"""")"
Aout 2026;69;C;C69;;"=IF(AND(NOT(ISBLANK($G68)),ISBLANK($G69)),""Reste réel"","""")"
Aout 2026;69;D;D69;;"=IF(AND(NOT(ISBLANK($G68)),ISBLANK($G69)),$C$42-$H$40-$F$42,"""")"
Aout 2026;69;G;G69;Ptit Comod;
Aout 2026;69;H;H69;8;
Aout 2026;69;I;I69;x;
Aout 2026;69;J;J69;8;"=IF(I69=""x"",H69,0)"
Aout 2026;69;K;K69;Courses;
Aout 2026;70;A;A70;;"=IF(AND(NOT(ISBLANK(G69)),ISBLANK(G70)),""Reste prévu"","""")"
Aout 2026;70;B;B70;;"=IF(AND(NOT(ISBLANK($G69)),ISBLANK($G70)),$C$42-$F$40-$F$42,"""")"
Aout 2026;70;C;C70;;"=IF(AND(NOT(ISBLANK($G69)),ISBLANK($G70)),""Reste réel"","""")"
Aout 2026;70;D;D70;;"=IF(AND(NOT(ISBLANK($G69)),ISBLANK($G70)),$C$42-$H$40-$F$42,"""")"
Aout 2026;70;G;G70;Leclerc;
Aout 2026;70;H;H70;39.59;
Aout 2026;70;I;I70;x;
Aout 2026;70;J;J70;39.59;"=IF(I70=""x"",H70,0)"
Aout 2026;70;K;K70;Courses;
Aout 2026;71;A;A71;;"=IF(AND(NOT(ISBLANK(G70)),ISBLANK(G71)),""Reste prévu"","""")"
Aout 2026;71;B;B71;;"=IF(AND(NOT(ISBLANK($G70)),ISBLANK($G71)),$C$42-$F$40-$F$42,"""")"
Aout 2026;71;C;C71;;"=IF(AND(NOT(ISBLANK($G70)),ISBLANK($G71)),""Reste réel"","""")"
Aout 2026;71;D;D71;;"=IF(AND(NOT(ISBLANK($G70)),ISBLANK($G71)),$C$42-$H$40-$F$42,"""")"
Aout 2026;71;G;G71;Amazon;
Aout 2026;71;H;H71;16.98;
Aout 2026;71;I;I71;x;
Aout 2026;71;J;J71;16.98;"=IF(I71=""x"",H71,0)"
Aout 2026;71;K;K71;Bricolage/Travaux;
Aout 2026;72;A;A72;;"=IF(AND(NOT(ISBLANK(G71)),ISBLANK(G72)),""Reste prévu"","""")"
Aout 2026;72;B;B72;;"=IF(AND(NOT(ISBLANK($G71)),ISBLANK($G72)),$C$42-$F$40-$F$42,"""")"
Aout 2026;72;C;C72;;"=IF(AND(NOT(ISBLANK($G71)),ISBLANK($G72)),""Reste réel"","""")"
Aout 2026;72;D;D72;;"=IF(AND(NOT(ISBLANK($G71)),ISBLANK($G72)),$C$42-$H$40-$F$42,"""")"
Aout 2026;72;G;G72;Amazon;
Aout 2026;72;H;H72;14.99;
Aout 2026;72;I;I72;x;
Aout 2026;72;J;J72;14.99;"=IF(I72=""x"",H72,0)"
Aout 2026;72;K;K72;Bricolage/Travaux;
Aout 2026;73;A;A73;;"=IF(AND(NOT(ISBLANK(G72)),ISBLANK(G73)),""Reste prévu"","""")"
Aout 2026;73;B;B73;;"=IF(AND(NOT(ISBLANK($G72)),ISBLANK($G73)),$C$42-$F$40-$F$42,"""")"
Aout 2026;73;C;C73;;"=IF(AND(NOT(ISBLANK($G72)),ISBLANK($G73)),""Reste réel"","""")"
Aout 2026;73;D;D73;;"=IF(AND(NOT(ISBLANK($G72)),ISBLANK($G73)),$C$42-$H$40-$F$42,"""")"
Aout 2026;73;G;G73;Cube gaz;
Aout 2026;73;H;H73;26.97;
Aout 2026;73;I;I73;x;
Aout 2026;73;J;J73;26.97;"=IF(I73=""x"",H73,0)"
Aout 2026;73;K;K73;Charges;
Aout 2026;74;A;A74;;"=IF(AND(NOT(ISBLANK(G73)),ISBLANK(G74)),""Reste prévu"","""")"
Aout 2026;74;B;B74;;"=IF(AND(NOT(ISBLANK($G73)),ISBLANK($G74)),$C$42-$F$40-$F$42,"""")"
Aout 2026;74;C;C74;;"=IF(AND(NOT(ISBLANK($G73)),ISBLANK($G74)),""Reste réel"","""")"
Aout 2026;74;D;D74;;"=IF(AND(NOT(ISBLANK($G73)),ISBLANK($G74)),$C$42-$H$40-$F$42,"""")"
Aout 2026;74;G;G74;Baramoules;
Aout 2026;74;H;H74;159.1;
Aout 2026;74;I;I74;x;
Aout 2026;74;J;J74;159.1;"=IF(I74=""x"",H74,0)"
Aout 2026;74;K;K74;Loisirs;
Aout 2026;75;A;A75;;"=IF(AND(NOT(ISBLANK(G74)),ISBLANK(G75)),""Reste prévu"","""")"
Aout 2026;75;B;B75;;"=IF(AND(NOT(ISBLANK($G74)),ISBLANK($G75)),$C$42-$F$40-$F$42,"""")"
Aout 2026;75;C;C75;;"=IF(AND(NOT(ISBLANK($G74)),ISBLANK($G75)),""Reste réel"","""")"
Aout 2026;75;D;D75;;"=IF(AND(NOT(ISBLANK($G74)),ISBLANK($G75)),$C$42-$H$40-$F$42,"""")"
Aout 2026;75;G;G75;Pharmacie;
Aout 2026;75;H;H75;13.3;
Aout 2026;75;I;I75;x;
Aout 2026;75;J;J75;13.3;"=IF(I75=""x"",H75,0)"
Aout 2026;75;K;K75;Medical;
Aout 2026;76;A;A76;;"=IF(AND(NOT(ISBLANK(G75)),ISBLANK(G76)),""Reste prévu"","""")"
Aout 2026;76;B;B76;;"=IF(AND(NOT(ISBLANK($G75)),ISBLANK($G76)),$C$42-$F$40-$F$42,"""")"
Aout 2026;76;C;C76;;"=IF(AND(NOT(ISBLANK($G75)),ISBLANK($G76)),""Reste réel"","""")"
Aout 2026;76;D;D76;;"=IF(AND(NOT(ISBLANK($G75)),ISBLANK($G76)),$C$42-$H$40-$F$42,"""")"
Aout 2026;76;G;G76;Pizza Enfants;
Aout 2026;76;H;H76;44.25;
Aout 2026;76;I;I76;x;
Aout 2026;76;J;J76;44.25;"=IF(I76=""x"",H76,0)"
Aout 2026;76;K;K76;Loisirs;
Aout 2026;77;A;A77;;"=IF(AND(NOT(ISBLANK(G76)),ISBLANK(G77)),""Reste prévu"","""")"
Aout 2026;77;B;B77;;"=IF(AND(NOT(ISBLANK($G76)),ISBLANK($G77)),$C$42-$F$40-$F$42,"""")"
Aout 2026;77;C;C77;;"=IF(AND(NOT(ISBLANK($G76)),ISBLANK($G77)),""Reste réel"","""")"
Aout 2026;77;D;D77;;"=IF(AND(NOT(ISBLANK($G76)),ISBLANK($G77)),$C$42-$H$40-$F$42,"""")"
Aout 2026;77;G;G77;La Voile;
Aout 2026;77;H;H77;34;
Aout 2026;77;I;I77;x;
Aout 2026;77;J;J77;34;"=IF(I77=""x"",H77,0)"
Aout 2026;77;K;K77;Loisirs;
Aout 2026;78;A;A78;;"=IF(AND(NOT(ISBLANK(G77)),ISBLANK(G78)),""Reste prévu"","""")"
Aout 2026;78;B;B78;;"=IF(AND(NOT(ISBLANK($G77)),ISBLANK($G78)),$C$42-$F$40-$F$42,"""")"
Aout 2026;78;C;C78;;"=IF(AND(NOT(ISBLANK($G77)),ISBLANK($G78)),""Reste réel"","""")"
Aout 2026;78;D;D78;;"=IF(AND(NOT(ISBLANK($G77)),ISBLANK($G78)),$C$42-$H$40-$F$42,"""")"
Aout 2026;78;G;G78;Leclerc;
Aout 2026;78;H;H78;6.51;
Aout 2026;78;I;I78;x;
Aout 2026;78;J;J78;6.51;"=IF(I78=""x"",H78,0)"
Aout 2026;78;K;K78;Courses;
Aout 2026;79;G;G79;Pharmacie;
Aout 2026;79;H;H79;15.4;
Aout 2026;79;I;I79;x;
Aout 2026;79;J;J79;15.4;"=IF(I79=""x"",H79,0)"
Aout 2026;79;K;K79;Medical;
Aout 2026;80;A;A80;;"=IF(AND(NOT(ISBLANK(G78)),ISBLANK(G80)),""Reste prévu"","""")"
Aout 2026;80;B;B80;;"=IF(AND(NOT(ISBLANK($G78)),ISBLANK($G80)),$C$42-$F$40-$F$42,"""")"
Aout 2026;80;C;C80;;"=IF(AND(NOT(ISBLANK($G78)),ISBLANK($G80)),""Reste réel"","""")"
Aout 2026;80;D;D80;;"=IF(AND(NOT(ISBLANK($G78)),ISBLANK($G80)),$C$42-$H$40-$F$42,"""")"
Aout 2026;80;G;G80;Boulangerie;
Aout 2026;80;H;H80;6.5;
Aout 2026;80;I;I80;x;
Aout 2026;80;J;J80;6.5;"=IF(I80=""x"",H80,0)"
Aout 2026;80;K;K80;Courses;
Aout 2026;81;A;A81;;"=IF(AND(NOT(ISBLANK(G80)),ISBLANK(G81)),""Reste prévu"","""")"
Aout 2026;81;B;B81;;"=IF(AND(NOT(ISBLANK($G80)),ISBLANK($G81)),$C$42-$F$40-$F$42,"""")"
Aout 2026;81;C;C81;;"=IF(AND(NOT(ISBLANK($G80)),ISBLANK($G81)),""Reste réel"","""")"
Aout 2026;81;D;D81;;"=IF(AND(NOT(ISBLANK($G80)),ISBLANK($G81)),$C$42-$H$40-$F$42,"""")"
Aout 2026;81;G;G81;Biscuiterie;
Aout 2026;81;H;H81;54.3;
Aout 2026;81;I;I81;x;
Aout 2026;81;J;J81;54.3;"=IF(I81=""x"",H81,0)"
Aout 2026;81;K;K81;Courses;
Aout 2026;82;A;A82;;"=IF(AND(NOT(ISBLANK(G81)),ISBLANK(G82)),""Reste prévu"","""")"
Aout 2026;82;B;B82;;"=IF(AND(NOT(ISBLANK($G81)),ISBLANK($G82)),$C$42-$F$40-$F$42,"""")"
Aout 2026;82;C;C82;;"=IF(AND(NOT(ISBLANK($G81)),ISBLANK($G82)),""Reste réel"","""")"
Aout 2026;82;D;D82;;"=IF(AND(NOT(ISBLANK($G81)),ISBLANK($G82)),$C$42-$H$40-$F$42,"""")"
Aout 2026;82;G;G82;Leclerc;
Aout 2026;82;H;H82;11.78;
Aout 2026;82;I;I82;x;
Aout 2026;82;J;J82;11.78;"=IF(I82=""x"",H82,0)"
Aout 2026;82;K;K82;Courses;
Aout 2026;83;A;A83;;"=IF(AND(NOT(ISBLANK(G82)),ISBLANK(G83)),""Reste prévu"","""")"
Aout 2026;83;B;B83;;"=IF(AND(NOT(ISBLANK($G82)),ISBLANK($G83)),$C$42-$F$40-$F$42,"""")"
Aout 2026;83;C;C83;;"=IF(AND(NOT(ISBLANK($G82)),ISBLANK($G83)),""Reste réel"","""")"
Aout 2026;83;D;D83;;"=IF(AND(NOT(ISBLANK($G82)),ISBLANK($G83)),$C$42-$H$40-$F$42,"""")"
Aout 2026;83;G;G83;Cigarettes;
Aout 2026;83;H;H83;13;
Aout 2026;83;I;I83;x;
Aout 2026;83;J;J83;13;"=IF(I83=""x"",H83,0)"
Aout 2026;83;K;K83;Divers;
Aout 2026;84;A;A84;;"=IF(AND(NOT(ISBLANK(G83)),ISBLANK(G84)),""Reste prévu"","""")"
Aout 2026;84;B;B84;;"=IF(AND(NOT(ISBLANK($G83)),ISBLANK($G84)),$C$42-$F$40-$F$42,"""")"
Aout 2026;84;C;C84;;"=IF(AND(NOT(ISBLANK($G83)),ISBLANK($G84)),""Reste réel"","""")"
Aout 2026;84;D;D84;;"=IF(AND(NOT(ISBLANK($G83)),ISBLANK($G84)),$C$42-$H$40-$F$42,"""")"
Aout 2026;84;G;G84;Arthur Rennes;
Aout 2026;84;H;H84;50;
Aout 2026;84;I;I84;x;
Aout 2026;84;J;J84;50;"=IF(I84=""x"",H84,0)"
Aout 2026;84;K;K84;Courses;
Aout 2026;85;A;A85;;"=IF(AND(NOT(ISBLANK(G84)),ISBLANK(G85)),""Reste prévu"","""")"
Aout 2026;85;B;B85;;"=IF(AND(NOT(ISBLANK($G84)),ISBLANK($G85)),$C$42-$F$40-$F$42,"""")"
Aout 2026;85;C;C85;;"=IF(AND(NOT(ISBLANK($G84)),ISBLANK($G85)),""Reste réel"","""")"
Aout 2026;85;D;D85;;"=IF(AND(NOT(ISBLANK($G84)),ISBLANK($G85)),$C$42-$H$40-$F$42,"""")"
Aout 2026;85;G;G85;Leclerc;
Aout 2026;85;H;H85;33.49;
Aout 2026;85;I;I85;x;
Aout 2026;85;J;J85;33.49;"=IF(I85=""x"",H85,0)"
Aout 2026;85;K;K85;Courses;
Aout 2026;86;A;A86;;"=IF(AND(NOT(ISBLANK(G85)),ISBLANK(G86)),""Reste prévu"","""")"
Aout 2026;86;B;B86;;"=IF(AND(NOT(ISBLANK($G85)),ISBLANK($G86)),$C$42-$F$40-$F$42,"""")"
Aout 2026;86;C;C86;;"=IF(AND(NOT(ISBLANK($G85)),ISBLANK($G86)),""Reste réel"","""")"
Aout 2026;86;D;D86;;"=IF(AND(NOT(ISBLANK($G85)),ISBLANK($G86)),$C$42-$H$40-$F$42,"""")"
Aout 2026;86;G;G86;Leclerc;
Aout 2026;86;H;H86;43.24;
Aout 2026;86;I;I86;x;
Aout 2026;86;J;J86;43.24;"=IF(I86=""x"",H86,0)"
Aout 2026;86;K;K86;Courses;
Aout 2026;87;G;G87;Train Arthur;
Aout 2026;87;H;H87;19.6;
Aout 2026;87;I;I87;x;
Aout 2026;87;J;J87;19.6;"=IF(I87=""x"",H87,0)"
Aout 2026;87;K;K87;Voiture/Déplacement;
Aout 2026;88;G;G88;Leclerc;
Aout 2026;88;H;H88;180.89;
Aout 2026;88;I;I88;x;
Aout 2026;88;J;J88;180.89;"=IF(I88=""x"",H88,0)"
Aout 2026;88;K;K88;Courses;
Aout 2026;89;A;A89;;"=IF(AND(NOT(ISBLANK(G86)),ISBLANK(G89)),""Reste prévu"","""")"
Aout 2026;89;B;B89;;"=IF(AND(NOT(ISBLANK($G86)),ISBLANK($G89)),$C$42-$F$40-$F$42,"""")"
Aout 2026;89;C;C89;;"=IF(AND(NOT(ISBLANK($G86)),ISBLANK($G89)),""Reste réel"","""")"
Aout 2026;89;D;D89;;"=IF(AND(NOT(ISBLANK($G86)),ISBLANK($G89)),$C$42-$H$40-$F$42,"""")"
Aout 2026;89;G;G89;Elouen Psy;
Aout 2026;89;H;H89;180;
Aout 2026;89;I;I89;x;
Aout 2026;89;J;J89;180;"=IF(I89=""x"",H89,0)"
Aout 2026;89;K;K89;Medical;
Aout 2026;90;A;A90;;"=IF(AND(NOT(ISBLANK(G89)),ISBLANK(G90)),""Reste prévu"","""")"
Aout 2026;90;B;B90;;"=IF(AND(NOT(ISBLANK($G89)),ISBLANK($G90)),$C$42-$F$40-$F$42,"""")"
Aout 2026;90;C;C90;;"=IF(AND(NOT(ISBLANK($G89)),ISBLANK($G90)),""Reste réel"","""")"
Aout 2026;90;D;D90;;"=IF(AND(NOT(ISBLANK($G89)),ISBLANK($G90)),$C$42-$H$40-$F$42,"""")"
Aout 2026;90;G;G90;Lunette;
Aout 2026;90;H;H90;149;
Aout 2026;90;I;I90;x;
Aout 2026;90;J;J90;149;"=IF(I90=""x"",H90,0)"
Aout 2026;90;K;K90;Medical;
Aout 2026;91;A;A91;;"=IF(AND(NOT(ISBLANK(G90)),ISBLANK(G91)),""Reste prévu"","""")"
Aout 2026;91;B;B91;;"=IF(AND(NOT(ISBLANK($G90)),ISBLANK($G91)),$C$42-$F$40-$F$42,"""")"
Aout 2026;91;C;C91;;"=IF(AND(NOT(ISBLANK($G90)),ISBLANK($G91)),""Reste réel"","""")"
Aout 2026;91;D;D91;;"=IF(AND(NOT(ISBLANK($G90)),ISBLANK($G91)),$C$42-$H$40-$F$42,"""")"
Aout 2026;91;G;G91;Epargne;
Aout 2026;91;H;H91;700;
Aout 2026;91;I;I91;x;
Aout 2026;91;J;J91;700;"=IF(I91=""x"",H91,0)"
Aout 2026;91;K;K91;Divers;
Aout 2026;92;A;A92;;"=IF(AND(NOT(ISBLANK(G91)),ISBLANK(G92)),""Reste prévu"","""")"
Aout 2026;92;B;B92;;"=IF(AND(NOT(ISBLANK($G91)),ISBLANK($G92)),$C$42-$F$40-$F$42,"""")"
Aout 2026;92;C;C92;;"=IF(AND(NOT(ISBLANK($G91)),ISBLANK($G92)),""Reste réel"","""")"
Aout 2026;92;D;D92;;"=IF(AND(NOT(ISBLANK($G91)),ISBLANK($G92)),$C$42-$H$40-$F$42,"""")"
Aout 2026;92;G;G92;Boulangerie;
Aout 2026;92;H;H92;5.2;
Aout 2026;92;I;I92;x;
Aout 2026;92;J;J92;5.2;"=IF(I92=""x"",H92,0)"
Aout 2026;92;K;K92;Courses;
Aout 2026;93;A;A93;;"=IF(AND(NOT(ISBLANK(G92)),ISBLANK(G93)),""Reste prévu"","""")"
Aout 2026;93;B;B93;;"=IF(AND(NOT(ISBLANK($G92)),ISBLANK($G93)),$C$42-$F$40-$F$42,"""")"
Aout 2026;93;C;C93;;"=IF(AND(NOT(ISBLANK($G92)),ISBLANK($G93)),""Reste réel"","""")"
Aout 2026;93;D;D93;;"=IF(AND(NOT(ISBLANK($G92)),ISBLANK($G93)),$C$42-$H$40-$F$42,"""")"
Aout 2026;93;G;G93;VSM;
Aout 2026;93;H;H93;23.3;
Aout 2026;93;I;I93;x;
Aout 2026;93;J;J93;23.3;"=IF(I93=""x"",H93,0)"
Aout 2026;93;K;K93;Courses;
Aout 2026;94;A;A94;;"=IF(AND(NOT(ISBLANK(G93)),ISBLANK(G94)),""Reste prévu"","""")"
Aout 2026;94;B;B94;;"=IF(AND(NOT(ISBLANK($G93)),ISBLANK($G94)),$C$42-$F$40-$F$42,"""")"
Aout 2026;94;C;C94;;"=IF(AND(NOT(ISBLANK($G93)),ISBLANK($G94)),""Reste réel"","""")"
Aout 2026;94;D;D94;;"=IF(AND(NOT(ISBLANK($G93)),ISBLANK($G94)),$C$42-$H$40-$F$42,"""")"
Aout 2026;94;G;G94;PPG;
Aout 2026;94;H;H94;46.4;
Aout 2026;94;I;I94;x;
Aout 2026;94;J;J94;46.4;"=IF(I94=""x"",H94,0)"
Aout 2026;94;K;K94;Vêtements;
Aout 2026;95;A;A95;;"=IF(AND(NOT(ISBLANK(G94)),ISBLANK(G95)),""Reste prévu"","""")"
Aout 2026;95;B;B95;;"=IF(AND(NOT(ISBLANK($G94)),ISBLANK($G95)),$C$42-$F$40-$F$42,"""")"
Aout 2026;95;C;C95;;"=IF(AND(NOT(ISBLANK($G94)),ISBLANK($G95)),""Reste réel"","""")"
Aout 2026;95;D;D95;;"=IF(AND(NOT(ISBLANK($G94)),ISBLANK($G95)),$C$42-$H$40-$F$42,"""")"
Aout 2026;95;G;G95;Leclerc;
Aout 2026;95;H;H95;8;
Aout 2026;95;I;I95;x;
Aout 2026;95;J;J95;8;"=IF(I95=""x"",H95,0)"
Aout 2026;95;K;K95;Courses;
Aout 2026;96;A;A96;;"=IF(AND(NOT(ISBLANK(G95)),ISBLANK(G96)),""Reste prévu"","""")"
Aout 2026;96;B;B96;;"=IF(AND(NOT(ISBLANK($G95)),ISBLANK($G96)),$C$42-$F$40-$F$42,"""")"
Aout 2026;96;C;C96;;"=IF(AND(NOT(ISBLANK($G95)),ISBLANK($G96)),""Reste réel"","""")"
Aout 2026;96;D;D96;;"=IF(AND(NOT(ISBLANK($G95)),ISBLANK($G96)),$C$42-$H$40-$F$42,"""")"
Aout 2026;96;G;G96;Leclerc;
Aout 2026;96;H;H96;59.88;
Aout 2026;96;I;I96;x;
Aout 2026;96;J;J96;59.88;"=IF(I96=""x"",H96,0)"
Aout 2026;96;K;K96;Courses;
Aout 2026;97;A;A97;;"=IF(AND(NOT(ISBLANK(G96)),ISBLANK(G97)),""Reste prévu"","""")"
Aout 2026;97;B;B97;;"=IF(AND(NOT(ISBLANK($G96)),ISBLANK($G97)),$C$42-$F$40-$F$42,"""")"
Aout 2026;97;C;C97;;"=IF(AND(NOT(ISBLANK($G96)),ISBLANK($G97)),""Reste réel"","""")"
Aout 2026;97;D;D97;;"=IF(AND(NOT(ISBLANK($G96)),ISBLANK($G97)),$C$42-$H$40-$F$42,"""")"
Aout 2026;97;G;G97;Boulangerie;
Aout 2026;97;H;H97;15.2;
Aout 2026;97;I;I97;x;
Aout 2026;97;J;J97;15.2;"=IF(I97=""x"",H97,0)"
Aout 2026;97;K;K97;Courses;
Aout 2026;98;A;A98;;"=IF(AND(NOT(ISBLANK(G97)),ISBLANK(G98)),""Reste prévu"","""")"
Aout 2026;98;B;B98;;"=IF(AND(NOT(ISBLANK($G97)),ISBLANK($G98)),$C$42-$F$40-$F$42,"""")"
Aout 2026;98;C;C98;;"=IF(AND(NOT(ISBLANK($G97)),ISBLANK($G98)),""Reste réel"","""")"
Aout 2026;98;D;D98;;"=IF(AND(NOT(ISBLANK($G97)),ISBLANK($G98)),$C$42-$H$40-$F$42,"""")"
Aout 2026;98;G;G98;Bevan;
Aout 2026;98;H;H98;27.1;
Aout 2026;98;I;I98;x;
Aout 2026;98;J;J98;27.1;"=IF(I98=""x"",H98,0)"
Aout 2026;98;K;K98;Loisirs;
Aout 2026;99;A;A99;;"=IF(AND(NOT(ISBLANK(G98)),ISBLANK(G99)),""Reste prévu"","""")"
Aout 2026;99;B;B99;;"=IF(AND(NOT(ISBLANK($G98)),ISBLANK($G99)),$C$42-$F$40-$F$42,"""")"
Aout 2026;99;C;C99;;"=IF(AND(NOT(ISBLANK($G98)),ISBLANK($G99)),""Reste réel"","""")"
Aout 2026;99;D;D99;;"=IF(AND(NOT(ISBLANK($G98)),ISBLANK($G99)),$C$42-$H$40-$F$42,"""")"
Aout 2026;99;G;G99;Baramoules;
Aout 2026;99;H;H99;127.9;
Aout 2026;99;I;I99;x;
Aout 2026;99;J;J99;127.9;"=IF(I99=""x"",H99,0)"
Aout 2026;99;K;K99;Loisirs;
Aout 2026;100;A;A100;;"=IF(AND(NOT(ISBLANK(G99)),ISBLANK(G100)),""Reste prévu"","""")"
Aout 2026;100;B;B100;;"=IF(AND(NOT(ISBLANK($G99)),ISBLANK($G100)),$C$42-$F$40-$F$42,"""")"
Aout 2026;100;C;C100;;"=IF(AND(NOT(ISBLANK($G99)),ISBLANK($G100)),""Reste réel"","""")"
Aout 2026;100;D;D100;;"=IF(AND(NOT(ISBLANK($G99)),ISBLANK($G100)),$C$42-$H$40-$F$42,"""")"
Aout 2026;100;G;G100;Cagnotte Pascal;
Aout 2026;100;H;H100;30;
Aout 2026;100;I;I100;x;
Aout 2026;100;J;J100;30;"=IF(I100=""x"",H100,0)"
Aout 2026;100;K;K100;Divers;
Aout 2026;101;A;A101;;"=IF(AND(NOT(ISBLANK(G100)),ISBLANK(G101)),""Reste prévu"","""")"
Aout 2026;101;B;B101;;"=IF(AND(NOT(ISBLANK($G100)),ISBLANK($G101)),$C$42-$F$40-$F$42,"""")"
Aout 2026;101;C;C101;;"=IF(AND(NOT(ISBLANK($G100)),ISBLANK($G101)),""Reste réel"","""")"
Aout 2026;101;D;D101;;"=IF(AND(NOT(ISBLANK($G100)),ISBLANK($G101)),$C$42-$H$40-$F$42,"""")"
Aout 2026;101;G;G101;Librairie;
Aout 2026;101;H;H101;8.9;
Aout 2026;101;I;I101;x;
Aout 2026;101;J;J101;8.9;"=IF(I101=""x"",H101,0)"
Aout 2026;101;K;K101;Loisirs;
Aout 2026;102;A;A102;;"=IF(AND(NOT(ISBLANK(G101)),ISBLANK(G102)),""Reste prévu"","""")"
Aout 2026;102;B;B102;;"=IF(AND(NOT(ISBLANK($G101)),ISBLANK($G102)),$C$42-$F$40-$F$42,"""")"
Aout 2026;102;C;C102;;"=IF(AND(NOT(ISBLANK($G101)),ISBLANK($G102)),""Reste réel"","""")"
Aout 2026;102;D;D102;;"=IF(AND(NOT(ISBLANK($G101)),ISBLANK($G102)),$C$42-$H$40-$F$42,"""")"
Aout 2026;102;G;G102;Lambr1;
Aout 2026;102;H;H102;22.5;
Aout 2026;102;I;I102;x;
Aout 2026;102;J;J102;22.5;"=IF(I102=""x"",H102,0)"
Aout 2026;102;K;K102;Divers;
Aout 2026;103;A;A103;;"=IF(AND(NOT(ISBLANK(G102)),ISBLANK(G103)),""Reste prévu"","""")"
Aout 2026;103;B;B103;;"=IF(AND(NOT(ISBLANK($G102)),ISBLANK($G103)),$C$42-$F$40-$F$42,"""")"
Aout 2026;103;C;C103;;"=IF(AND(NOT(ISBLANK($G102)),ISBLANK($G103)),""Reste réel"","""")"
Aout 2026;103;D;D103;;"=IF(AND(NOT(ISBLANK($G102)),ISBLANK($G103)),$C$42-$H$40-$F$42,"""")"
Aout 2026;103;G;G103;Cigarettes;
Aout 2026;103;H;H103;13;
Aout 2026;103;I;I103;x;
Aout 2026;103;J;J103;13;"=IF(I103=""x"",H103,0)"
Aout 2026;103;K;K103;Divers;
Aout 2026;104;A;A104;;"=IF(AND(NOT(ISBLANK(G103)),ISBLANK(G104)),""Reste prévu"","""")"
Aout 2026;104;B;B104;;"=IF(AND(NOT(ISBLANK($G103)),ISBLANK($G104)),$C$42-$F$40-$F$42,"""")"
Aout 2026;104;C;C104;;"=IF(AND(NOT(ISBLANK($G103)),ISBLANK($G104)),""Reste réel"","""")"
Aout 2026;104;D;D104;;"=IF(AND(NOT(ISBLANK($G103)),ISBLANK($G104)),$C$42-$H$40-$F$42,"""")"
Aout 2026;104;G;G104;Compresseur;
Aout 2026;104;H;H104;523.7;
Aout 2026;104;I;I104;x;
Aout 2026;104;J;J104;523.7;"=IF(I104=""x"",H104,0)"
Aout 2026;104;K;K104;Bricolage/Travaux;
Aout 2026;105;A;A105;;"=IF(AND(NOT(ISBLANK(G104)),ISBLANK(G105)),""Reste prévu"","""")"
Aout 2026;105;B;B105;;"=IF(AND(NOT(ISBLANK($G104)),ISBLANK($G105)),$C$42-$F$40-$F$42,"""")"
Aout 2026;105;C;C105;;"=IF(AND(NOT(ISBLANK($G104)),ISBLANK($G105)),""Reste réel"","""")"
Aout 2026;105;D;D105;;"=IF(AND(NOT(ISBLANK($G104)),ISBLANK($G105)),$C$42-$H$40-$F$42,"""")"
Aout 2026;105;G;G105;Amazon;
Aout 2026;105;H;H105;18.98;
Aout 2026;105;I;I105;x;
Aout 2026;105;J;J105;18.98;"=IF(I105=""x"",H105,0)"
Aout 2026;105;K;K105;Internet/Téléphone;
Aout 2026;106;A;A106;;"=IF(AND(NOT(ISBLANK(G105)),ISBLANK(G106)),""Reste prévu"","""")"
Aout 2026;106;B;B106;;"=IF(AND(NOT(ISBLANK($G105)),ISBLANK($G106)),$C$42-$F$40-$F$42,"""")"
Aout 2026;106;C;C106;;"=IF(AND(NOT(ISBLANK($G105)),ISBLANK($G106)),""Reste réel"","""")"
Aout 2026;106;D;D106;;"=IF(AND(NOT(ISBLANK($G105)),ISBLANK($G106)),$C$42-$H$40-$F$42,"""")"
Aout 2026;106;G;G106;Global Amsterdam;
Aout 2026;106;H;H106;112.76;
Aout 2026;106;I;I106;x;
Aout 2026;106;J;J106;112.76;"=IF(I106=""x"",H106,0)"
Aout 2026;106;K;K106;Vêtements;
Aout 2026;107;A;A107;;"=IF(AND(NOT(ISBLANK(G106)),ISBLANK(G107)),""Reste prévu"","""")"
Aout 2026;107;B;B107;;"=IF(AND(NOT(ISBLANK($G106)),ISBLANK($G107)),$C$42-$F$40-$F$42,"""")"
Aout 2026;107;C;C107;;"=IF(AND(NOT(ISBLANK($G106)),ISBLANK($G107)),""Reste réel"","""")"
Aout 2026;107;D;D107;;"=IF(AND(NOT(ISBLANK($G106)),ISBLANK($G107)),$C$42-$H$40-$F$42,"""")"
Aout 2026;107;G;G107;Office du Tourisme;
Aout 2026;107;H;H107;26;
Aout 2026;107;I;I107;x;
Aout 2026;107;J;J107;26;"=IF(I107=""x"",H107,0)"
Aout 2026;107;K;K107;Divers;
Aout 2026;108;A;A108;;"=IF(AND(NOT(ISBLANK(G107)),ISBLANK(G108)),""Reste prévu"","""")"
Aout 2026;108;B;B108;;"=IF(AND(NOT(ISBLANK($G107)),ISBLANK($G108)),$C$42-$F$40-$F$42,"""")"
Aout 2026;108;C;C108;;"=IF(AND(NOT(ISBLANK($G107)),ISBLANK($G108)),""Reste réel"","""")"
Aout 2026;108;D;D108;;"=IF(AND(NOT(ISBLANK($G107)),ISBLANK($G108)),$C$42-$H$40-$F$42,"""")"
Aout 2026;108;G;G108;Cellier du Goelo;
Aout 2026;108;H;H108;11.6;
Aout 2026;108;I;I108;x;
Aout 2026;108;J;J108;11.6;"=IF(I108=""x"",H108,0)"
Aout 2026;108;K;K108;Logement;
Aout 2026;109;A;A109;;"=IF(AND(NOT(ISBLANK(G108)),ISBLANK(G109)),""Reste prévu"","""")"
Aout 2026;109;B;B109;;"=IF(AND(NOT(ISBLANK($G108)),ISBLANK($G109)),$C$42-$F$40-$F$42,"""")"
Aout 2026;109;C;C109;;"=IF(AND(NOT(ISBLANK($G108)),ISBLANK($G109)),""Reste réel"","""")"
Aout 2026;109;D;D109;;"=IF(AND(NOT(ISBLANK($G108)),ISBLANK($G109)),$C$42-$H$40-$F$42,"""")"
Aout 2026;109;G;G109;Leclerc;
Aout 2026;109;H;H109;127.03;
Aout 2026;109;I;I109;x;
Aout 2026;109;J;J109;127.03;"=IF(I109=""x"",H109,0)"
Aout 2026;109;K;K109;Courses;
Aout 2026;110;A;A110;;"=IF(AND(NOT(ISBLANK(G109)),ISBLANK(G110)),""Reste prévu"","""")"
Aout 2026;110;B;B110;;"=IF(AND(NOT(ISBLANK($G109)),ISBLANK($G110)),$C$42-$F$40-$F$42,"""")"
Aout 2026;110;C;C110;;"=IF(AND(NOT(ISBLANK($G109)),ISBLANK($G110)),""Reste réel"","""")"
Aout 2026;110;D;D110;;"=IF(AND(NOT(ISBLANK($G109)),ISBLANK($G110)),$C$42-$H$40-$F$42,"""")"
Aout 2026;110;G;G110;Pharmacie;
Aout 2026;110;H;H110;26.15;
Aout 2026;110;I;I110;x;
Aout 2026;110;J;J110;26.15;"=IF(I110=""x"",H110,0)"
Aout 2026;110;K;K110;Medical;
Aout 2026;111;A;A111;;"=IF(AND(NOT(ISBLANK(G110)),ISBLANK(G111)),""Reste prévu"","""")"
Aout 2026;111;B;B111;;"=IF(AND(NOT(ISBLANK($G110)),ISBLANK($G111)),$C$42-$F$40-$F$42,"""")"
Aout 2026;111;C;C111;;"=IF(AND(NOT(ISBLANK($G110)),ISBLANK($G111)),""Reste réel"","""")"
Aout 2026;111;D;D111;;"=IF(AND(NOT(ISBLANK($G110)),ISBLANK($G111)),$C$42-$H$40-$F$42,"""")"
Aout 2026;111;G;G111;Erquy CB;
Aout 2026;111;H;H111;12.8;
Aout 2026;111;I;I111;x;
Aout 2026;111;J;J111;12.8;"=IF(I111=""x"",H111,0)"
Aout 2026;111;K;K111;Courses;
Aout 2026;112;A;A112;;"=IF(AND(NOT(ISBLANK(G111)),ISBLANK(G112)),""Reste prévu"","""")"
Aout 2026;112;B;B112;;"=IF(AND(NOT(ISBLANK($G111)),ISBLANK($G112)),$C$42-$F$40-$F$42,"""")"
Aout 2026;112;C;C112;;"=IF(AND(NOT(ISBLANK($G111)),ISBLANK($G112)),""Reste réel"","""")"
Aout 2026;112;D;D112;;"=IF(AND(NOT(ISBLANK($G111)),ISBLANK($G112)),$C$42-$H$40-$F$42,"""")"
Aout 2026;112;G;G112;SDVA Quilper;
Aout 2026;112;H;H112;16;
Aout 2026;112;I;I112;x;
Aout 2026;112;J;J112;16;"=IF(I112=""x"",H112,0)"
Aout 2026;112;K;K112;Courses;
Aout 2026;113;A;A113;;"=IF(AND(NOT(ISBLANK(G112)),ISBLANK(G113)),""Reste prévu"","""")"
Aout 2026;113;B;B113;;"=IF(AND(NOT(ISBLANK($G112)),ISBLANK($G113)),$C$42-$F$40-$F$42,"""")"
Aout 2026;113;C;C113;;"=IF(AND(NOT(ISBLANK($G112)),ISBLANK($G113)),""Reste réel"","""")"
Aout 2026;113;D;D113;;"=IF(AND(NOT(ISBLANK($G112)),ISBLANK($G113)),$C$42-$H$40-$F$42,"""")"
Aout 2026;113;G;G113;Leclerc;
Aout 2026;113;H;H113;43.7;
Aout 2026;113;I;I113;x;
Aout 2026;113;J;J113;43.7;"=IF(I113=""x"",H113,0)"
Aout 2026;113;K;K113;Courses;
Aout 2026;114;A;A114;;"=IF(AND(NOT(ISBLANK(G113)),ISBLANK(G114)),""Reste prévu"","""")"
Aout 2026;114;B;B114;;"=IF(AND(NOT(ISBLANK($G113)),ISBLANK($G114)),$C$42-$F$40-$F$42,"""")"
Aout 2026;114;C;C114;;"=IF(AND(NOT(ISBLANK($G113)),ISBLANK($G114)),""Reste réel"","""")"
Aout 2026;114;D;D114;;"=IF(AND(NOT(ISBLANK($G113)),ISBLANK($G114)),$C$42-$H$40-$F$42,"""")"
Aout 2026;114;G;G114;Leclerc;
Aout 2026;114;H;H114;49.67;
Aout 2026;114;I;I114;x;
Aout 2026;114;J;J114;49.67;"=IF(I114=""x"",H114,0)"
Aout 2026;114;K;K114;Courses;
Aout 2026;115;A;A115;;"=IF(AND(NOT(ISBLANK(G114)),ISBLANK(G115)),""Reste prévu"","""")"
Aout 2026;115;B;B115;;"=IF(AND(NOT(ISBLANK($G114)),ISBLANK($G115)),$C$42-$F$40-$F$42,"""")"
Aout 2026;115;C;C115;;"=IF(AND(NOT(ISBLANK($G114)),ISBLANK($G115)),""Reste réel"","""")"
Aout 2026;115;D;D115;;"=IF(AND(NOT(ISBLANK($G114)),ISBLANK($G115)),$C$42-$H$40-$F$42,"""")"
Aout 2026;115;G;G115;Nonnet;
Aout 2026;115;H;H115;52.45;
Aout 2026;115;I;I115;x;
Aout 2026;115;J;J115;52.45;"=IF(I115=""x"",H115,0)"
Aout 2026;115;K;K115;Courses;
Aout 2026;116;A;A116;;"=IF(AND(NOT(ISBLANK(G115)),ISBLANK(G116)),""Reste prévu"","""")"
Aout 2026;116;B;B116;;"=IF(AND(NOT(ISBLANK($G115)),ISBLANK($G116)),$C$42-$F$40-$F$42,"""")"
Aout 2026;116;C;C116;;"=IF(AND(NOT(ISBLANK($G115)),ISBLANK($G116)),""Reste réel"","""")"
Aout 2026;116;D;D116;;"=IF(AND(NOT(ISBLANK($G115)),ISBLANK($G116)),$C$42-$H$40-$F$42,"""")"
Aout 2026;116;G;G116;Apero La Voile;
Aout 2026;116;H;H116;60;
Aout 2026;116;I;I116;x;
Aout 2026;116;J;J116;60;"=IF(I116=""x"",H116,0)"
Aout 2026;116;K;K116;Loisirs;
Aout 2026;117;A;A117;;"=IF(AND(NOT(ISBLANK(G116)),ISBLANK(G117)),""Reste prévu"","""")"
Aout 2026;117;B;B117;;"=IF(AND(NOT(ISBLANK($G116)),ISBLANK($G117)),$C$42-$F$40-$F$42,"""")"
Aout 2026;117;C;C117;;"=IF(AND(NOT(ISBLANK($G116)),ISBLANK($G117)),""Reste réel"","""")"
Aout 2026;117;D;D117;;"=IF(AND(NOT(ISBLANK($G116)),ISBLANK($G117)),$C$42-$H$40-$F$42,"""")"
Aout 2026;117;G;G117;Volley Tournoi;
Aout 2026;117;H;H117;8;
Aout 2026;117;I;I117;x;
Aout 2026;117;J;J117;8;"=IF(I117=""x"",H117,0)"
Aout 2026;117;K;K117;Loisirs;
Aout 2026;118;A;A118;;"=IF(AND(NOT(ISBLANK(G117)),ISBLANK(G118)),""Reste prévu"","""")"
Aout 2026;118;B;B118;;"=IF(AND(NOT(ISBLANK($G117)),ISBLANK($G118)),$C$42-$F$40-$F$42,"""")"
Aout 2026;118;C;C118;;"=IF(AND(NOT(ISBLANK($G117)),ISBLANK($G118)),""Reste réel"","""")"
Aout 2026;118;D;D118;;"=IF(AND(NOT(ISBLANK($G117)),ISBLANK($G118)),$C$42-$H$40-$F$42,"""")"
Aout 2026;118;G;G118;Cafran Tregeux;
Aout 2026;118;H;H118;85.4;
Aout 2026;118;I;I118;x;
Aout 2026;118;J;J118;85.4;"=IF(I118=""x"",H118,0)"
Aout 2026;118;K;K118;Courses;
Aout 2026;119;A;A119;;"=IF(AND(NOT(ISBLANK(G118)),ISBLANK(G119)),""Reste prévu"","""")"
Aout 2026;119;B;B119;;"=IF(AND(NOT(ISBLANK($G118)),ISBLANK($G119)),$C$42-$F$40-$F$42,"""")"
Aout 2026;119;C;C119;;"=IF(AND(NOT(ISBLANK($G118)),ISBLANK($G119)),""Reste réel"","""")"
Aout 2026;119;D;D119;;"=IF(AND(NOT(ISBLANK($G118)),ISBLANK($G119)),$C$42-$H$40-$F$42,"""")"
Aout 2026;119;G;G119;Mr Bricolage;
Aout 2026;119;H;H119;15.2;
Aout 2026;119;I;I119;x;
Aout 2026;119;J;J119;15.2;"=IF(I119=""x"",H119,0)"
Aout 2026;119;K;K119;Bricolage/Travaux;
Aout 2026;120;A;A120;;"=IF(AND(NOT(ISBLANK(G119)),ISBLANK(G120)),""Reste prévu"","""")"
Aout 2026;120;B;B120;;"=IF(AND(NOT(ISBLANK($G119)),ISBLANK($G120)),$C$42-$F$40-$F$42,"""")"
Aout 2026;120;C;C120;;"=IF(AND(NOT(ISBLANK($G119)),ISBLANK($G120)),""Reste réel"","""")"
Aout 2026;120;D;D120;;"=IF(AND(NOT(ISBLANK($G119)),ISBLANK($G120)),$C$42-$H$40-$F$42,"""")"
Aout 2026;120;G;G120;Leclerc;
Aout 2026;120;H;H120;43.35;
Aout 2026;120;I;I120;x;
Aout 2026;120;J;J120;43.35;"=IF(I120=""x"",H120,0)"
Aout 2026;120;K;K120;Courses;
Aout 2026;121;A;A121;;"=IF(AND(NOT(ISBLANK(G120)),ISBLANK(G121)),""Reste prévu"","""")"
Aout 2026;121;B;B121;;"=IF(AND(NOT(ISBLANK($G120)),ISBLANK($G121)),$C$42-$F$40-$F$42,"""")"
Aout 2026;121;C;C121;;"=IF(AND(NOT(ISBLANK($G120)),ISBLANK($G121)),""Reste réel"","""")"
Aout 2026;121;D;D121;;"=IF(AND(NOT(ISBLANK($G120)),ISBLANK($G121)),$C$42-$H$40-$F$42,"""")"
Aout 2026;121;G;G121;Elouen Psy;
Aout 2026;121;H;H121;135;
Aout 2026;121;I;I121;x;
Aout 2026;121;J;J121;135;"=IF(I121=""x"",H121,0)"
Aout 2026;121;K;K121;Voiture/Déplacement;
Aout 2026;122;A;A122;;"=IF(AND(NOT(ISBLANK(G121)),ISBLANK(G122)),""Reste prévu"","""")"
Aout 2026;122;B;B122;;"=IF(AND(NOT(ISBLANK($G121)),ISBLANK($G122)),$C$42-$F$40-$F$42,"""")"
Aout 2026;122;C;C122;;"=IF(AND(NOT(ISBLANK($G121)),ISBLANK($G122)),""Reste réel"","""")"
Aout 2026;122;D;D122;;"=IF(AND(NOT(ISBLANK($G121)),ISBLANK($G122)),$C$42-$H$40-$F$42,"""")"
Aout 2026;122;G;G122;Leclerc;
Aout 2026;122;H;H122;19;
Aout 2026;122;I;I122;x;
Aout 2026;122;J;J122;19;"=IF(I122=""x"",H122,0)"
Aout 2026;122;K;K122;Courses;
Aout 2026;123;A;A123;;"=IF(AND(NOT(ISBLANK(G122)),ISBLANK(G123)),""Reste prévu"","""")"
Aout 2026;123;B;B123;;"=IF(AND(NOT(ISBLANK($G122)),ISBLANK($G123)),$C$42-$F$40-$F$42,"""")"
Aout 2026;123;C;C123;;"=IF(AND(NOT(ISBLANK($G122)),ISBLANK($G123)),""Reste réel"","""")"
Aout 2026;123;D;D123;;"=IF(AND(NOT(ISBLANK($G122)),ISBLANK($G123)),$C$42-$H$40-$F$42,"""")"
Aout 2026;123;G;G123;Leclerc;
Aout 2026;123;H;H123;30.8;
Aout 2026;123;I;I123;x;
Aout 2026;123;J;J123;30.8;"=IF(I123=""x"",H123,0)"
Aout 2026;123;K;K123;Courses;
Aout 2026;124;A;A124;;"=IF(AND(NOT(ISBLANK(G123)),ISBLANK(G124)),""Reste prévu"","""")"
Aout 2026;124;B;B124;;"=IF(AND(NOT(ISBLANK($G123)),ISBLANK($G124)),$C$42-$F$40-$F$42,"""")"
Aout 2026;124;C;C124;;"=IF(AND(NOT(ISBLANK($G123)),ISBLANK($G124)),""Reste réel"","""")"
Aout 2026;124;D;D124;;"=IF(AND(NOT(ISBLANK($G123)),ISBLANK($G124)),$C$42-$H$40-$F$42,"""")"
Aout 2026;124;G;G124;Lunettes;
Aout 2026;124;H;H124;7.39;
Aout 2026;124;I;I124;x;
Aout 2026;124;J;J124;7.39;"=IF(I124=""x"",H124,0)"
Aout 2026;124;K;K124;Divers;
Aout 2026;125;A;A125;;"=IF(AND(NOT(ISBLANK(G124)),ISBLANK(G125)),""Reste prévu"","""")"
Aout 2026;125;B;B125;;"=IF(AND(NOT(ISBLANK($G124)),ISBLANK($G125)),$C$42-$F$40-$F$42,"""")"
Aout 2026;125;C;C125;;"=IF(AND(NOT(ISBLANK($G124)),ISBLANK($G125)),""Reste réel"","""")"
Aout 2026;125;D;D125;;"=IF(AND(NOT(ISBLANK($G124)),ISBLANK($G125)),$C$42-$H$40-$F$42,"""")"
Aout 2026;125;G;G125;Action Paimpol;
Aout 2026;125;H;H125;33.27;
Aout 2026;125;I;I125;x;
Aout 2026;125;J;J125;33.27;"=IF(I125=""x"",H125,0)"
Aout 2026;125;K;K125;Divers;
Aout 2026;126;A;A126;;"=IF(AND(NOT(ISBLANK(G125)),ISBLANK(G126)),""Reste prévu"","""")"
Aout 2026;126;B;B126;;"=IF(AND(NOT(ISBLANK($G125)),ISBLANK($G126)),$C$42-$F$40-$F$42,"""")"
Aout 2026;126;C;C126;;"=IF(AND(NOT(ISBLANK($G125)),ISBLANK($G126)),""Reste réel"","""")"
Aout 2026;126;D;D126;;"=IF(AND(NOT(ISBLANK($G125)),ISBLANK($G126)),$C$42-$H$40-$F$42,"""")"
Aout 2026;126;G;G126;Courses via Arthur;
Aout 2026;126;H;H126;18.54;
Aout 2026;126;I;I126;x;
Aout 2026;126;J;J126;18.54;"=IF(I126=""x"",H126,0)"
Aout 2026;126;K;K126;Courses;
Aout 2026;127;A;A127;;"=IF(AND(NOT(ISBLANK(G126)),ISBLANK(G127)),""Reste prévu"","""")"
Aout 2026;127;B;B127;;"=IF(AND(NOT(ISBLANK($G126)),ISBLANK($G127)),$C$42-$F$40-$F$42,"""")"
Aout 2026;127;C;C127;;"=IF(AND(NOT(ISBLANK($G126)),ISBLANK($G127)),""Reste réel"","""")"
Aout 2026;127;D;D127;;"=IF(AND(NOT(ISBLANK($G126)),ISBLANK($G127)),$C$42-$H$40-$F$42,"""")"
Aout 2026;127;G;G127;EDF;
Aout 2026;127;H;H127;27.56;
Aout 2026;127;I;I127;x;
Aout 2026;127;J;J127;27.56;"=IF(I127=""x"",H127,0)"
Aout 2026;127;K;K127;Charges;
Aout 2026;128;A;A128;;"=IF(AND(NOT(ISBLANK(G127)),ISBLANK(G128)),""Reste prévu"","""")"
Aout 2026;128;B;B128;;"=IF(AND(NOT(ISBLANK($G127)),ISBLANK($G128)),$C$42-$F$40-$F$42,"""")"
Aout 2026;128;C;C128;;"=IF(AND(NOT(ISBLANK($G127)),ISBLANK($G128)),""Reste réel"","""")"
Aout 2026;128;D;D128;;"=IF(AND(NOT(ISBLANK($G127)),ISBLANK($G128)),$C$42-$H$40-$F$42,"""")"
Aout 2026;128;G;G128;VSM Tregeux;
Aout 2026;128;H;H128;28.2;
Aout 2026;128;I;I128;x;
Aout 2026;128;J;J128;28.2;"=IF(I128=""x"",H128,0)"
Aout 2026;128;K;K128;Courses;
Aout 2026;129;A;A129;;"=IF(AND(NOT(ISBLANK(G128)),ISBLANK(G129)),""Reste prévu"","""")"
Aout 2026;129;B;B129;;"=IF(AND(NOT(ISBLANK($G128)),ISBLANK($G129)),$C$42-$F$40-$F$42,"""")"
Aout 2026;129;C;C129;;"=IF(AND(NOT(ISBLANK($G128)),ISBLANK($G129)),""Reste réel"","""")"
Aout 2026;129;D;D129;;"=IF(AND(NOT(ISBLANK($G128)),ISBLANK($G129)),$C$42-$H$40-$F$42,"""")"
Aout 2026;129;G;G129;Leclerc;
Aout 2026;129;H;H129;184.61;
Aout 2026;129;I;I129;x;
Aout 2026;129;J;J129;184.61;"=IF(I129=""x"",H129,0)"
Aout 2026;129;K;K129;Courses;
Aout 2026;130;A;A130;;"=IF(AND(NOT(ISBLANK(G129)),ISBLANK(G130)),""Reste prévu"","""")"
Aout 2026;130;B;B130;;"=IF(AND(NOT(ISBLANK($G129)),ISBLANK($G130)),$C$42-$F$40-$F$42,"""")"
Aout 2026;130;C;C130;;"=IF(AND(NOT(ISBLANK($G129)),ISBLANK($G130)),""Reste réel"","""")"
Aout 2026;130;D;D130;;"=IF(AND(NOT(ISBLANK($G129)),ISBLANK($G130)),$C$42-$H$40-$F$42,"""")"
Aout 2026;130;G;G130;La Fabrique;
Aout 2026;130;H;H130;8.3;
Aout 2026;130;I;I130;x;
Aout 2026;130;J;J130;8.3;"=IF(I130=""x"",H130,0)"
Aout 2026;130;K;K130;Courses;
Aout 2026;131;A;A131;;"=IF(AND(NOT(ISBLANK(G130)),ISBLANK(G131)),""Reste prévu"","""")"
Aout 2026;131;B;B131;;"=IF(AND(NOT(ISBLANK($G130)),ISBLANK($G131)),$C$42-$F$40-$F$42,"""")"
Aout 2026;131;C;C131;;"=IF(AND(NOT(ISBLANK($G130)),ISBLANK($G131)),""Reste réel"","""")"
Aout 2026;131;D;D131;;"=IF(AND(NOT(ISBLANK($G130)),ISBLANK($G131)),$C$42-$H$40-$F$42,"""")"
Aout 2026;131;G;G131;MushNGo;
Aout 2026;131;H;H131;59.88;
Aout 2026;131;I;I131;x;
Aout 2026;131;J;J131;59.88;"=IF(I131=""x"",H131,0)"
Aout 2026;131;K;K131;Courses;
Aout 2026;132;A;A132;;"=IF(AND(NOT(ISBLANK(G131)),ISBLANK(G132)),""Reste prévu"","""")"
Aout 2026;132;B;B132;;"=IF(AND(NOT(ISBLANK($G131)),ISBLANK($G132)),$C$42-$F$40-$F$42,"""")"
Aout 2026;132;C;C132;;"=IF(AND(NOT(ISBLANK($G131)),ISBLANK($G132)),""Reste réel"","""")"
Aout 2026;132;D;D132;;"=IF(AND(NOT(ISBLANK($G131)),ISBLANK($G132)),$C$42-$H$40-$F$42,"""")"
Aout 2026;132;G;G132;Metro Rennes;
Aout 2026;132;H;H132;3.4;
Aout 2026;132;I;I132;x;
Aout 2026;132;J;J132;3.4;"=IF(I132=""x"",H132,0)"
Aout 2026;132;K;K132;Courses;
Aout 2026;133;A;A133;;"=IF(AND(NOT(ISBLANK(G132)),ISBLANK(G133)),""Reste prévu"","""")"
Aout 2026;133;B;B133;;"=IF(AND(NOT(ISBLANK($G132)),ISBLANK($G133)),$C$42-$F$40-$F$42,"""")"
Aout 2026;133;C;C133;;"=IF(AND(NOT(ISBLANK($G132)),ISBLANK($G133)),""Reste réel"","""")"
Aout 2026;133;D;D133;;"=IF(AND(NOT(ISBLANK($G132)),ISBLANK($G133)),$C$42-$H$40-$F$42,"""")"
Aout 2026;133;G;G133;Café CAP Gemini;
Aout 2026;133;H;H133;0.65;
Aout 2026;133;I;I133;x;
Aout 2026;133;J;J133;0.65;"=IF(I133=""x"",H133,0)"
Aout 2026;133;K;K133;Courses;
Aout 2026;134;A;A134;;"=IF(AND(NOT(ISBLANK(G133)),ISBLANK(G134)),""Reste prévu"","""")"
Aout 2026;134;B;B134;;"=IF(AND(NOT(ISBLANK($G133)),ISBLANK($G134)),$C$42-$F$40-$F$42,"""")"
Aout 2026;134;C;C134;;"=IF(AND(NOT(ISBLANK($G133)),ISBLANK($G134)),""Reste réel"","""")"
Aout 2026;134;D;D134;;"=IF(AND(NOT(ISBLANK($G133)),ISBLANK($G134)),$C$42-$H$40-$F$42,"""")"
Aout 2026;134;G;G134;MrFroz;
Aout 2026;134;H;H134;16;
Aout 2026;134;I;I134;x;
Aout 2026;134;J;J134;16;"=IF(I134=""x"",H134,0)"
Aout 2026;134;K;K134;Divers;
Aout 2026;135;A;A135;;"=IF(AND(NOT(ISBLANK(G134)),ISBLANK(G135)),""Reste prévu"","""")"
Aout 2026;135;B;B135;;"=IF(AND(NOT(ISBLANK($G134)),ISBLANK($G135)),$C$42-$F$40-$F$42,"""")"
Aout 2026;135;C;C135;;"=IF(AND(NOT(ISBLANK($G134)),ISBLANK($G135)),""Reste réel"","""")"
Aout 2026;135;D;D135;;"=IF(AND(NOT(ISBLANK($G134)),ISBLANK($G135)),$C$42-$H$40-$F$42,"""")"
Aout 2026;135;G;G135;Boulangerie;
Aout 2026;135;H;H135;8.6;
Aout 2026;135;I;I135;x;
Aout 2026;135;J;J135;8.6;"=IF(I135=""x"",H135,0)"
Aout 2026;135;K;K135;Courses;
Aout 2026;136;A;A136;;"=IF(AND(NOT(ISBLANK(G135)),ISBLANK(G136)),""Reste prévu"","""")"
Aout 2026;136;B;B136;;"=IF(AND(NOT(ISBLANK($G135)),ISBLANK($G136)),$C$42-$F$40-$F$42,"""")"
Aout 2026;136;C;C136;;"=IF(AND(NOT(ISBLANK($G135)),ISBLANK($G136)),""Reste réel"","""")"
Aout 2026;136;D;D136;;"=IF(AND(NOT(ISBLANK($G135)),ISBLANK($G136)),$C$42-$H$40-$F$42,"""")"
Aout 2026;136;G;G136;Foir'Fouill;
Aout 2026;136;H;H136;14.99;
Aout 2026;136;I;I136;x;
Aout 2026;136;J;J136;14.99;"=IF(I136=""x"",H136,0)"
Aout 2026;136;K;K136;Divers;
Aout 2026;137;A;A137;;"=IF(AND(NOT(ISBLANK(G136)),ISBLANK(G137)),""Reste prévu"","""")"
Aout 2026;137;B;B137;;"=IF(AND(NOT(ISBLANK($G136)),ISBLANK($G137)),$C$42-$F$40-$F$42,"""")"
Aout 2026;137;C;C137;;"=IF(AND(NOT(ISBLANK($G136)),ISBLANK($G137)),""Reste réel"","""")"
Aout 2026;137;D;D137;;"=IF(AND(NOT(ISBLANK($G136)),ISBLANK($G137)),$C$42-$H$40-$F$42,"""")"
Aout 2026;137;G;G137;Action Paimpol;
Aout 2026;137;H;H137;21.22;
Aout 2026;137;I;I137;x;
Aout 2026;137;J;J137;21.22;"=IF(I137=""x"",H137,0)"
Aout 2026;137;K;K137;Divers;
Aout 2026;138;A;A138;;"=IF(AND(NOT(ISBLANK(G137)),ISBLANK(G138)),""Reste prévu"","""")"
Aout 2026;138;B;B138;;"=IF(AND(NOT(ISBLANK($G137)),ISBLANK($G138)),$C$42-$F$40-$F$42,"""")"
Aout 2026;138;C;C138;;"=IF(AND(NOT(ISBLANK($G137)),ISBLANK($G138)),""Reste réel"","""")"
Aout 2026;138;D;D138;;"=IF(AND(NOT(ISBLANK($G137)),ISBLANK($G138)),$C$42-$H$40-$F$42,"""")"
Aout 2026;138;G;G138;Darty Arthur;
Aout 2026;138;H;H138;157.95;
Aout 2026;138;I;I138;x;
Aout 2026;138;J;J138;157.95;"=IF(I138=""x"",H138,0)"
Aout 2026;138;K;K138;Scolarité;
Aout 2026;139;A;A139;;"=IF(AND(NOT(ISBLANK(G138)),ISBLANK(G139)),""Reste prévu"","""")"
Aout 2026;139;B;B139;;"=IF(AND(NOT(ISBLANK($G138)),ISBLANK($G139)),$C$42-$F$40-$F$42,"""")"
Aout 2026;139;C;C139;;"=IF(AND(NOT(ISBLANK($G138)),ISBLANK($G139)),""Reste réel"","""")"
Aout 2026;139;D;D139;;"=IF(AND(NOT(ISBLANK($G138)),ISBLANK($G139)),$C$42-$H$40-$F$42,"""")"
Aout 2026;139;G;G139;Hello Asso Hand Licence;
Aout 2026;139;H;H139;156.32;
Aout 2026;139;I;I139;x;
Aout 2026;139;J;J139;156.32;"=IF(I139=""x"",H139,0)"
Aout 2026;139;K;K139;Loisirs;
Aout 2026;140;A;A140;;"=IF(AND(NOT(ISBLANK(G139)),ISBLANK(G140)),""Reste prévu"","""")"
Aout 2026;140;B;B140;;"=IF(AND(NOT(ISBLANK($G139)),ISBLANK($G140)),$C$42-$F$40-$F$42,"""")"
Aout 2026;140;C;C140;;"=IF(AND(NOT(ISBLANK($G139)),ISBLANK($G140)),""Reste réel"","""")"
Aout 2026;140;D;D140;;"=IF(AND(NOT(ISBLANK($G139)),ISBLANK($G140)),$C$42-$H$40-$F$42,"""")"
Aout 2026;140;G;G140;Leclerc;
Aout 2026;140;H;H140;11.62;
Aout 2026;140;I;I140;x;
Aout 2026;140;J;J140;11.62;"=IF(I140=""x"",H140,0)"
Aout 2026;140;K;K140;Courses;
Aout 2026;141;A;A141;;"=IF(AND(NOT(ISBLANK(G140)),ISBLANK(G141)),""Reste prévu"","""")"
Aout 2026;141;B;B141;;"=IF(AND(NOT(ISBLANK($G140)),ISBLANK($G141)),$C$42-$F$40-$F$42,"""")"
Aout 2026;141;C;C141;;"=IF(AND(NOT(ISBLANK($G140)),ISBLANK($G141)),""Reste réel"","""")"
Aout 2026;141;D;D141;;"=IF(AND(NOT(ISBLANK($G140)),ISBLANK($G141)),$C$42-$H$40-$F$42,"""")"
Aout 2026;141;G;G141;Cigarettes;
Aout 2026;141;H;H141;13;
Aout 2026;141;I;I141;x;
Aout 2026;141;J;J141;13;"=IF(I141=""x"",H141,0)"
Aout 2026;141;K;K141;Divers;
Aout 2026;142;A;A142;;"=IF(AND(NOT(ISBLANK(G141)),ISBLANK(G142)),""Reste prévu"","""")"
Aout 2026;142;B;B142;;"=IF(AND(NOT(ISBLANK($G141)),ISBLANK($G142)),$C$42-$F$40-$F$42,"""")"
Aout 2026;142;C;C142;;"=IF(AND(NOT(ISBLANK($G141)),ISBLANK($G142)),""Reste réel"","""")"
Aout 2026;142;D;D142;;"=IF(AND(NOT(ISBLANK($G141)),ISBLANK($G142)),$C$42-$H$40-$F$42,"""")"
Aout 2026;142;G;G142;Leclerc;
Aout 2026;142;H;H142;26.88;
Aout 2026;142;I;I142;x;
Aout 2026;142;J;J142;26.88;"=IF(I142=""x"",H142,0)"
Aout 2026;142;K;K142;Courses;
Aout 2026;143;A;A143;;"=IF(AND(NOT(ISBLANK(G142)),ISBLANK(G143)),""Reste prévu"","""")"
Aout 2026;143;B;B143;;"=IF(AND(NOT(ISBLANK($G142)),ISBLANK($G143)),$C$42-$F$40-$F$42,"""")"
Aout 2026;143;C;C143;;"=IF(AND(NOT(ISBLANK($G142)),ISBLANK($G143)),""Reste réel"","""")"
Aout 2026;143;D;D143;;"=IF(AND(NOT(ISBLANK($G142)),ISBLANK($G143)),$C$42-$H$40-$F$42,"""")"
Aout 2026;143;G;G143;Festival Ael;
Aout 2026;143;H;H143;29.99;
Aout 2026;143;I;I143;x;
Aout 2026;143;J;J143;29.99;"=IF(I143=""x"",H143,0)"
Aout 2026;143;K;K143;Loisirs;
Aout 2026;144;A;A144;;"=IF(AND(NOT(ISBLANK(G143)),ISBLANK(G144)),""Reste prévu"","""")"
Aout 2026;144;B;B144;;"=IF(AND(NOT(ISBLANK($G143)),ISBLANK($G144)),$C$42-$F$40-$F$42,"""")"
Aout 2026;144;C;C144;;"=IF(AND(NOT(ISBLANK($G143)),ISBLANK($G144)),""Reste réel"","""")"
Aout 2026;144;D;D144;;"=IF(AND(NOT(ISBLANK($G143)),ISBLANK($G144)),$C$42-$H$40-$F$42,"""")"
Aout 2026;144;G;G144;Stamp St Brieuc;
Aout 2026;144;H;H144;9;
Aout 2026;144;I;I144;x;
Aout 2026;144;J;J144;9;"=IF(I144=""x"",H144,0)"
Aout 2026;144;K;K144;Divers;
Aout 2026;145;A;A145;;"=IF(AND(NOT(ISBLANK(G144)),ISBLANK(G145)),""Reste prévu"","""")"
Aout 2026;145;B;B145;;"=IF(AND(NOT(ISBLANK($G144)),ISBLANK($G145)),$C$42-$F$40-$F$42,"""")"
Aout 2026;145;C;C145;;"=IF(AND(NOT(ISBLANK($G144)),ISBLANK($G145)),""Reste réel"","""")"
Aout 2026;145;D;D145;;"=IF(AND(NOT(ISBLANK($G144)),ISBLANK($G145)),$C$42-$H$40-$F$42,"""")"
Aout 2026;145;G;G145;Cultura;
Aout 2026;145;H;H145;256.37;
Aout 2026;145;I;I145;x;
Aout 2026;145;J;J145;256.37;"=IF(I145=""x"",H145,0)"
Aout 2026;145;K;K145;Scolarité;
Aout 2026;146;A;A146;;"=IF(AND(NOT(ISBLANK(G145)),ISBLANK(G146)),""Reste prévu"","""")"
Aout 2026;146;B;B146;;"=IF(AND(NOT(ISBLANK($G145)),ISBLANK($G146)),$C$42-$F$40-$F$42,"""")"
Aout 2026;146;C;C146;;"=IF(AND(NOT(ISBLANK($G145)),ISBLANK($G146)),""Reste réel"","""")"
Aout 2026;146;D;D146;;"=IF(AND(NOT(ISBLANK($G145)),ISBLANK($G146)),$C$42-$H$40-$F$42,"""")"
Aout 2026;146;G;G146;Leclerc;
Aout 2026;146;H;H146;24.32;
Aout 2026;146;I;I146;x;
Aout 2026;146;J;J146;24.32;"=IF(I146=""x"",H146,0)"
Aout 2026;146;K;K146;Courses;
Aout 2026;147;A;A147;;"=IF(AND(NOT(ISBLANK(G146)),ISBLANK(G147)),""Reste prévu"","""")"
Aout 2026;147;B;B147;;"=IF(AND(NOT(ISBLANK($G146)),ISBLANK($G147)),$C$42-$F$40-$F$42,"""")"
Aout 2026;147;C;C147;;"=IF(AND(NOT(ISBLANK($G146)),ISBLANK($G147)),""Reste réel"","""")"
Aout 2026;147;D;D147;;"=IF(AND(NOT(ISBLANK($G146)),ISBLANK($G147)),$C$42-$H$40-$F$42,"""")"
Aout 2026;147;G;G147;Leclerc Arthur;
Aout 2026;147;H;H147;284.32;
Aout 2026;147;I;I147;x;
Aout 2026;147;J;J147;284.32;"=IF(I147=""x"",H147,0)"
Aout 2026;147;K;K147;Courses;
Aout 2026;148;A;A148;;"=IF(AND(NOT(ISBLANK(G147)),ISBLANK(G148)),""Reste prévu"","""")"
Aout 2026;148;B;B148;;"=IF(AND(NOT(ISBLANK($G147)),ISBLANK($G148)),$C$42-$F$40-$F$42,"""")"
Aout 2026;148;C;C148;;"=IF(AND(NOT(ISBLANK($G147)),ISBLANK($G148)),""Reste réel"","""")"
Aout 2026;148;D;D148;;"=IF(AND(NOT(ISBLANK($G147)),ISBLANK($G148)),$C$42-$H$40-$F$42,"""")"
Aout 2026;148;G;G148;Nonnet;
Aout 2026;148;H;H148;6.5;
Aout 2026;148;I;I148;x;
Aout 2026;148;J;J148;6.5;"=IF(I148=""x"",H148,0)"
Aout 2026;148;K;K148;Courses;
Aout 2026;149;A;A149;;"=IF(AND(NOT(ISBLANK(G148)),ISBLANK(G149)),""Reste prévu"","""")"
Aout 2026;149;B;B149;;"=IF(AND(NOT(ISBLANK($G148)),ISBLANK($G149)),$C$42-$F$40-$F$42,"""")"
Aout 2026;149;C;C149;;"=IF(AND(NOT(ISBLANK($G148)),ISBLANK($G149)),""Reste réel"","""")"
Aout 2026;149;D;D149;;"=IF(AND(NOT(ISBLANK($G148)),ISBLANK($G149)),$C$42-$H$40-$F$42,"""")"
Aout 2026;149;G;G149;Concert;
Aout 2026;149;H;H149;131.99;
Aout 2026;149;I;I149;x;
Aout 2026;149;J;J149;131.99;"=IF(I149=""x"",H149,0)"
Aout 2026;149;K;K149;Loisirs;
Aout 2026;150;A;A150;;"=IF(AND(NOT(ISBLANK(G149)),ISBLANK(G150)),""Reste prévu"","""")"
Aout 2026;150;B;B150;;"=IF(AND(NOT(ISBLANK($G149)),ISBLANK($G150)),$C$42-$F$40-$F$42,"""")"
Aout 2026;150;C;C150;;"=IF(AND(NOT(ISBLANK($G149)),ISBLANK($G150)),""Reste réel"","""")"
Aout 2026;150;D;D150;;"=IF(AND(NOT(ISBLANK($G149)),ISBLANK($G150)),$C$42-$H$40-$F$42,"""")"
Aout 2026;150;G;G150;Hand Arthur;
Aout 2026;150;H;H150;156.32;
Aout 2026;150;I;I150;x;
Aout 2026;150;J;J150;156.32;"=IF(I150=""x"",H150,0)"
Aout 2026;150;K;K150;Loisirs;
Aout 2026;151;A;A151;;"=IF(AND(NOT(ISBLANK(G150)),ISBLANK(G151)),""Reste prévu"","""")"
Aout 2026;151;B;B151;;"=IF(AND(NOT(ISBLANK($G150)),ISBLANK($G151)),$C$42-$F$40-$F$42,"""")"
Aout 2026;151;C;C151;;"=IF(AND(NOT(ISBLANK($G150)),ISBLANK($G151)),""Reste réel"","""")"
Aout 2026;151;D;D151;;"=IF(AND(NOT(ISBLANK($G150)),ISBLANK($G151)),$C$42-$H$40-$F$42,"""")"
Aout 2026;151;G;G151;Baramoules;
Aout 2026;151;H;H151;202;
Aout 2026;151;I;I151;x;
Aout 2026;151;J;J151;202;"=IF(I151=""x"",H151,0)"
Aout 2026;151;K;K151;Loisirs;
Aout 2026;152;A;A152;;"=IF(AND(NOT(ISBLANK(G151)),ISBLANK(G152)),""Reste prévu"","""")"
Aout 2026;152;B;B152;;"=IF(AND(NOT(ISBLANK($G151)),ISBLANK($G152)),$C$42-$F$40-$F$42,"""")"
Aout 2026;152;C;C152;;"=IF(AND(NOT(ISBLANK($G151)),ISBLANK($G152)),""Reste réel"","""")"
Aout 2026;152;D;D152;;"=IF(AND(NOT(ISBLANK($G151)),ISBLANK($G152)),$C$42-$H$40-$F$42,"""")"
Aout 2026;152;G;G152;Boulangerie;
Aout 2026;152;H;H152;5.6;
Aout 2026;152;I;I152;x;
Aout 2026;152;J;J152;5.6;"=IF(I152=""x"",H152,0)"
Aout 2026;152;K;K152;Courses;
Aout 2026;153;A;A153;;"=IF(AND(NOT(ISBLANK(G152)),ISBLANK(G153)),""Reste prévu"","""")"
Aout 2026;153;B;B153;;"=IF(AND(NOT(ISBLANK($G152)),ISBLANK($G153)),$C$42-$F$40-$F$42,"""")"
Aout 2026;153;C;C153;;"=IF(AND(NOT(ISBLANK($G152)),ISBLANK($G153)),""Reste réel"","""")"
Aout 2026;153;D;D153;;"=IF(AND(NOT(ISBLANK($G152)),ISBLANK($G153)),$C$42-$H$40-$F$42,"""")"
Aout 2026;153;G;G153;Boulangerie;
Aout 2026;153;H;H153;20;
Aout 2026;153;I;I153;x;
Aout 2026;153;J;J153;20;"=IF(I153=""x"",H153,0)"
Aout 2026;153;K;K153;Courses;
Aout 2026;154;A;A154;Reste prévu;"=IF(AND(NOT(ISBLANK(G153)),ISBLANK(G154)),""Reste prévu"","""")"
Aout 2026;154;B;B154;#REF!;"=IF(AND(NOT(ISBLANK($G153)),ISBLANK($G154)),$C$42-$F$40-$F$42,"""")"
Aout 2026;154;C;C154;Reste réel;"=IF(AND(NOT(ISBLANK($G153)),ISBLANK($G154)),""Reste réel"","""")"
Aout 2026;154;D;D154;#REF!;"=IF(AND(NOT(ISBLANK($G153)),ISBLANK($G154)),$C$42-$H$40-$F$42,"""")"
Aout 2026;154;J;J154;0;"=IF(I154=""x"",H154,0)"
Aout 2026;154;K;K154;Bricolage/Travaux;
Aout 2026;155;A;A155;;"=IF(AND(NOT(ISBLANK(G154)),ISBLANK(G155)),""Reste prévu"","""")"
Aout 2026;155;B;B155;;"=IF(AND(NOT(ISBLANK($G154)),ISBLANK($G155)),$C$42-$F$40-$F$42,"""")"
Aout 2026;155;C;C155;;"=IF(AND(NOT(ISBLANK($G154)),ISBLANK($G155)),""Reste réel"","""")"
Aout 2026;155;D;D155;;"=IF(AND(NOT(ISBLANK($G154)),ISBLANK($G155)),$C$42-$H$40-$F$42,"""")"
Aout 2026;155;J;J155;0;"=IF(I155=""x"",H155,0)"
Aout 2026;155;K;K155;Loisirs;
Aout 2026;156;A;A156;;"=IF(AND(NOT(ISBLANK(G155)),ISBLANK(G156)),""Reste prévu"","""")"
Aout 2026;156;B;B156;;"=IF(AND(NOT(ISBLANK($G155)),ISBLANK($G156)),$C$42-$F$40-$F$42,"""")"
Aout 2026;156;C;C156;;"=IF(AND(NOT(ISBLANK($G155)),ISBLANK($G156)),""Reste réel"","""")"
Aout 2026;156;D;D156;;"=IF(AND(NOT(ISBLANK($G155)),ISBLANK($G156)),$C$42-$H$40-$F$42,"""")"
Aout 2026;156;J;J156;0;"=IF(I156=""x"",H156,0)"
Aout 2026;156;K;K156;Bricolage/Travaux;
Aout 2026;157;A;A157;;"=IF(AND(NOT(ISBLANK(G156)),ISBLANK(G157)),""Reste prévu"","""")"
Aout 2026;157;B;B157;;"=IF(AND(NOT(ISBLANK($G156)),ISBLANK($G157)),$C$42-$F$40-$F$42,"""")"
Aout 2026;157;C;C157;;"=IF(AND(NOT(ISBLANK($G156)),ISBLANK($G157)),""Reste réel"","""")"
Aout 2026;157;D;D157;;"=IF(AND(NOT(ISBLANK($G156)),ISBLANK($G157)),$C$42-$H$40-$F$42,"""")"
Aout 2026;157;J;J157;0;"=IF(I157=""x"",H157,0)"
Aout 2026;157;K;K157;Charges;
Aout 2026;158;A;A158;;"=IF(AND(NOT(ISBLANK(G157)),ISBLANK(G158)),""Reste prévu"","""")"
Aout 2026;158;B;B158;;"=IF(AND(NOT(ISBLANK($G157)),ISBLANK($G158)),$C$42-$F$40-$F$42,"""")"
Aout 2026;158;C;C158;;"=IF(AND(NOT(ISBLANK($G157)),ISBLANK($G158)),""Reste réel"","""")"
Aout 2026;158;D;D158;;"=IF(AND(NOT(ISBLANK($G157)),ISBLANK($G158)),$C$42-$H$40-$F$42,"""")"
Aout 2026;158;J;J158;0;"=IF(I158=""x"",H158,0)"
Aout 2026;159;A;A159;;"=IF(AND(NOT(ISBLANK(G158)),ISBLANK(G159)),""Reste prévu"","""")"
Aout 2026;159;B;B159;;"=IF(AND(NOT(ISBLANK($G158)),ISBLANK($G159)),$C$42-$F$40-$F$42,"""")"
Aout 2026;159;C;C159;;"=IF(AND(NOT(ISBLANK($G158)),ISBLANK($G159)),""Reste réel"","""")"
Aout 2026;159;D;D159;;"=IF(AND(NOT(ISBLANK($G158)),ISBLANK($G159)),$C$42-$H$40-$F$42,"""")"
Aout 2026;159;J;J159;0;"=IF(I159=""x"",H159,0)"
Aout 2026;160;A;A160;;"=IF(AND(NOT(ISBLANK(G159)),ISBLANK(G160)),""Reste prévu"","""")"
Aout 2026;160;B;B160;;"=IF(AND(NOT(ISBLANK($G159)),ISBLANK($G160)),$C$42-$F$40-$F$42,"""")"
Aout 2026;160;C;C160;;"=IF(AND(NOT(ISBLANK($G159)),ISBLANK($G160)),""Reste réel"","""")"
Aout 2026;160;D;D160;;"=IF(AND(NOT(ISBLANK($G159)),ISBLANK($G160)),$C$42-$H$40-$F$42,"""")"
Aout 2026;160;J;J160;0;"=IF(I160=""x"",H160,0)"
Aout 2026;161;A;A161;;"=IF(AND(NOT(ISBLANK(G160)),ISBLANK(G161)),""Reste prévu"","""")"
Aout 2026;161;B;B161;;"=IF(AND(NOT(ISBLANK($G160)),ISBLANK($G161)),$C$42-$F$40-$F$42,"""")"
Aout 2026;161;C;C161;;"=IF(AND(NOT(ISBLANK($G160)),ISBLANK($G161)),""Reste réel"","""")"
Aout 2026;161;D;D161;;"=IF(AND(NOT(ISBLANK($G160)),ISBLANK($G161)),$C$42-$H$40-$F$42,"""")"
Aout 2026;161;J;J161;0;"=IF(I161=""x"",H161,0)"
Aout 2026;162;A;A162;;"=IF(AND(NOT(ISBLANK(G161)),ISBLANK(G162)),""Reste prévu"","""")"
Aout 2026;162;B;B162;;"=IF(AND(NOT(ISBLANK($G161)),ISBLANK($G162)),$C$42-$F$40-$F$42,"""")"
Aout 2026;162;C;C162;;"=IF(AND(NOT(ISBLANK($G161)),ISBLANK($G162)),""Reste réel"","""")"
Aout 2026;162;D;D162;;"=IF(AND(NOT(ISBLANK($G161)),ISBLANK($G162)),$C$42-$H$40-$F$42,"""")"
Aout 2026;162;J;J162;0;"=IF(I162=""x"",H162,0)"
Aout 2026;163;A;A163;;"=IF(AND(NOT(ISBLANK(G162)),ISBLANK(G163)),""Reste prévu"","""")"
Aout 2026;163;B;B163;;"=IF(AND(NOT(ISBLANK($G162)),ISBLANK($G163)),$C$42-$F$40-$F$42,"""")"
Aout 2026;163;C;C163;;"=IF(AND(NOT(ISBLANK($G162)),ISBLANK($G163)),""Reste réel"","""")"
Aout 2026;163;D;D163;;"=IF(AND(NOT(ISBLANK($G162)),ISBLANK($G163)),$C$42-$H$40-$F$42,"""")"
Aout 2026;163;J;J163;0;"=IF(I163=""x"",H163,0)"
Aout 2026;164;A;A164;;"=IF(AND(NOT(ISBLANK(G163)),ISBLANK(G164)),""Reste prévu"","""")"
Aout 2026;164;B;B164;;"=IF(AND(NOT(ISBLANK($G163)),ISBLANK($G164)),$C$42-$F$40-$F$42,"""")"
Aout 2026;164;C;C164;;"=IF(AND(NOT(ISBLANK($G163)),ISBLANK($G164)),""Reste réel"","""")"
Aout 2026;164;D;D164;;"=IF(AND(NOT(ISBLANK($G163)),ISBLANK($G164)),$C$42-$H$40-$F$42,"""")"
Aout 2026;164;J;J164;0;"=IF(I164=""x"",H164,0)"
Aout 2026;165;A;A165;;"=IF(AND(NOT(ISBLANK(G164)),ISBLANK(G165)),""Reste prévu"","""")"
Aout 2026;165;B;B165;;"=IF(AND(NOT(ISBLANK($G164)),ISBLANK($G165)),$C$42-$F$40-$F$42,"""")"
Aout 2026;165;C;C165;;"=IF(AND(NOT(ISBLANK($G164)),ISBLANK($G165)),""Reste réel"","""")"
Aout 2026;165;D;D165;;"=IF(AND(NOT(ISBLANK($G164)),ISBLANK($G165)),$C$42-$H$40-$F$42,"""")"
Aout 2026;165;J;J165;0;"=IF(I165=""x"",H165,0)"
Aout 2026;166;A;A166;;"=IF(AND(NOT(ISBLANK(G165)),ISBLANK(G166)),""Reste prévu"","""")"
Aout 2026;166;B;B166;;"=IF(AND(NOT(ISBLANK($G165)),ISBLANK($G166)),$C$42-$F$40-$F$42,"""")"
Aout 2026;166;C;C166;;"=IF(AND(NOT(ISBLANK($G165)),ISBLANK($G166)),""Reste réel"","""")"
Aout 2026;166;D;D166;;"=IF(AND(NOT(ISBLANK($G165)),ISBLANK($G166)),$C$42-$H$40-$F$42,"""")"
Aout 2026;166;J;J166;0;"=IF(I166=""x"",H166,0)"
Aout 2026;167;A;A167;;"=IF(AND(NOT(ISBLANK(G166)),ISBLANK(G167)),""Reste prévu"","""")"
Aout 2026;167;B;B167;;"=IF(AND(NOT(ISBLANK($G166)),ISBLANK($G167)),$C$42-$F$40-$F$42,"""")"
Aout 2026;167;C;C167;;"=IF(AND(NOT(ISBLANK($G166)),ISBLANK($G167)),""Reste réel"","""")"
Aout 2026;167;D;D167;;"=IF(AND(NOT(ISBLANK($G166)),ISBLANK($G167)),$C$42-$H$40-$F$42,"""")"
Aout 2026;167;J;J167;0;"=IF(I167=""x"",H167,0)"
Aout 2026;168;A;A168;;"=IF(AND(NOT(ISBLANK(G167)),ISBLANK(G168)),""Reste prévu"","""")"
Aout 2026;168;B;B168;;"=IF(AND(NOT(ISBLANK($G167)),ISBLANK($G168)),$C$42-$F$40-$F$42,"""")"
Aout 2026;168;C;C168;;"=IF(AND(NOT(ISBLANK($G167)),ISBLANK($G168)),""Reste réel"","""")"
Aout 2026;168;D;D168;;"=IF(AND(NOT(ISBLANK($G167)),ISBLANK($G168)),$C$42-$H$40-$F$42,"""")"
Aout 2026;168;J;J168;0;"=IF(I168=""x"",H168,0)"
Aout 2026;169;A;A169;;"=IF(AND(NOT(ISBLANK(G168)),ISBLANK(G169)),""Reste prévu"","""")"
Aout 2026;169;B;B169;;"=IF(AND(NOT(ISBLANK($G168)),ISBLANK($G169)),$C$42-$F$40-$F$42,"""")"
Aout 2026;169;C;C169;;"=IF(AND(NOT(ISBLANK($G168)),ISBLANK($G169)),""Reste réel"","""")"
Aout 2026;169;D;D169;;"=IF(AND(NOT(ISBLANK($G168)),ISBLANK($G169)),$C$42-$H$40-$F$42,"""")"
Aout 2026;169;J;J169;0;"=IF(I169=""x"",H169,0)"
Aout 2026;170;A;A170;;"=IF(AND(NOT(ISBLANK(G169)),ISBLANK(G170)),""Reste prévu"","""")"
Aout 2026;170;B;B170;;"=IF(AND(NOT(ISBLANK($G169)),ISBLANK($G170)),$C$42-$F$40-$F$42,"""")"
Aout 2026;170;C;C170;;"=IF(AND(NOT(ISBLANK($G169)),ISBLANK($G170)),""Reste réel"","""")"
Aout 2026;170;D;D170;;"=IF(AND(NOT(ISBLANK($G169)),ISBLANK($G170)),$C$42-$H$40-$F$42,"""")"
Aout 2026;170;J;J170;0;"=IF(I170=""x"",H170,0)"
Aout 2026;171;A;A171;;"=IF(AND(NOT(ISBLANK(G170)),ISBLANK(G171)),""Reste prévu"","""")"
Aout 2026;171;B;B171;;"=IF(AND(NOT(ISBLANK($G170)),ISBLANK($G171)),$C$42-$F$40-$F$42,"""")"
Aout 2026;171;C;C171;;"=IF(AND(NOT(ISBLANK($G170)),ISBLANK($G171)),""Reste réel"","""")"
Aout 2026;171;D;D171;;"=IF(AND(NOT(ISBLANK($G170)),ISBLANK($G171)),$C$42-$H$40-$F$42,"""")"
Aout 2026;171;J;J171;0;"=IF(I171=""x"",H171,0)"
Aout 2026;172;A;A172;;"=IF(AND(NOT(ISBLANK(G171)),ISBLANK(G172)),""Reste prévu"","""")"
Aout 2026;172;B;B172;;"=IF(AND(NOT(ISBLANK($G171)),ISBLANK($G172)),$C$42-$F$40-$F$42,"""")"
Aout 2026;172;C;C172;;"=IF(AND(NOT(ISBLANK($G171)),ISBLANK($G172)),""Reste réel"","""")"
Aout 2026;172;D;D172;;"=IF(AND(NOT(ISBLANK($G171)),ISBLANK($G172)),$C$42-$H$40-$F$42,"""")"
Aout 2026;172;J;J172;0;"=IF(I172=""x"",H172,0)"
Aout 2026;173;A;A173;;"=IF(AND(NOT(ISBLANK(G172)),ISBLANK(G173)),""Reste prévu"","""")"
Aout 2026;173;B;B173;;"=IF(AND(NOT(ISBLANK($G172)),ISBLANK($G173)),$C$42-$F$40-$F$42,"""")"
Aout 2026;173;C;C173;;"=IF(AND(NOT(ISBLANK($G172)),ISBLANK($G173)),""Reste réel"","""")"
Aout 2026;173;D;D173;;"=IF(AND(NOT(ISBLANK($G172)),ISBLANK($G173)),$C$42-$H$40-$F$42,"""")"
Aout 2026;173;J;J173;0;"=IF(I173=""x"",H173,0)"
Aout 2026;174;A;A174;;"=IF(AND(NOT(ISBLANK(G173)),ISBLANK(G174)),""Reste prévu"","""")"
Aout 2026;174;B;B174;;"=IF(AND(NOT(ISBLANK($G173)),ISBLANK($G174)),$C$42-$F$40-$F$42,"""")"
Aout 2026;174;C;C174;;"=IF(AND(NOT(ISBLANK($G173)),ISBLANK($G174)),""Reste réel"","""")"
Aout 2026;174;D;D174;;"=IF(AND(NOT(ISBLANK($G173)),ISBLANK($G174)),$C$42-$H$40-$F$42,"""")"
Aout 2026;174;J;J174;0;"=IF(I174=""x"",H174,0)"
Aout 2026;175;A;A175;;"=IF(AND(NOT(ISBLANK(G174)),ISBLANK(G175)),""Reste prévu"","""")"
Aout 2026;175;B;B175;;"=IF(AND(NOT(ISBLANK($G174)),ISBLANK($G175)),$C$42-$F$40-$F$42,"""")"
Aout 2026;175;C;C175;;"=IF(AND(NOT(ISBLANK($G174)),ISBLANK($G175)),""Reste réel"","""")"
Aout 2026;175;D;D175;;"=IF(AND(NOT(ISBLANK($G174)),ISBLANK($G175)),$C$42-$H$40-$F$42,"""")"
Aout 2026;175;J;J175;0;"=IF(I175=""x"",H175,0)"
Aout 2026;176;A;A176;;"=IF(AND(NOT(ISBLANK(G175)),ISBLANK(G176)),""Reste prévu"","""")"
Aout 2026;176;B;B176;;"=IF(AND(NOT(ISBLANK($G175)),ISBLANK($G176)),$C$42-$F$40-$F$42,"""")"
Aout 2026;176;C;C176;;"=IF(AND(NOT(ISBLANK($G175)),ISBLANK($G176)),""Reste réel"","""")"
Aout 2026;176;D;D176;;"=IF(AND(NOT(ISBLANK($G175)),ISBLANK($G176)),$C$42-$H$40-$F$42,"""")"
Aout 2026;176;J;J176;0;"=IF(I176=""x"",H176,0)"
Aout 2026;177;A;A177;;"=IF(AND(NOT(ISBLANK(G176)),ISBLANK(G177)),""Reste prévu"","""")"
Aout 2026;177;B;B177;;"=IF(AND(NOT(ISBLANK($G176)),ISBLANK($G177)),$C$42-$F$40-$F$42,"""")"
Aout 2026;177;C;C177;;"=IF(AND(NOT(ISBLANK($G176)),ISBLANK($G177)),""Reste réel"","""")"
Aout 2026;177;D;D177;;"=IF(AND(NOT(ISBLANK($G176)),ISBLANK($G177)),$C$42-$H$40-$F$42,"""")"
Aout 2026;177;J;J177;0;"=IF(I177=""x"",H177,0)"
Aout 2026;178;A;A178;;"=IF(AND(NOT(ISBLANK(G177)),ISBLANK(G178)),""Reste prévu"","""")"
Aout 2026;178;B;B178;;"=IF(AND(NOT(ISBLANK($G177)),ISBLANK($G178)),$C$42-$F$40-$F$42,"""")"
Aout 2026;178;C;C178;;"=IF(AND(NOT(ISBLANK($G177)),ISBLANK($G178)),""Reste réel"","""")"
Aout 2026;178;D;D178;;"=IF(AND(NOT(ISBLANK($G177)),ISBLANK($G178)),$C$42-$H$40-$F$42,"""")"
Aout 2026;178;J;J178;0;"=IF(I178=""x"",H178,0)"
Aout 2026;179;A;A179;;"=IF(AND(NOT(ISBLANK(G178)),ISBLANK(G179)),""Reste prévu"","""")"
Aout 2026;179;B;B179;;"=IF(AND(NOT(ISBLANK($G178)),ISBLANK($G179)),$C$42-$F$40-$F$42,"""")"
Aout 2026;179;C;C179;;"=IF(AND(NOT(ISBLANK($G178)),ISBLANK($G179)),""Reste réel"","""")"
Aout 2026;179;D;D179;;"=IF(AND(NOT(ISBLANK($G178)),ISBLANK($G179)),$C$42-$H$40-$F$42,"""")"
Aout 2026;179;J;J179;0;"=IF(I179=""x"",H179,0)"
Aout 2026;180;A;A180;;"=IF(AND(NOT(ISBLANK(G179)),ISBLANK(G180)),""Reste prévu"","""")"
Aout 2026;180;B;B180;;"=IF(AND(NOT(ISBLANK($G179)),ISBLANK($G180)),$C$42-$F$40-$F$42,"""")"
Aout 2026;180;C;C180;;"=IF(AND(NOT(ISBLANK($G179)),ISBLANK($G180)),""Reste réel"","""")"
Aout 2026;180;D;D180;;"=IF(AND(NOT(ISBLANK($G179)),ISBLANK($G180)),$C$42-$H$40-$F$42,"""")"
Aout 2026;180;J;J180;0;"=IF(I180=""x"",H180,0)"
Aout 2026;181;A;A181;;"=IF(AND(NOT(ISBLANK(G180)),ISBLANK(G181)),""Reste prévu"","""")"
Aout 2026;181;B;B181;;"=IF(AND(NOT(ISBLANK($G180)),ISBLANK($G181)),$C$42-$F$40-$F$42,"""")"
Aout 2026;181;C;C181;;"=IF(AND(NOT(ISBLANK($G180)),ISBLANK($G181)),""Reste réel"","""")"
Aout 2026;181;D;D181;;"=IF(AND(NOT(ISBLANK($G180)),ISBLANK($G181)),$C$42-$H$40-$F$42,"""")"
Aout 2026;181;J;J181;0;"=IF(I181=""x"",H181,0)"
Aout 2026;182;A;A182;;"=IF(AND(NOT(ISBLANK(G181)),ISBLANK(G182)),""Reste prévu"","""")"
Aout 2026;182;B;B182;;"=IF(AND(NOT(ISBLANK($G181)),ISBLANK($G182)),$C$42-$F$40-$F$42,"""")"
Aout 2026;182;C;C182;;"=IF(AND(NOT(ISBLANK($G181)),ISBLANK($G182)),""Reste réel"","""")"
Aout 2026;182;D;D182;;"=IF(AND(NOT(ISBLANK($G181)),ISBLANK($G182)),$C$42-$H$40-$F$42,"""")"
Aout 2026;182;J;J182;0;"=IF(I182=""x"",H182,0)"
Aout 2026;183;A;A183;;"=IF(AND(NOT(ISBLANK(G182)),ISBLANK(G183)),""Reste prévu"","""")"
Aout 2026;183;B;B183;;"=IF(AND(NOT(ISBLANK($G182)),ISBLANK($G183)),$C$42-$F$40-$F$42,"""")"
Aout 2026;183;C;C183;;"=IF(AND(NOT(ISBLANK($G182)),ISBLANK($G183)),""Reste réel"","""")"
Aout 2026;183;D;D183;;"=IF(AND(NOT(ISBLANK($G182)),ISBLANK($G183)),$C$42-$H$40-$F$42,"""")"
Aout 2026;183;J;J183;0;"=IF(I183=""x"",H183,0)"
Aout 2026;184;A;A184;;"=IF(AND(NOT(ISBLANK(G183)),ISBLANK(G184)),""Reste prévu"","""")"
Aout 2026;184;B;B184;;"=IF(AND(NOT(ISBLANK($G183)),ISBLANK($G184)),$C$42-$F$40-$F$42,"""")"
Aout 2026;184;C;C184;;"=IF(AND(NOT(ISBLANK($G183)),ISBLANK($G184)),""Reste réel"","""")"
Aout 2026;184;D;D184;;"=IF(AND(NOT(ISBLANK($G183)),ISBLANK($G184)),$C$42-$H$40-$F$42,"""")"
Aout 2026;184;J;J184;0;"=IF(I184=""x"",H184,0)"
Aout 2026;185;A;A185;;"=IF(AND(NOT(ISBLANK(G184)),ISBLANK(G185)),""Reste prévu"","""")"
Aout 2026;185;B;B185;;"=IF(AND(NOT(ISBLANK($G184)),ISBLANK($G185)),$C$42-$F$40-$F$42,"""")"
Aout 2026;185;C;C185;;"=IF(AND(NOT(ISBLANK($G184)),ISBLANK($G185)),""Reste réel"","""")"
Aout 2026;185;D;D185;;"=IF(AND(NOT(ISBLANK($G184)),ISBLANK($G185)),$C$42-$H$40-$F$42,"""")"
Aout 2026;185;J;J185;0;"=IF(I185=""x"",H185,0)"
Aout 2026;186;A;A186;;"=IF(AND(NOT(ISBLANK(G185)),ISBLANK(G186)),""Reste prévu"","""")"
Aout 2026;186;B;B186;;"=IF(AND(NOT(ISBLANK($G185)),ISBLANK($G186)),$C$42-$F$40-$F$42,"""")"
Aout 2026;186;C;C186;;"=IF(AND(NOT(ISBLANK($G185)),ISBLANK($G186)),""Reste réel"","""")"
Aout 2026;186;D;D186;;"=IF(AND(NOT(ISBLANK($G185)),ISBLANK($G186)),$C$42-$H$40-$F$42,"""")"
Aout 2026;186;J;J186;0;"=IF(I186=""x"",H186,0)"
Aout 2026;187;A;A187;;"=IF(AND(NOT(ISBLANK(G186)),ISBLANK(G187)),""Reste prévu"","""")"
Aout 2026;187;B;B187;;"=IF(AND(NOT(ISBLANK($G186)),ISBLANK($G187)),$C$42-$F$40-$F$42,"""")"
Aout 2026;187;C;C187;;"=IF(AND(NOT(ISBLANK($G186)),ISBLANK($G187)),""Reste réel"","""")"
Aout 2026;187;D;D187;;"=IF(AND(NOT(ISBLANK($G186)),ISBLANK($G187)),$C$42-$H$40-$F$42,"""")"
Aout 2026;187;J;J187;0;"=IF(I187=""x"",H187,0)"
Aout 2026;188;A;A188;;"=IF(AND(NOT(ISBLANK(G187)),ISBLANK(G188)),""Reste prévu"","""")"
Aout 2026;188;B;B188;;"=IF(AND(NOT(ISBLANK($G187)),ISBLANK($G188)),$C$42-$F$40-$F$42,"""")"
Aout 2026;188;C;C188;;"=IF(AND(NOT(ISBLANK($G187)),ISBLANK($G188)),""Reste réel"","""")"
Aout 2026;188;D;D188;;"=IF(AND(NOT(ISBLANK($G187)),ISBLANK($G188)),$C$42-$H$40-$F$42,"""")"
Aout 2026;188;J;J188;0;"=IF(I188=""x"",H188,0)"
Aout 2026;189;A;A189;;"=IF(AND(NOT(ISBLANK(G188)),ISBLANK(G189)),""Reste prévu"","""")"
Aout 2026;189;B;B189;;"=IF(AND(NOT(ISBLANK($G188)),ISBLANK($G189)),$C$42-$F$40-$F$42,"""")"
Aout 2026;189;C;C189;;"=IF(AND(NOT(ISBLANK($G188)),ISBLANK($G189)),""Reste réel"","""")"
Aout 2026;189;D;D189;;"=IF(AND(NOT(ISBLANK($G188)),ISBLANK($G189)),$C$42-$H$40-$F$42,"""")"
Aout 2026;189;J;J189;0;"=IF(I189=""x"",H189,0)"
Aout 2026;190;A;A190;;"=IF(AND(NOT(ISBLANK(G189)),ISBLANK(G190)),""Reste prévu"","""")"
Aout 2026;190;B;B190;;"=IF(AND(NOT(ISBLANK($G189)),ISBLANK($G190)),$C$42-$F$40-$F$42,"""")"
Aout 2026;190;C;C190;;"=IF(AND(NOT(ISBLANK($G189)),ISBLANK($G190)),""Reste réel"","""")"
Aout 2026;190;D;D190;;"=IF(AND(NOT(ISBLANK($G189)),ISBLANK($G190)),$C$42-$H$40-$F$42,"""")"
Aout 2026;190;J;J190;0;"=IF(I190=""x"",H190,0)"
Aout 2026;191;A;A191;;"=IF(AND(NOT(ISBLANK(G190)),ISBLANK(G191)),""Reste prévu"","""")"
Aout 2026;191;B;B191;;"=IF(AND(NOT(ISBLANK($G190)),ISBLANK($G191)),$C$42-$F$40-$F$42,"""")"
Aout 2026;191;C;C191;;"=IF(AND(NOT(ISBLANK($G190)),ISBLANK($G191)),""Reste réel"","""")"
Aout 2026;191;D;D191;;"=IF(AND(NOT(ISBLANK($G190)),ISBLANK($G191)),$C$42-$H$40-$F$42,"""")"
Aout 2026;191;J;J191;0;"=IF(I191=""x"",H191,0)"
Aout 2026;192;A;A192;;"=IF(AND(NOT(ISBLANK(G191)),ISBLANK(G192)),""Reste prévu"","""")"
Aout 2026;192;B;B192;;"=IF(AND(NOT(ISBLANK($G191)),ISBLANK($G192)),$C$42-$F$40-$F$42,"""")"
Aout 2026;192;C;C192;;"=IF(AND(NOT(ISBLANK($G191)),ISBLANK($G192)),""Reste réel"","""")"
Aout 2026;192;D;D192;;"=IF(AND(NOT(ISBLANK($G191)),ISBLANK($G192)),$C$42-$H$40-$F$42,"""")"
Aout 2026;192;J;J192;0;"=IF(I192=""x"",H192,0)"
Aout 2026;193;A;A193;;"=IF(AND(NOT(ISBLANK(G192)),ISBLANK(G193)),""Reste prévu"","""")"
Aout 2026;193;B;B193;;"=IF(AND(NOT(ISBLANK($G192)),ISBLANK($G193)),$C$42-$F$40-$F$42,"""")"
Aout 2026;193;C;C193;;"=IF(AND(NOT(ISBLANK($G192)),ISBLANK($G193)),""Reste réel"","""")"
Aout 2026;193;D;D193;;"=IF(AND(NOT(ISBLANK($G192)),ISBLANK($G193)),$C$42-$H$40-$F$42,"""")"
Aout 2026;193;J;J193;0;"=IF(I193=""x"",H193,0)"
Aout 2026;194;A;A194;;"=IF(AND(NOT(ISBLANK(G193)),ISBLANK(G194)),""Reste prévu"","""")"
Aout 2026;194;B;B194;;"=IF(AND(NOT(ISBLANK($G193)),ISBLANK($G194)),$C$42-$F$40-$F$42,"""")"
Aout 2026;194;C;C194;;"=IF(AND(NOT(ISBLANK($G193)),ISBLANK($G194)),""Reste réel"","""")"
Aout 2026;194;D;D194;;"=IF(AND(NOT(ISBLANK($G193)),ISBLANK($G194)),$C$42-$H$40-$F$42,"""")"
Aout 2026;194;J;J194;0;"=IF(I194=""x"",H194,0)"
Aout 2026;195;A;A195;;"=IF(AND(NOT(ISBLANK(G194)),ISBLANK(G195)),""Reste prévu"","""")"
Aout 2026;195;B;B195;;"=IF(AND(NOT(ISBLANK($G194)),ISBLANK($G195)),$C$42-$F$40-$F$42,"""")"
Aout 2026;195;C;C195;;"=IF(AND(NOT(ISBLANK($G194)),ISBLANK($G195)),""Reste réel"","""")"
Aout 2026;195;D;D195;;"=IF(AND(NOT(ISBLANK($G194)),ISBLANK($G195)),$C$42-$H$40-$F$42,"""")"
Aout 2026;195;J;J195;0;"=IF(I195=""x"",H195,0)"
Aout 2026;196;A;A196;;"=IF(AND(NOT(ISBLANK(G195)),ISBLANK(G196)),""Reste prévu"","""")"
Aout 2026;196;B;B196;;"=IF(AND(NOT(ISBLANK($G195)),ISBLANK($G196)),$C$42-$F$40-$F$42,"""")"
Aout 2026;196;C;C196;;"=IF(AND(NOT(ISBLANK($G195)),ISBLANK($G196)),""Reste réel"","""")"
Aout 2026;196;D;D196;;"=IF(AND(NOT(ISBLANK($G195)),ISBLANK($G196)),$C$42-$H$40-$F$42,"""")"
Aout 2026;196;J;J196;0;"=IF(I196=""x"",H196,0)"
Aout 2026;197;A;A197;;"=IF(AND(NOT(ISBLANK(G196)),ISBLANK(G197)),""Reste prévu"","""")"
Aout 2026;197;B;B197;;"=IF(AND(NOT(ISBLANK($G196)),ISBLANK($G197)),$C$42-$F$40-$F$42,"""")"
Aout 2026;197;C;C197;;"=IF(AND(NOT(ISBLANK($G196)),ISBLANK($G197)),""Reste réel"","""")"
Aout 2026;197;D;D197;;"=IF(AND(NOT(ISBLANK($G196)),ISBLANK($G197)),$C$42-$H$40-$F$42,"""")"
Aout 2026;197;J;J197;0;"=IF(I197=""x"",H197,0)"
Aout 2026;198;A;A198;;"=IF(AND(NOT(ISBLANK(G197)),ISBLANK(G198)),""Reste prévu"","""")"
Aout 2026;198;B;B198;;"=IF(AND(NOT(ISBLANK($G197)),ISBLANK($G198)),$C$42-$F$40-$F$42,"""")"
Aout 2026;198;C;C198;;"=IF(AND(NOT(ISBLANK($G197)),ISBLANK($G198)),""Reste réel"","""")"
Aout 2026;198;D;D198;;"=IF(AND(NOT(ISBLANK($G197)),ISBLANK($G198)),$C$42-$H$40-$F$42,"""")"
Aout 2026;198;J;J198;0;"=IF(I198=""x"",H198,0)"
Aout 2026;199;A;A199;;"=IF(AND(NOT(ISBLANK(G198)),ISBLANK(G199)),""Reste prévu"","""")"
Aout 2026;199;B;B199;;"=IF(AND(NOT(ISBLANK($G198)),ISBLANK($G199)),$C$42-$F$40-$F$42,"""")"
Aout 2026;199;C;C199;;"=IF(AND(NOT(ISBLANK($G198)),ISBLANK($G199)),""Reste réel"","""")"
Aout 2026;199;D;D199;;"=IF(AND(NOT(ISBLANK($G198)),ISBLANK($G199)),$C$42-$H$40-$F$42,"""")"
Aout 2026;199;J;J199;0;"=IF(I199=""x"",H199,0)"
Aout 2026;200;A;A200;;"=IF(AND(NOT(ISBLANK(G199)),ISBLANK(G200)),""Reste prévu"","""")"
Aout 2026;200;B;B200;;"=IF(AND(NOT(ISBLANK($G199)),ISBLANK($G200)),$C$42-$F$40-$F$42,"""")"
Aout 2026;200;C;C200;;"=IF(AND(NOT(ISBLANK($G199)),ISBLANK($G200)),""Reste réel"","""")"
Aout 2026;200;D;D200;;"=IF(AND(NOT(ISBLANK($G199)),ISBLANK($G200)),$C$42-$H$40-$F$42,"""")"
Aout 2026;200;J;J200;0;"=IF(I200=""x"",H200,0)"
Aout 2026;201;A;A201;;"=IF(AND(NOT(ISBLANK(G200)),ISBLANK(G201)),""Reste prévu"","""")"
Aout 2026;201;B;B201;;"=IF(AND(NOT(ISBLANK($G200)),ISBLANK($G201)),$C$42-$F$40-$F$42,"""")"
Aout 2026;201;C;C201;;"=IF(AND(NOT(ISBLANK($G200)),ISBLANK($G201)),""Reste réel"","""")"
Aout 2026;201;D;D201;;"=IF(AND(NOT(ISBLANK($G200)),ISBLANK($G201)),$C$42-$H$40-$F$42,"""")"
Aout 2026;201;J;J201;0;"=IF(I201=""x"",H201,0)"
Aout 2026;202;A;A202;;"=IF(AND(NOT(ISBLANK(G201)),ISBLANK(G202)),""Reste prévu"","""")"
Aout 2026;202;B;B202;;"=IF(AND(NOT(ISBLANK($G201)),ISBLANK($G202)),$C$42-$F$40-$F$42,"""")"
Aout 2026;202;C;C202;;"=IF(AND(NOT(ISBLANK($G201)),ISBLANK($G202)),""Reste réel"","""")"
Aout 2026;202;D;D202;;"=IF(AND(NOT(ISBLANK($G201)),ISBLANK($G202)),$C$42-$H$40-$F$42,"""")"
Aout 2026;202;J;J202;0;"=IF(I202=""x"",H202,0)"
Aout 2026;203;A;A203;;"=IF(AND(NOT(ISBLANK(G202)),ISBLANK(G203)),""Reste prévu"","""")"
Aout 2026;203;B;B203;;"=IF(AND(NOT(ISBLANK($G202)),ISBLANK($G203)),$C$42-$F$40-$F$42,"""")"
Aout 2026;203;C;C203;;"=IF(AND(NOT(ISBLANK($G202)),ISBLANK($G203)),""Reste réel"","""")"
Aout 2026;203;D;D203;;"=IF(AND(NOT(ISBLANK($G202)),ISBLANK($G203)),$C$42-$H$40-$F$42,"""")"
Aout 2026;203;J;J203;0;"=IF(I203=""x"",H203,0)"
Aout 2026;204;A;A204;;"=IF(AND(NOT(ISBLANK(G203)),ISBLANK(G204)),""Reste prévu"","""")"
Aout 2026;204;B;B204;;"=IF(AND(NOT(ISBLANK($G203)),ISBLANK($G204)),$C$42-$F$40-$F$42,"""")"
Aout 2026;204;C;C204;;"=IF(AND(NOT(ISBLANK($G203)),ISBLANK($G204)),""Reste réel"","""")"
Aout 2026;204;D;D204;;"=IF(AND(NOT(ISBLANK($G203)),ISBLANK($G204)),$C$42-$H$40-$F$42,"""")"
Aout 2026;204;J;J204;0;"=IF(I204=""x"",H204,0)"
Aout 2026;205;A;A205;;"=IF(AND(NOT(ISBLANK(G204)),ISBLANK(G205)),""Reste prévu"","""")"
Aout 2026;205;B;B205;;"=IF(AND(NOT(ISBLANK($G204)),ISBLANK($G205)),$C$42-$F$40-$F$42,"""")"
Aout 2026;205;C;C205;;"=IF(AND(NOT(ISBLANK($G204)),ISBLANK($G205)),""Reste réel"","""")"
Aout 2026;205;D;D205;;"=IF(AND(NOT(ISBLANK($G204)),ISBLANK($G205)),$C$42-$H$40-$F$42,"""")"
Aout 2026;205;J;J205;0;"=IF(I205=""x"",H205,0)"
Aout 2026;206;A;A206;;"=IF(AND(NOT(ISBLANK(G205)),ISBLANK(G206)),""Reste prévu"","""")"
Aout 2026;206;B;B206;;"=IF(AND(NOT(ISBLANK($G205)),ISBLANK($G206)),$C$42-$F$40-$F$42,"""")"
Aout 2026;206;C;C206;;"=IF(AND(NOT(ISBLANK($G205)),ISBLANK($G206)),""Reste réel"","""")"
Aout 2026;206;D;D206;;"=IF(AND(NOT(ISBLANK($G205)),ISBLANK($G206)),$C$42-$H$40-$F$42,"""")"
Aout 2026;206;J;J206;0;"=IF(I206=""x"",H206,0)"
Aout 2026;207;A;A207;;"=IF(AND(NOT(ISBLANK(G206)),ISBLANK(G207)),""Reste prévu"","""")"
Aout 2026;207;B;B207;;"=IF(AND(NOT(ISBLANK($G206)),ISBLANK($G207)),$C$42-$F$40-$F$42,"""")"
Aout 2026;207;C;C207;;"=IF(AND(NOT(ISBLANK($G206)),ISBLANK($G207)),""Reste réel"","""")"
Aout 2026;207;D;D207;;"=IF(AND(NOT(ISBLANK($G206)),ISBLANK($G207)),$C$42-$H$40-$F$42,"""")"
Aout 2026;207;J;J207;0;"=IF(I207=""x"",H207,0)"
Aout 2026;208;A;A208;;"=IF(AND(NOT(ISBLANK(G207)),ISBLANK(G208)),""Reste prévu"","""")"
Aout 2026;208;B;B208;;"=IF(AND(NOT(ISBLANK($G207)),ISBLANK($G208)),$C$42-$F$40-$F$42,"""")"
Aout 2026;208;C;C208;;"=IF(AND(NOT(ISBLANK($G207)),ISBLANK($G208)),""Reste réel"","""")"
Aout 2026;208;D;D208;;"=IF(AND(NOT(ISBLANK($G207)),ISBLANK($G208)),$C$42-$H$40-$F$42,"""")"
Aout 2026;208;J;J208;0;"=IF(I208=""x"",H208,0)"
Aout 2026;209;A;A209;;"=IF(AND(NOT(ISBLANK(G208)),ISBLANK(G209)),""Reste prévu"","""")"
Aout 2026;209;B;B209;;"=IF(AND(NOT(ISBLANK($G208)),ISBLANK($G209)),$C$42-$F$40-$F$42,"""")"
Aout 2026;209;C;C209;;"=IF(AND(NOT(ISBLANK($G208)),ISBLANK($G209)),""Reste réel"","""")"
Aout 2026;209;D;D209;;"=IF(AND(NOT(ISBLANK($G208)),ISBLANK($G209)),$C$42-$H$40-$F$42,"""")"
Aout 2026;209;J;J209;0;"=IF(I209=""x"",H209,0)"
Aout 2026;210;A;A210;;"=IF(AND(NOT(ISBLANK(G209)),ISBLANK(G210)),""Reste prévu"","""")"
Aout 2026;210;B;B210;;"=IF(AND(NOT(ISBLANK($G209)),ISBLANK($G210)),$C$42-$F$40-$F$42,"""")"
Aout 2026;210;C;C210;;"=IF(AND(NOT(ISBLANK($G209)),ISBLANK($G210)),""Reste réel"","""")"
Aout 2026;210;D;D210;;"=IF(AND(NOT(ISBLANK($G209)),ISBLANK($G210)),$C$42-$H$40-$F$42,"""")"
Aout 2026;210;J;J210;0;"=IF(I210=""x"",H210,0)"
Aout 2026;211;A;A211;;"=IF(AND(NOT(ISBLANK(G210)),ISBLANK(G211)),""Reste prévu"","""")"
Aout 2026;211;B;B211;;"=IF(AND(NOT(ISBLANK($G210)),ISBLANK($G211)),$C$42-$F$40-$F$42,"""")"
Aout 2026;211;C;C211;;"=IF(AND(NOT(ISBLANK($G210)),ISBLANK($G211)),""Reste réel"","""")"
Aout 2026;211;D;D211;;"=IF(AND(NOT(ISBLANK($G210)),ISBLANK($G211)),$C$42-$H$40-$F$42,"""")"
Aout 2026;211;J;J211;0;"=IF(I211=""x"",H211,0)"
Aout 2026;212;A;A212;;"=IF(AND(NOT(ISBLANK(G211)),ISBLANK(G212)),""Reste prévu"","""")"
Aout 2026;212;B;B212;;"=IF(AND(NOT(ISBLANK($G211)),ISBLANK($G212)),$C$42-$F$40-$F$42,"""")"
Aout 2026;212;C;C212;;"=IF(AND(NOT(ISBLANK($G211)),ISBLANK($G212)),""Reste réel"","""")"
Aout 2026;212;D;D212;;"=IF(AND(NOT(ISBLANK($G211)),ISBLANK($G212)),$C$42-$H$40-$F$42,"""")"
Aout 2026;212;J;J212;0;"=IF(I212=""x"",H212,0)"
Aout 2026;213;A;A213;;"=IF(AND(NOT(ISBLANK(G212)),ISBLANK(G213)),""Reste prévu"","""")"
Aout 2026;213;B;B213;;"=IF(AND(NOT(ISBLANK($G212)),ISBLANK($G213)),$C$42-$F$40-$F$42,"""")"
Aout 2026;213;C;C213;;"=IF(AND(NOT(ISBLANK($G212)),ISBLANK($G213)),""Reste réel"","""")"
Aout 2026;213;D;D213;;"=IF(AND(NOT(ISBLANK($G212)),ISBLANK($G213)),$C$42-$H$40-$F$42,"""")"
Aout 2026;213;J;J213;0;"=IF(I213=""x"",H213,0)"
Aout 2026;214;A;A214;;"=IF(AND(NOT(ISBLANK(G213)),ISBLANK(G214)),""Reste prévu"","""")"
Aout 2026;214;B;B214;;"=IF(AND(NOT(ISBLANK($G213)),ISBLANK($G214)),$C$42-$F$40-$F$42,"""")"
Aout 2026;214;C;C214;;"=IF(AND(NOT(ISBLANK($G213)),ISBLANK($G214)),""Reste réel"","""")"
Aout 2026;214;D;D214;;"=IF(AND(NOT(ISBLANK($G213)),ISBLANK($G214)),$C$42-$H$40-$F$42,"""")"
Aout 2026;214;J;J214;0;"=IF(I214=""x"",H214,0)"
Aout 2026;215;A;A215;;"=IF(AND(NOT(ISBLANK(G214)),ISBLANK(G215)),""Reste prévu"","""")"
Aout 2026;215;B;B215;;"=IF(AND(NOT(ISBLANK($G214)),ISBLANK($G215)),$C$42-$F$40-$F$42,"""")"
Aout 2026;215;C;C215;;"=IF(AND(NOT(ISBLANK($G214)),ISBLANK($G215)),""Reste réel"","""")"
Aout 2026;215;D;D215;;"=IF(AND(NOT(ISBLANK($G214)),ISBLANK($G215)),$C$42-$H$40-$F$42,"""")"
Aout 2026;215;J;J215;0;"=IF(I215=""x"",H215,0)"
Aout 2026;216;A;A216;;"=IF(AND(NOT(ISBLANK(G215)),ISBLANK(G216)),""Reste prévu"","""")"
Aout 2026;216;B;B216;;"=IF(AND(NOT(ISBLANK($G215)),ISBLANK($G216)),$C$42-$F$40-$F$42,"""")"
Aout 2026;216;C;C216;;"=IF(AND(NOT(ISBLANK($G215)),ISBLANK($G216)),""Reste réel"","""")"
Aout 2026;216;D;D216;;"=IF(AND(NOT(ISBLANK($G215)),ISBLANK($G216)),$C$42-$H$40-$F$42,"""")"
Aout 2026;216;J;J216;0;"=IF(I216=""x"",H216,0)"
Aout 2026;217;A;A217;;"=IF(AND(NOT(ISBLANK(G216)),ISBLANK(G217)),""Reste prévu"","""")"
Aout 2026;217;B;B217;;"=IF(AND(NOT(ISBLANK($G216)),ISBLANK($G217)),$C$42-$F$40-$F$42,"""")"
Aout 2026;217;C;C217;;"=IF(AND(NOT(ISBLANK($G216)),ISBLANK($G217)),""Reste réel"","""")"
Aout 2026;217;D;D217;;"=IF(AND(NOT(ISBLANK($G216)),ISBLANK($G217)),$C$42-$H$40-$F$42,"""")"
Aout 2026;218;A;A218;;"=IF(AND(NOT(ISBLANK(G217)),ISBLANK(G218)),""Reste prévu"","""")"
Aout 2026;218;B;B218;;"=IF(AND(NOT(ISBLANK($G217)),ISBLANK($G218)),$C$42-$F$40-$F$42,"""")"
Aout 2026;218;C;C218;;"=IF(AND(NOT(ISBLANK($G217)),ISBLANK($G218)),""Reste réel"","""")"
Aout 2026;218;D;D218;;"=IF(AND(NOT(ISBLANK($G217)),ISBLANK($G218)),$C$42-$H$40-$F$42,"""")"
Aout 2026;219;A;A219;;"=IF(AND(NOT(ISBLANK(G218)),ISBLANK(G219)),""Reste prévu"","""")"
Aout 2026;219;B;B219;;"=IF(AND(NOT(ISBLANK($G218)),ISBLANK($G219)),$C$42-$F$40-$F$42,"""")"
Aout 2026;219;C;C219;;"=IF(AND(NOT(ISBLANK($G218)),ISBLANK($G219)),""Reste réel"","""")"
Aout 2026;219;D;D219;;"=IF(AND(NOT(ISBLANK($G218)),ISBLANK($G219)),$C$42-$H$40-$F$42,"""")"
Aout 2026;220;A;A220;;"=IF(AND(NOT(ISBLANK(G219)),ISBLANK(G220)),""Reste prévu"","""")"
Aout 2026;220;B;B220;;"=IF(AND(NOT(ISBLANK($G219)),ISBLANK($G220)),$C$42-$F$40-$F$42,"""")"
Aout 2026;220;C;C220;;"=IF(AND(NOT(ISBLANK($G219)),ISBLANK($G220)),""Reste réel"","""")"
Aout 2026;220;D;D220;;"=IF(AND(NOT(ISBLANK($G219)),ISBLANK($G220)),$C$42-$H$40-$F$42,"""")"
Aout 2026;221;A;A221;;"=IF(AND(NOT(ISBLANK(G220)),ISBLANK(G221)),""Reste prévu"","""")"
Aout 2026;221;B;B221;;"=IF(AND(NOT(ISBLANK($G220)),ISBLANK($G221)),$C$42-$F$40-$F$42,"""")"
Aout 2026;221;C;C221;;"=IF(AND(NOT(ISBLANK($G220)),ISBLANK($G221)),""Reste réel"","""")"
Aout 2026;221;D;D221;;"=IF(AND(NOT(ISBLANK($G220)),ISBLANK($G221)),$C$42-$H$40-$F$42,"""")"
Aout 2026;222;A;A222;;"=IF(AND(NOT(ISBLANK(G221)),ISBLANK(G222)),""Reste prévu"","""")"
Aout 2026;222;B;B222;;"=IF(AND(NOT(ISBLANK($G221)),ISBLANK($G222)),$C$42-$F$40-$F$42,"""")"
Aout 2026;222;C;C222;;"=IF(AND(NOT(ISBLANK($G221)),ISBLANK($G222)),""Reste réel"","""")"
Aout 2026;222;D;D222;;"=IF(AND(NOT(ISBLANK($G221)),ISBLANK($G222)),$C$42-$H$40-$F$42,"""")"
Aout 2026;223;A;A223;;"=IF(AND(NOT(ISBLANK(G222)),ISBLANK(G223)),""Reste prévu"","""")"
Aout 2026;223;B;B223;;"=IF(AND(NOT(ISBLANK($G222)),ISBLANK($G223)),$C$42-$F$40-$F$42,"""")"
Aout 2026;223;C;C223;;"=IF(AND(NOT(ISBLANK($G222)),ISBLANK($G223)),""Reste réel"","""")"
Aout 2026;223;D;D223;;"=IF(AND(NOT(ISBLANK($G222)),ISBLANK($G223)),$C$42-$H$40-$F$42,"""")"
Aout 2026;224;A;A224;;"=IF(AND(NOT(ISBLANK(G223)),ISBLANK(G224)),""Reste prévu"","""")"
Aout 2026;224;B;B224;;"=IF(AND(NOT(ISBLANK($G223)),ISBLANK($G224)),$C$42-$F$40-$F$42,"""")"
Aout 2026;224;C;C224;;"=IF(AND(NOT(ISBLANK($G223)),ISBLANK($G224)),""Reste réel"","""")"
Aout 2026;224;D;D224;;"=IF(AND(NOT(ISBLANK($G223)),ISBLANK($G224)),$C$42-$H$40-$F$42,"""")"
Aout 2026;225;A;A225;;"=IF(AND(NOT(ISBLANK(G224)),ISBLANK(G225)),""Reste prévu"","""")"
Aout 2026;225;B;B225;;"=IF(AND(NOT(ISBLANK($G224)),ISBLANK($G225)),$C$42-$F$40-$F$42,"""")"
Aout 2026;225;C;C225;;"=IF(AND(NOT(ISBLANK($G224)),ISBLANK($G225)),""Reste réel"","""")"
Aout 2026;225;D;D225;;"=IF(AND(NOT(ISBLANK($G224)),ISBLANK($G225)),$C$42-$H$40-$F$42,"""")"
Aout 2026;226;A;A226;;"=IF(AND(NOT(ISBLANK(G225)),ISBLANK(G226)),""Reste prévu"","""")"
Aout 2026;226;B;B226;;"=IF(AND(NOT(ISBLANK($G225)),ISBLANK($G226)),$C$42-$F$40-$F$42,"""")"
Aout 2026;226;C;C226;;"=IF(AND(NOT(ISBLANK($G225)),ISBLANK($G226)),""Reste réel"","""")"
Aout 2026;226;D;D226;;"=IF(AND(NOT(ISBLANK($G225)),ISBLANK($G226)),$C$42-$H$40-$F$42,"""")"
Aout 2026;227;A;A227;;"=IF(AND(NOT(ISBLANK(G226)),ISBLANK(G227)),""Reste prévu"","""")"
Aout 2026;227;B;B227;;"=IF(AND(NOT(ISBLANK($G226)),ISBLANK($G227)),$C$42-$F$40-$F$42,"""")"
Aout 2026;227;C;C227;;"=IF(AND(NOT(ISBLANK($G226)),ISBLANK($G227)),""Reste réel"","""")"
Aout 2026;227;D;D227;;"=IF(AND(NOT(ISBLANK($G226)),ISBLANK($G227)),$C$42-$H$40-$F$42,"""")"
Aout 2026;228;A;A228;;"=IF(AND(NOT(ISBLANK(G227)),ISBLANK(G228)),""Reste prévu"","""")"
Aout 2026;228;B;B228;;"=IF(AND(NOT(ISBLANK($G227)),ISBLANK($G228)),$C$42-$F$40-$F$42,"""")"
Aout 2026;228;C;C228;;"=IF(AND(NOT(ISBLANK($G227)),ISBLANK($G228)),""Reste réel"","""")"
Aout 2026;228;D;D228;;"=IF(AND(NOT(ISBLANK($G227)),ISBLANK($G228)),$C$42-$H$40-$F$42,"""")"
Aout 2026;229;A;A229;;"=IF(AND(NOT(ISBLANK(G228)),ISBLANK(G229)),""Reste prévu"","""")"
Aout 2026;229;B;B229;;"=IF(AND(NOT(ISBLANK($G228)),ISBLANK($G229)),$C$42-$F$40-$F$42,"""")"
Aout 2026;229;C;C229;;"=IF(AND(NOT(ISBLANK($G228)),ISBLANK($G229)),""Reste réel"","""")"
Aout 2026;229;D;D229;;"=IF(AND(NOT(ISBLANK($G228)),ISBLANK($G229)),$C$42-$H$40-$F$42,"""")"
Aout 2026;230;A;A230;;"=IF(AND(NOT(ISBLANK(G229)),ISBLANK(G230)),""Reste prévu"","""")"
Aout 2026;230;B;B230;;"=IF(AND(NOT(ISBLANK($G229)),ISBLANK($G230)),$C$42-$F$40-$F$42,"""")"
Aout 2026;230;C;C230;;"=IF(AND(NOT(ISBLANK($G229)),ISBLANK($G230)),""Reste réel"","""")"
Aout 2026;230;D;D230;;"=IF(AND(NOT(ISBLANK($G229)),ISBLANK($G230)),$C$42-$H$40-$F$42,"""")"
Aout 2026;231;A;A231;;"=IF(AND(NOT(ISBLANK(G230)),ISBLANK(G231)),""Reste prévu"","""")"
Aout 2026;231;B;B231;;"=IF(AND(NOT(ISBLANK($G230)),ISBLANK($G231)),$C$42-$F$40-$F$42,"""")"
Aout 2026;231;C;C231;;"=IF(AND(NOT(ISBLANK($G230)),ISBLANK($G231)),""Reste réel"","""")"
Aout 2026;231;D;D231;;"=IF(AND(NOT(ISBLANK($G230)),ISBLANK($G231)),$C$42-$H$40-$F$42,"""")"
Aout 2026;232;A;A232;;"=IF(AND(NOT(ISBLANK(G231)),ISBLANK(G232)),""Reste prévu"","""")"
Aout 2026;232;B;B232;;"=IF(AND(NOT(ISBLANK($G231)),ISBLANK($G232)),$C$42-$F$40-$F$42,"""")"
Aout 2026;232;C;C232;;"=IF(AND(NOT(ISBLANK($G231)),ISBLANK($G232)),""Reste réel"","""")"
Aout 2026;232;D;D232;;"=IF(AND(NOT(ISBLANK($G231)),ISBLANK($G232)),$C$42-$H$40-$F$42,"""")"
Aout 2026;233;A;A233;;"=IF(AND(NOT(ISBLANK(G232)),ISBLANK(G233)),""Reste prévu"","""")"
Aout 2026;233;B;B233;;"=IF(AND(NOT(ISBLANK($G232)),ISBLANK($G233)),$C$42-$F$40-$F$42,"""")"
Aout 2026;233;C;C233;;"=IF(AND(NOT(ISBLANK($G232)),ISBLANK($G233)),""Reste réel"","""")"
Aout 2026;233;D;D233;;"=IF(AND(NOT(ISBLANK($G232)),ISBLANK($G233)),$C$42-$H$40-$F$42,"""")"
Aout 2026;234;A;A234;;"=IF(AND(NOT(ISBLANK(G233)),ISBLANK(G234)),""Reste prévu"","""")"
Aout 2026;234;B;B234;;"=IF(AND(NOT(ISBLANK($G233)),ISBLANK($G234)),$C$42-$F$40-$F$42,"""")"
Aout 2026;234;C;C234;;"=IF(AND(NOT(ISBLANK($G233)),ISBLANK($G234)),""Reste réel"","""")"
Aout 2026;234;D;D234;;"=IF(AND(NOT(ISBLANK($G233)),ISBLANK($G234)),$C$42-$H$40-$F$42,"""")"
Aout 2026;235;A;A235;;"=IF(AND(NOT(ISBLANK(G234)),ISBLANK(G235)),""Reste prévu"","""")"
Aout 2026;235;B;B235;;"=IF(AND(NOT(ISBLANK($G234)),ISBLANK($G235)),$C$42-$F$40-$F$42,"""")"
Aout 2026;235;C;C235;;"=IF(AND(NOT(ISBLANK($G234)),ISBLANK($G235)),""Reste réel"","""")"
Aout 2026;235;D;D235;;"=IF(AND(NOT(ISBLANK($G234)),ISBLANK($G235)),$C$42-$H$40-$F$42,"""")"
Aout 2026;236;A;A236;;"=IF(AND(NOT(ISBLANK(G235)),ISBLANK(G236)),""Reste prévu"","""")"
Aout 2026;236;B;B236;;"=IF(AND(NOT(ISBLANK($G235)),ISBLANK($G236)),$C$42-$F$40-$F$42,"""")"
Aout 2026;236;C;C236;;"=IF(AND(NOT(ISBLANK($G235)),ISBLANK($G236)),""Reste réel"","""")"
Aout 2026;236;D;D236;;"=IF(AND(NOT(ISBLANK($G235)),ISBLANK($G236)),$C$42-$H$40-$F$42,"""")"
Aout 2026;237;A;A237;;"=IF(AND(NOT(ISBLANK(G236)),ISBLANK(G237)),""Reste prévu"","""")"
Aout 2026;237;B;B237;;"=IF(AND(NOT(ISBLANK($G236)),ISBLANK($G237)),$C$42-$F$40-$F$42,"""")"
Aout 2026;237;C;C237;;"=IF(AND(NOT(ISBLANK($G236)),ISBLANK($G237)),""Reste réel"","""")"
Aout 2026;237;D;D237;;"=IF(AND(NOT(ISBLANK($G236)),ISBLANK($G237)),$C$42-$H$40-$F$42,"""")"
Aout 2026;238;A;A238;;"=IF(AND(NOT(ISBLANK(G237)),ISBLANK(G238)),""Reste prévu"","""")"
Aout 2026;238;B;B238;;"=IF(AND(NOT(ISBLANK($G237)),ISBLANK($G238)),$C$42-$F$40-$F$42,"""")"
Aout 2026;238;C;C238;;"=IF(AND(NOT(ISBLANK($G237)),ISBLANK($G238)),""Reste réel"","""")"
Aout 2026;238;D;D238;;"=IF(AND(NOT(ISBLANK($G237)),ISBLANK($G238)),$C$42-$H$40-$F$42,"""")"
Aout 2026;239;A;A239;;"=IF(AND(NOT(ISBLANK(G238)),ISBLANK(G239)),""Reste prévu"","""")"
Aout 2026;239;B;B239;;"=IF(AND(NOT(ISBLANK($G238)),ISBLANK($G239)),$C$42-$F$40-$F$42,"""")"
Aout 2026;239;C;C239;;"=IF(AND(NOT(ISBLANK($G238)),ISBLANK($G239)),""Reste réel"","""")"
Aout 2026;239;D;D239;;"=IF(AND(NOT(ISBLANK($G238)),ISBLANK($G239)),$C$42-$H$40-$F$42,"""")"
Juillet 2026;1;B;B1;Recettes;
Juillet 2026;1;E;E1;Dépenses;
Juillet 2026;1;K;K1;Cadeau;
Juillet 2026;3;B;B3;Salaire Pierre;
Juillet 2026;3;C;C3;5651.76;
Juillet 2026;3;E;E3;Loyer Elouen;
Juillet 2026;3;F;F3;669.7;
Juillet 2026;3;G;G3;x;
Juillet 2026;3;H;H3;669.7;"=IF(G3=""x"",F3,0)"
Juillet 2026;3;K;K3;Logement;
Juillet 2026;4;B;B4;Salaire Sterenn;
Juillet 2026;4;C;C4;1938.46;
Juillet 2026;4;E;E4;Argent de poche Elouen;
Juillet 2026;4;H;H4;0;"=IF(G4=""x"",F4,0)"
Juillet 2026;4;K;K4;Charges;
Juillet 2026;5;B;B5;CAF;
Juillet 2026;5;C;C5;114.19;
Juillet 2026;5;E;E5;Engie Elouen;
Juillet 2026;5;F;F5;70;
Juillet 2026;5;G;G5;x;
Juillet 2026;5;H;H5;70;"=IF(G5=""x"",F5,0)"
Juillet 2026;5;K;K5;Charges;
Juillet 2026;6;E;E6;Argent de poche Arthur;
Juillet 2026;6;F;F6;14.99;
Juillet 2026;6;G;G6;x;
Juillet 2026;6;H;H6;14.99;"=IF(G6=""x"",F6,0)"
Juillet 2026;6;K;K6;Charges;
Juillet 2026;7;E;E7;Prêt 25 ;
Juillet 2026;7;F;F7;995.15;
Juillet 2026;7;G;G7;x;
Juillet 2026;7;H;H7;995.15;"=IF(G7=""x"",F7,0)"
Juillet 2026;7;K;K7;Logement;
Juillet 2026;8;B;B8;Note de frais Igienair;
Juillet 2026;8;C;C8;261.76;
Juillet 2026;8;E;E8;Prêt 15;
Juillet 2026;8;F;F8;883.42;
Juillet 2026;8;G;G8;x;
Juillet 2026;8;H;H8;883.42;"=IF(G8=""x"",F8,0)"
Juillet 2026;8;K;K8;Logement;
Juillet 2026;9;B;B9;Note de Frais Altran;
Juillet 2026;9;C;C9;69.75;
Juillet 2026;9;E;E9;Assurances prêt;
Juillet 2026;9;F;F9;11.46;
Juillet 2026;9;G;G9;x;
Juillet 2026;9;H;H9;11.46;"=IF(G9=""x"",F9,0)"
Juillet 2026;9;K;K9;Logement;
Juillet 2026;10;B;B10;Pret Arthur Scolarité;
Juillet 2026;10;C;C10;105;
Juillet 2026;10;E;E10;Assurances prêt;
Juillet 2026;10;F;F10;32.57;
Juillet 2026;10;G;G10;x;
Juillet 2026;10;H;H10;32.57;"=IF(G10=""x"",F10,0)"
Juillet 2026;10;K;K10;Logement;
Juillet 2026;11;B;B11;Pret Arthur Scolarité;
Juillet 2026;11;C;C11;178;
Juillet 2026;11;E;E11;Assurances prêt;
Juillet 2026;11;F;F11;79.98;
Juillet 2026;11;G;G11;x;
Juillet 2026;11;H;H11;79.98;"=IF(G11=""x"",F11,0)"
Juillet 2026;11;K;K11;Logement;
Juillet 2026;12;B;B12;Cadeau copains;
Juillet 2026;12;C;C12;580;
Juillet 2026;12;E;E12;Assurances prêt;
Juillet 2026;12;F;F12;28.49;
Juillet 2026;12;G;G12;x;
Juillet 2026;12;H;H12;28.49;"=IF(G12=""x"",F12,0)"
Juillet 2026;12;K;K12;Logement;
Juillet 2026;13;B;B13;Scolarité Arthur/Elouen;
Juillet 2026;13;C;C13;720;
Juillet 2026;13;E;E13;Disney;
Juillet 2026;13;F;F13;6.99;
Juillet 2026;13;G;G13;x;
Juillet 2026;13;H;H13;6.99;"=IF(G13=""x"",F13,0)"
Juillet 2026;13;K;K13;Internet/Téléphone;
Juillet 2026;14;B;B14;Baby Sitting Arthur;
Juillet 2026;14;C;C14;40;
Juillet 2026;14;E;E14;EDF Arthur;
Juillet 2026;14;F;F14;65;
Juillet 2026;14;G;G14;x;
Juillet 2026;14;H;H14;65;"=IF(G14=""x"",F14,0)"
Juillet 2026;14;K;K14;Charges;
Juillet 2026;15;B;B15;Virement Impots;
Juillet 2026;15;C;C15;3165;
Juillet 2026;15;E;E15;EkWateur;
Juillet 2026;15;F;F15;208;
Juillet 2026;15;G;G15;x;
Juillet 2026;15;H;H15;208;"=IF(G15=""x"",F15,0)"
Juillet 2026;15;K;K15;Charges;
Juillet 2026;16;E;E16;Sosh Maison;
Juillet 2026;16;F;F16;24.99;
Juillet 2026;16;G;G16;x;
Juillet 2026;16;H;H16;24.99;"=IF(G16=""x"",F16,0)"
Juillet 2026;16;K;K16;Internet/Téléphone;
Juillet 2026;17;E;E17;Sosh Arthur;
Juillet 2026;17;F;F17;14.99;
Juillet 2026;17;G;G17;x;
Juillet 2026;17;H;H17;14.99;"=IF(G17=""x"",F17,0)"
Juillet 2026;17;K;K17;Internet/Téléphone;
Juillet 2026;18;E;E18;Sosh Ael;
Juillet 2026;18;F;F18;14.99;
Juillet 2026;18;H;H18;0;"=IF(G18=""x"",F18,0)"
Juillet 2026;18;K;K18;Internet/Téléphone;
Juillet 2026;19;E;E19;Sosh Elouen;
Juillet 2026;19;F;F19;14.99;
Juillet 2026;19;G;G19;x;
Juillet 2026;19;H;H19;14.99;"=IF(G19=""x"",F19,0)"
Juillet 2026;19;K;K19;Internet/Téléphone;
Juillet 2026;20;E;E20;Sosh Sterenn;
Juillet 2026;20;F;F20;10.99;
Juillet 2026;20;G;G20;x;
Juillet 2026;20;H;H20;10.99;"=IF(G20=""x"",F20,0)"
Juillet 2026;20;K;K20;Internet/Téléphone;
Juillet 2026;21;E;E21;Mutuelle;
Juillet 2026;21;F;F21;104.98;
Juillet 2026;21;G;G21;x;
Juillet 2026;21;H;H21;104.98;"=IF(G21=""x"",F21,0)"
Juillet 2026;21;K;K21;Assurances/Mutuelle;
Juillet 2026;23;E;E23;AxaHabitation;
Juillet 2026;23;F;F23;62.88;
Juillet 2026;23;G;G23;x;
Juillet 2026;23;H;H23;62.88;"=IF(G23=""x"",F23,0)"
Juillet 2026;23;K;K23;Assurances/Mutuelle;
Juillet 2026;24;E;E24;VW LDD;
Juillet 2026;24;F;F24;331.65;
Juillet 2026;24;G;G24;x;
Juillet 2026;24;H;H24;331.65;"=IF(G24=""x"",F24,0)"
Juillet 2026;24;K;K24;Voiture/Déplacement;
Juillet 2026;25;E;E25;Axa Voiture;
Juillet 2026;25;F;F25;88.03;
Juillet 2026;25;G;G25;x;
Juillet 2026;25;H;H25;88.03;"=IF(G25=""x"",F25,0)"
Juillet 2026;25;K;K25;Assurances/Mutuelle;
Juillet 2026;26;E;E26;Suravenir Garanties Vie;
Juillet 2026;26;F;F26;18.99;
Juillet 2026;26;G;G26;x;
Juillet 2026;26;H;H26;18.99;"=IF(G26=""x"",F26,0)"
Juillet 2026;26;K;K26;Assurances/Mutuelle;
Juillet 2026;27;E;E27;Joséphine;
Juillet 2026;27;F;F27;20;
Juillet 2026;27;G;G27;x;
Juillet 2026;27;H;H27;20;"=IF(G27=""x"",F27,0)"
Juillet 2026;27;K;K27;Divers;
Juillet 2026;28;E;E28;Canal Plus;
Juillet 2026;28;F;F28;21.99;
Juillet 2026;28;G;G28;x;
Juillet 2026;28;H;H28;21.99;"=IF(G28=""x"",F28,0)"
Juillet 2026;28;K;K28;Internet/Téléphone;
Juillet 2026;29;H;H29;0;"=IF(G29=""x"",F29,0)"
Juillet 2026;29;K;K29;Voiture/Déplacement;
Juillet 2026;30;E;E30;Keolis Elouen;
Juillet 2026;30;F;F30;21.4;
Juillet 2026;30;G;G30;x;
Juillet 2026;30;H;H30;21.4;"=IF(G30=""x"",F30,0)"
Juillet 2026;30;K;K30;Voiture/Déplacement;
Juillet 2026;31;E;E31;Apple;
Juillet 2026;31;F;F31;0.99;
Juillet 2026;31;G;G31;x;
Juillet 2026;31;H;H31;0.99;"=IF(G31=""x"",F31,0)"
Juillet 2026;31;K;K31;Internet/Téléphone;
Juillet 2026;32;E;E32;Apple;
Juillet 2026;32;F;F32;0.99;
Juillet 2026;32;G;G32;x;
Juillet 2026;32;H;H32;0.99;"=IF(G32=""x"",F32,0)"
Juillet 2026;32;K;K32;Internet/Téléphone;
Juillet 2026;33;E;E33;Apple;
Juillet 2026;33;F;F33;16.99;
Juillet 2026;33;G;G33;x;
Juillet 2026;33;H;H33;16.99;"=IF(G33=""x"",F33,0)"
Juillet 2026;33;K;K33;Internet/Téléphone;
Juillet 2026;34;E;E34;St Charles;
Juillet 2026;34;F;F34;278.3;
Juillet 2026;34;G;G34;x;
Juillet 2026;34;H;H34;278.3;"=IF(G34=""x"",F34,0)"
Juillet 2026;34;K;K34;Scolarité;
Juillet 2026;35;E;E35;Ménage;
Juillet 2026;35;F;F35;170;
Juillet 2026;35;G;G35;x;
Juillet 2026;35;H;H35;170;"=IF(G35=""x"",F35,0)"
Juillet 2026;35;K;K35;Logement;
Juillet 2026;36;E;E36;Urssaaf;
Juillet 2026;36;F;F36;136;
Juillet 2026;36;G;G36;x;
Juillet 2026;36;H;H36;136;"=IF(G36=""x"",F36,0)"
Juillet 2026;36;K;K36;Logement;
Juillet 2026;37;E;E37;Cotisation Eurocompte;
Juillet 2026;37;F;F37;19.03;
Juillet 2026;37;G;G37;x;
Juillet 2026;37;H;H37;19.03;"=IF(G37=""x"",F37,0)"
Juillet 2026;37;K;K37;Charges;
Juillet 2026;38;E;E38;Indivision;
Juillet 2026;38;F;F38;33.89;
Juillet 2026;38;G;G38;x;
Juillet 2026;38;H;H38;33.89;"=IF(G38=""x"",F38,0)"
Juillet 2026;38;K;K38;Charges;
Juillet 2026;39;A;A39;Etat mois précédent;
Juillet 2026;39;C;C39;#REF!;='Juin 2026'!D43
Juillet 2026;40;A;A40;Recettes fixes;
Juillet 2026;40;C;C40;7704.41;=SUM(C2:C6)
Juillet 2026;40;E;E40;Somme dépenses prévues;
Juillet 2026;40;F;F40;4472.809999999999;=SUM(F2:F38)
Juillet 2026;40;G;G40;Somme dépenses réelles;
Juillet 2026;40;H;H40;4457.819999999999;=SUM(H2:H38)
Juillet 2026;40;I;I40;Delta moins les exceptions;
Juillet 2026;41;A;A41;Recettes additionnelles du mois;
Juillet 2026;41;C;C41;5119.51;=SUM(C8:C35)
Juillet 2026;41;E;E41;Reste previsionnel;
Juillet 2026;41;F;F41;#REF!;=C42-F40
Juillet 2026;41;G;G41;Delta du mois;
Juillet 2026;41;H;H41;#REF!;=C39+C40+C41-H40-F42
Juillet 2026;42;A;A42;Total Recettes;
Juillet 2026;42;C;C42;#REF!;=SUM(C39:C41)
Juillet 2026;42;E;E42;Somme dépenses non prévues;
Juillet 2026;42;F;F42;8324.919999999998;=SUM(J44:J247)
Juillet 2026;43;A;A43;Reste prévu;
Juillet 2026;43;B;B43;#REF!;=$C$42-$F$40-$F$42
Juillet 2026;43;C;C43;Reste réel;
Juillet 2026;43;D;D43;#REF!;=$C$42-$H$40-$F$42
Juillet 2026;44;A;A44;Reste prévu;"=IF(AND(NOT(ISBLANK(#REF!)),ISBLANK(G44)),""Reste prévu"","""")"
Juillet 2026;44;B;B44;#REF!;"=IF(AND(NOT(ISBLANK(#REF!)),ISBLANK($G44)),$C$42-$F$40-$F$42,"""")"
Juillet 2026;44;C;C44;Reste réel;"=IF(AND(NOT(ISBLANK(#REF!)),ISBLANK($G44)),""Reste réel"","""")"
Juillet 2026;44;D;D44;#REF!;"=IF(AND(NOT(ISBLANK(#REF!)),ISBLANK($G44)),$C$42-$H$40-$F$42,"""")"
Juillet 2026;44;J;J44;0;"=IF(I44=""x"",H44,0)"
Juillet 2026;44;K;K44;Loisirs;
Juillet 2026;45;A;A45;;"=IF(AND(NOT(ISBLANK(G44)),ISBLANK(G45)),""Reste prévu"","""")"
Juillet 2026;45;B;B45;;"=IF(AND(NOT(ISBLANK($G44)),ISBLANK($G45)),$C$42-$F$40-$F$42,"""")"
Juillet 2026;45;C;C45;;"=IF(AND(NOT(ISBLANK($G44)),ISBLANK($G45)),""Reste réel"","""")"
Juillet 2026;45;D;D45;;"=IF(AND(NOT(ISBLANK($G44)),ISBLANK($G45)),$C$42-$H$40-$F$42,"""")"
Juillet 2026;45;G;G45;Feuillette Repas Tregeux;
Juillet 2026;45;H;H45;26.89;
Juillet 2026;45;I;I45;x;
Juillet 2026;45;J;J45;26.89;"=IF(I45=""x"",H45,0)"
Juillet 2026;45;K;K45;Courses;
Juillet 2026;46;A;A46;;"=IF(AND(NOT(ISBLANK(G45)),ISBLANK(G46)),""Reste prévu"","""")"
Juillet 2026;46;B;B46;;"=IF(AND(NOT(ISBLANK($G45)),ISBLANK($G46)),$C$42-$F$40-$F$42,"""")"
Juillet 2026;46;C;C46;;"=IF(AND(NOT(ISBLANK($G45)),ISBLANK($G46)),""Reste réel"","""")"
Juillet 2026;46;D;D46;;"=IF(AND(NOT(ISBLANK($G45)),ISBLANK($G46)),$C$42-$H$40-$F$42,"""")"
Juillet 2026;46;G;G46;Apero BreizhIzel;
Juillet 2026;46;H;H46;4;
Juillet 2026;46;I;I46;x;
Juillet 2026;46;J;J46;4;"=IF(I46=""x"",H46,0)"
Juillet 2026;46;K;K46;Loisirs;
Juillet 2026;47;A;A47;;"=IF(AND(NOT(ISBLANK(G46)),ISBLANK(G47)),""Reste prévu"","""")"
Juillet 2026;47;B;B47;;"=IF(AND(NOT(ISBLANK($G46)),ISBLANK($G47)),$C$42-$F$40-$F$42,"""")"
Juillet 2026;47;C;C47;;"=IF(AND(NOT(ISBLANK($G46)),ISBLANK($G47)),""Reste réel"","""")"
Juillet 2026;47;D;D47;;"=IF(AND(NOT(ISBLANK($G46)),ISBLANK($G47)),$C$42-$H$40-$F$42,"""")"
Juillet 2026;47;G;G47;Apero BreizhIzel;
Juillet 2026;47;H;H47;13.5;
Juillet 2026;47;I;I47;x;
Juillet 2026;47;J;J47;13.5;"=IF(I47=""x"",H47,0)"
Juillet 2026;47;K;K47;Loisirs;
Juillet 2026;48;A;A48;;"=IF(AND(NOT(ISBLANK(G47)),ISBLANK(G48)),""Reste prévu"","""")"
Juillet 2026;48;B;B48;;"=IF(AND(NOT(ISBLANK($G47)),ISBLANK($G48)),$C$42-$F$40-$F$42,"""")"
Juillet 2026;48;C;C48;;"=IF(AND(NOT(ISBLANK($G47)),ISBLANK($G48)),""Reste réel"","""")"
Juillet 2026;48;D;D48;;"=IF(AND(NOT(ISBLANK($G47)),ISBLANK($G48)),$C$42-$H$40-$F$42,"""")"
Juillet 2026;48;G;G48;Apero BreizhIzel;
Juillet 2026;48;H;H48;13.5;
Juillet 2026;48;I;I48;x;
Juillet 2026;48;J;J48;13.5;"=IF(I48=""x"",H48,0)"
Juillet 2026;48;K;K48;Loisirs;
Juillet 2026;49;A;A49;;"=IF(AND(NOT(ISBLANK(G48)),ISBLANK(G49)),""Reste prévu"","""")"
Juillet 2026;49;B;B49;;"=IF(AND(NOT(ISBLANK($G48)),ISBLANK($G49)),$C$42-$F$40-$F$42,"""")"
Juillet 2026;49;C;C49;;"=IF(AND(NOT(ISBLANK($G48)),ISBLANK($G49)),""Reste réel"","""")"
Juillet 2026;49;D;D49;;"=IF(AND(NOT(ISBLANK($G48)),ISBLANK($G49)),$C$42-$H$40-$F$42,"""")"
Juillet 2026;49;G;G49;Apero BreizhIzel;
Juillet 2026;49;H;H49;26.5;
Juillet 2026;49;I;I49;x;
Juillet 2026;49;J;J49;26.5;"=IF(I49=""x"",H49,0)"
Juillet 2026;49;K;K49;Loisirs;
Juillet 2026;50;A;A50;;"=IF(AND(NOT(ISBLANK(G49)),ISBLANK(G50)),""Reste prévu"","""")"
Juillet 2026;50;B;B50;;"=IF(AND(NOT(ISBLANK($G49)),ISBLANK($G50)),$C$42-$F$40-$F$42,"""")"
Juillet 2026;50;C;C50;;"=IF(AND(NOT(ISBLANK($G49)),ISBLANK($G50)),""Reste réel"","""")"
Juillet 2026;50;D;D50;;"=IF(AND(NOT(ISBLANK($G49)),ISBLANK($G50)),$C$42-$H$40-$F$42,"""")"
Juillet 2026;50;G;G50;Apero BreizhIzel;
Juillet 2026;50;H;H50;13.5;
Juillet 2026;50;I;I50;x;
Juillet 2026;50;J;J50;13.5;"=IF(I50=""x"",H50,0)"
Juillet 2026;50;K;K50;Loisirs;
Juillet 2026;51;A;A51;;"=IF(AND(NOT(ISBLANK(G50)),ISBLANK(G51)),""Reste prévu"","""")"
Juillet 2026;51;B;B51;;"=IF(AND(NOT(ISBLANK($G50)),ISBLANK($G51)),$C$42-$F$40-$F$42,"""")"
Juillet 2026;51;C;C51;;"=IF(AND(NOT(ISBLANK($G50)),ISBLANK($G51)),""Reste réel"","""")"
Juillet 2026;51;D;D51;;"=IF(AND(NOT(ISBLANK($G50)),ISBLANK($G51)),$C$42-$H$40-$F$42,"""")"
Juillet 2026;51;G;G51;Metro Rennes;
Juillet 2026;51;H;H51;3.4;
Juillet 2026;51;I;I51;x;
Juillet 2026;51;J;J51;3.4;"=IF(I51=""x"",H51,0)"
Juillet 2026;51;K;K51;Voiture/Déplacement;
Juillet 2026;52;A;A52;;"=IF(AND(NOT(ISBLANK(G51)),ISBLANK(G52)),""Reste prévu"","""")"
Juillet 2026;52;B;B52;;"=IF(AND(NOT(ISBLANK($G51)),ISBLANK($G52)),$C$42-$F$40-$F$42,"""")"
Juillet 2026;52;C;C52;;"=IF(AND(NOT(ISBLANK($G51)),ISBLANK($G52)),""Reste réel"","""")"
Juillet 2026;52;D;D52;;"=IF(AND(NOT(ISBLANK($G51)),ISBLANK($G52)),$C$42-$H$40-$F$42,"""")"
Juillet 2026;52;G;G52;Concert Ael;
Juillet 2026;52;H;H52;131.45;
Juillet 2026;52;I;I52;x;
Juillet 2026;52;J;J52;131.45;"=IF(I52=""x"",H52,0)"
Juillet 2026;52;K;K52;Loisirs;
Juillet 2026;53;A;A53;;"=IF(AND(NOT(ISBLANK(G52)),ISBLANK(G53)),""Reste prévu"","""")"
Juillet 2026;53;B;B53;;"=IF(AND(NOT(ISBLANK($G52)),ISBLANK($G53)),$C$42-$F$40-$F$42,"""")"
Juillet 2026;53;C;C53;;"=IF(AND(NOT(ISBLANK($G52)),ISBLANK($G53)),""Reste réel"","""")"
Juillet 2026;53;D;D53;;"=IF(AND(NOT(ISBLANK($G52)),ISBLANK($G53)),$C$42-$H$40-$F$42,"""")"
Juillet 2026;53;G;G53;Café CapG;
Juillet 2026;53;H;H53;0.5;
Juillet 2026;53;I;I53;x;
Juillet 2026;53;J;J53;0.5;"=IF(I53=""x"",H53,0)"
Juillet 2026;53;K;K53;Divers;
Juillet 2026;54;A;A54;;"=IF(AND(NOT(ISBLANK(G53)),ISBLANK(G54)),""Reste prévu"","""")"
Juillet 2026;54;B;B54;;"=IF(AND(NOT(ISBLANK($G53)),ISBLANK($G54)),$C$42-$F$40-$F$42,"""")"
Juillet 2026;54;C;C54;;"=IF(AND(NOT(ISBLANK($G53)),ISBLANK($G54)),""Reste réel"","""")"
Juillet 2026;54;D;D54;;"=IF(AND(NOT(ISBLANK($G53)),ISBLANK($G54)),$C$42-$H$40-$F$42,"""")"
Juillet 2026;54;G;G54;Boulangerie Rennes;
Juillet 2026;54;H;H54;6.7;
Juillet 2026;54;I;I54;x;
Juillet 2026;54;J;J54;6.7;"=IF(I54=""x"",H54,0)"
Juillet 2026;54;K;K54;Courses;
Juillet 2026;55;A;A55;;"=IF(AND(NOT(ISBLANK(G54)),ISBLANK(G55)),""Reste prévu"","""")"
Juillet 2026;55;B;B55;;"=IF(AND(NOT(ISBLANK($G54)),ISBLANK($G55)),$C$42-$F$40-$F$42,"""")"
Juillet 2026;55;C;C55;;"=IF(AND(NOT(ISBLANK($G54)),ISBLANK($G55)),""Reste réel"","""")"
Juillet 2026;55;D;D55;;"=IF(AND(NOT(ISBLANK($G54)),ISBLANK($G55)),$C$42-$H$40-$F$42,"""")"
Juillet 2026;55;G;G55;Apero BreizhIzel;
Juillet 2026;55;H;H55;8;
Juillet 2026;55;I;I55;x;
Juillet 2026;55;J;J55;8;"=IF(I55=""x"",H55,0)"
Juillet 2026;55;K;K55;Loisirs;
Juillet 2026;56;A;A56;;"=IF(AND(NOT(ISBLANK(G55)),ISBLANK(G56)),""Reste prévu"","""")"
Juillet 2026;56;B;B56;;"=IF(AND(NOT(ISBLANK($G55)),ISBLANK($G56)),$C$42-$F$40-$F$42,"""")"
Juillet 2026;56;C;C56;;"=IF(AND(NOT(ISBLANK($G55)),ISBLANK($G56)),""Reste réel"","""")"
Juillet 2026;56;D;D56;;"=IF(AND(NOT(ISBLANK($G55)),ISBLANK($G56)),$C$42-$H$40-$F$42,"""")"
Juillet 2026;56;G;G56;Cigarettes;
Juillet 2026;56;H;H56;13;
Juillet 2026;56;I;I56;x;
Juillet 2026;56;J;J56;13;"=IF(I56=""x"",H56,0)"
Juillet 2026;56;K;K56;Divers;
Juillet 2026;57;A;A57;;"=IF(AND(NOT(ISBLANK(G56)),ISBLANK(G57)),""Reste prévu"","""")"
Juillet 2026;57;B;B57;;"=IF(AND(NOT(ISBLANK($G56)),ISBLANK($G57)),$C$42-$F$40-$F$42,"""")"
Juillet 2026;57;C;C57;;"=IF(AND(NOT(ISBLANK($G56)),ISBLANK($G57)),""Reste réel"","""")"
Juillet 2026;57;D;D57;;"=IF(AND(NOT(ISBLANK($G56)),ISBLANK($G57)),$C$42-$H$40-$F$42,"""")"
Juillet 2026;57;G;G57;Cigarettes;
Juillet 2026;57;H;H57;14.5;
Juillet 2026;57;I;I57;x;
Juillet 2026;57;J;J57;14.5;"=IF(I57=""x"",H57,0)"
Juillet 2026;57;K;K57;Divers;
Juillet 2026;58;A;A58;;"=IF(AND(NOT(ISBLANK(G57)),ISBLANK(G58)),""Reste prévu"","""")"
Juillet 2026;58;B;B58;;"=IF(AND(NOT(ISBLANK($G57)),ISBLANK($G58)),$C$42-$F$40-$F$42,"""")"
Juillet 2026;58;C;C58;;"=IF(AND(NOT(ISBLANK($G57)),ISBLANK($G58)),""Reste réel"","""")"
Juillet 2026;58;D;D58;;"=IF(AND(NOT(ISBLANK($G57)),ISBLANK($G58)),$C$42-$H$40-$F$42,"""")"
Juillet 2026;58;G;G58;Train Pierre;
Juillet 2026;58;H;H58;17;
Juillet 2026;58;I;I58;x;
Juillet 2026;58;J;J58;17;"=IF(I58=""x"",H58,0)"
Juillet 2026;58;K;K58;Voiture/Déplacement;
Juillet 2026;59;A;A59;;"=IF(AND(NOT(ISBLANK(G58)),ISBLANK(G59)),""Reste prévu"","""")"
Juillet 2026;59;B;B59;;"=IF(AND(NOT(ISBLANK($G58)),ISBLANK($G59)),$C$42-$F$40-$F$42,"""")"
Juillet 2026;59;C;C59;;"=IF(AND(NOT(ISBLANK($G58)),ISBLANK($G59)),""Reste réel"","""")"
Juillet 2026;59;D;D59;;"=IF(AND(NOT(ISBLANK($G58)),ISBLANK($G59)),$C$42-$H$40-$F$42,"""")"
Juillet 2026;59;G;G59;Train Pierre;
Juillet 2026;59;H;H59;17;
Juillet 2026;59;I;I59;x;
Juillet 2026;59;J;J59;17;"=IF(I59=""x"",H59,0)"
Juillet 2026;59;K;K59;Voiture/Déplacement;
Juillet 2026;60;A;A60;;"=IF(AND(NOT(ISBLANK(G59)),ISBLANK(G60)),""Reste prévu"","""")"
Juillet 2026;60;B;B60;;"=IF(AND(NOT(ISBLANK($G59)),ISBLANK($G60)),$C$42-$F$40-$F$42,"""")"
Juillet 2026;60;C;C60;;"=IF(AND(NOT(ISBLANK($G59)),ISBLANK($G60)),""Reste réel"","""")"
Juillet 2026;60;D;D60;;"=IF(AND(NOT(ISBLANK($G59)),ISBLANK($G60)),$C$42-$H$40-$F$42,"""")"
Juillet 2026;60;G;G60;Dejeuner Rennes;
Juillet 2026;60;H;H60;20.5;
Juillet 2026;60;I;I60;x;
Juillet 2026;60;J;J60;20.5;"=IF(I60=""x"",H60,0)"
Juillet 2026;60;K;K60;Courses;
Juillet 2026;61;A;A61;;"=IF(AND(NOT(ISBLANK(G60)),ISBLANK(G61)),""Reste prévu"","""")"
Juillet 2026;61;B;B61;;"=IF(AND(NOT(ISBLANK($G60)),ISBLANK($G61)),$C$42-$F$40-$F$42,"""")"
Juillet 2026;61;C;C61;;"=IF(AND(NOT(ISBLANK($G60)),ISBLANK($G61)),""Reste réel"","""")"
Juillet 2026;61;D;D61;;"=IF(AND(NOT(ISBLANK($G60)),ISBLANK($G61)),$C$42-$H$40-$F$42,"""")"
Juillet 2026;61;G;G61;Apero BreizhIzel;
Juillet 2026;61;H;H61;4;
Juillet 2026;61;I;I61;x;
Juillet 2026;61;J;J61;4;"=IF(I61=""x"",H61,0)"
Juillet 2026;61;K;K61;Loisirs;
Juillet 2026;62;A;A62;;"=IF(AND(NOT(ISBLANK(G61)),ISBLANK(G62)),""Reste prévu"","""")"
Juillet 2026;62;B;B62;;"=IF(AND(NOT(ISBLANK($G61)),ISBLANK($G62)),$C$42-$F$40-$F$42,"""")"
Juillet 2026;62;C;C62;;"=IF(AND(NOT(ISBLANK($G61)),ISBLANK($G62)),""Reste réel"","""")"
Juillet 2026;62;D;D62;;"=IF(AND(NOT(ISBLANK($G61)),ISBLANK($G62)),$C$42-$H$40-$F$42,"""")"
Juillet 2026;62;G;G62;Apero BreizhIzel;
Juillet 2026;62;H;H62;4;
Juillet 2026;62;I;I62;x;
Juillet 2026;62;J;J62;4;"=IF(I62=""x"",H62,0)"
Juillet 2026;62;K;K62;Loisirs;
Juillet 2026;63;A;A63;;"=IF(AND(NOT(ISBLANK(G62)),ISBLANK(G63)),""Reste prévu"","""")"
Juillet 2026;63;B;B63;;"=IF(AND(NOT(ISBLANK($G62)),ISBLANK($G63)),$C$42-$F$40-$F$42,"""")"
Juillet 2026;63;C;C63;;"=IF(AND(NOT(ISBLANK($G62)),ISBLANK($G63)),""Reste réel"","""")"
Juillet 2026;63;D;D63;;"=IF(AND(NOT(ISBLANK($G62)),ISBLANK($G63)),$C$42-$H$40-$F$42,"""")"
Juillet 2026;63;G;G63;Vinted;
Juillet 2026;63;H;H63;63.1;
Juillet 2026;63;I;I63;x;
Juillet 2026;63;J;J63;63.1;"=IF(I63=""x"",H63,0)"
Juillet 2026;63;K;K63;Vêtements;
Juillet 2026;64;A;A64;;"=IF(AND(NOT(ISBLANK(G63)),ISBLANK(G64)),""Reste prévu"","""")"
Juillet 2026;64;B;B64;;"=IF(AND(NOT(ISBLANK($G63)),ISBLANK($G64)),$C$42-$F$40-$F$42,"""")"
Juillet 2026;64;C;C64;;"=IF(AND(NOT(ISBLANK($G63)),ISBLANK($G64)),""Reste réel"","""")"
Juillet 2026;64;D;D64;;"=IF(AND(NOT(ISBLANK($G63)),ISBLANK($G64)),$C$42-$H$40-$F$42,"""")"
Juillet 2026;64;G;G64;Boulangerie;
Juillet 2026;64;H;H64;6.1;
Juillet 2026;64;I;I64;x;
Juillet 2026;64;J;J64;6.1;"=IF(I64=""x"",H64,0)"
Juillet 2026;64;K;K64;Courses;
Juillet 2026;65;A;A65;;"=IF(AND(NOT(ISBLANK(G64)),ISBLANK(G65)),""Reste prévu"","""")"
Juillet 2026;65;B;B65;;"=IF(AND(NOT(ISBLANK($G64)),ISBLANK($G65)),$C$42-$F$40-$F$42,"""")"
Juillet 2026;65;C;C65;;"=IF(AND(NOT(ISBLANK($G64)),ISBLANK($G65)),""Reste réel"","""")"
Juillet 2026;65;D;D65;;"=IF(AND(NOT(ISBLANK($G64)),ISBLANK($G65)),$C$42-$H$40-$F$42,"""")"
Juillet 2026;65;G;G65;Leclerc;
Juillet 2026;65;H;H65;30.37;
Juillet 2026;65;I;I65;x;
Juillet 2026;65;J;J65;30.37;"=IF(I65=""x"",H65,0)"
Juillet 2026;65;K;K65;Courses;
Juillet 2026;66;A;A66;;"=IF(AND(NOT(ISBLANK(G65)),ISBLANK(G66)),""Reste prévu"","""")"
Juillet 2026;66;B;B66;;"=IF(AND(NOT(ISBLANK($G65)),ISBLANK($G66)),$C$42-$F$40-$F$42,"""")"
Juillet 2026;66;C;C66;;"=IF(AND(NOT(ISBLANK($G65)),ISBLANK($G66)),""Reste réel"","""")"
Juillet 2026;66;D;D66;;"=IF(AND(NOT(ISBLANK($G65)),ISBLANK($G66)),$C$42-$H$40-$F$42,"""")"
Juillet 2026;66;G;G66;Hotel Igienair;
Juillet 2026;66;H;H66;105.42;
Juillet 2026;66;I;I66;x;
Juillet 2026;66;J;J66;105.42;"=IF(I66=""x"",H66,0)"
Juillet 2026;66;K;K66;Divers;
Juillet 2026;67;A;A67;;"=IF(AND(NOT(ISBLANK(G66)),ISBLANK(G67)),""Reste prévu"","""")"
Juillet 2026;67;B;B67;;"=IF(AND(NOT(ISBLANK($G66)),ISBLANK($G67)),$C$42-$F$40-$F$42,"""")"
Juillet 2026;67;C;C67;;"=IF(AND(NOT(ISBLANK($G66)),ISBLANK($G67)),""Reste réel"","""")"
Juillet 2026;67;D;D67;;"=IF(AND(NOT(ISBLANK($G66)),ISBLANK($G67)),$C$42-$H$40-$F$42,"""")"
Juillet 2026;67;G;G67;ChargeMap;
Juillet 2026;67;H;H67;14.44;
Juillet 2026;67;I;I67;x;
Juillet 2026;67;J;J67;14.44;"=IF(I67=""x"",H67,0)"
Juillet 2026;67;K;K67;Voiture/Déplacement;
Juillet 2026;68;A;A68;;"=IF(AND(NOT(ISBLANK(G67)),ISBLANK(G68)),""Reste prévu"","""")"
Juillet 2026;68;B;B68;;"=IF(AND(NOT(ISBLANK($G67)),ISBLANK($G68)),$C$42-$F$40-$F$42,"""")"
Juillet 2026;68;C;C68;;"=IF(AND(NOT(ISBLANK($G67)),ISBLANK($G68)),""Reste réel"","""")"
Juillet 2026;68;D;D68;;"=IF(AND(NOT(ISBLANK($G67)),ISBLANK($G68)),$C$42-$H$40-$F$42,"""")"
Juillet 2026;68;G;G68;Buvette GrandHuit;
Juillet 2026;68;H;H68;12;
Juillet 2026;68;I;I68;x;
Juillet 2026;68;J;J68;12;"=IF(I68=""x"",H68,0)"
Juillet 2026;68;K;K68;Loisirs;
Juillet 2026;69;A;A69;;"=IF(AND(NOT(ISBLANK(G68)),ISBLANK(G69)),""Reste prévu"","""")"
Juillet 2026;69;B;B69;;"=IF(AND(NOT(ISBLANK($G68)),ISBLANK($G69)),$C$42-$F$40-$F$42,"""")"
Juillet 2026;69;C;C69;;"=IF(AND(NOT(ISBLANK($G68)),ISBLANK($G69)),""Reste réel"","""")"
Juillet 2026;69;D;D69;;"=IF(AND(NOT(ISBLANK($G68)),ISBLANK($G69)),$C$42-$H$40-$F$42,"""")"
Juillet 2026;69;G;G69;Shel St Gilles;
Juillet 2026;69;H;H69;14;
Juillet 2026;69;I;I69;x;
Juillet 2026;69;J;J69;14;"=IF(I69=""x"",H69,0)"
Juillet 2026;69;K;K69;Courses;
Juillet 2026;70;A;A70;;"=IF(AND(NOT(ISBLANK(G69)),ISBLANK(G70)),""Reste prévu"","""")"
Juillet 2026;70;B;B70;;"=IF(AND(NOT(ISBLANK($G69)),ISBLANK($G70)),$C$42-$F$40-$F$42,"""")"
Juillet 2026;70;C;C70;;"=IF(AND(NOT(ISBLANK($G69)),ISBLANK($G70)),""Reste réel"","""")"
Juillet 2026;70;D;D70;;"=IF(AND(NOT(ISBLANK($G69)),ISBLANK($G70)),$C$42-$H$40-$F$42,"""")"
Juillet 2026;70;G;G70;Leclerc;
Juillet 2026;70;H;H70;21.26;
Juillet 2026;70;I;I70;x;
Juillet 2026;70;J;J70;21.26;"=IF(I70=""x"",H70,0)"
Juillet 2026;70;K;K70;Courses;
Juillet 2026;71;A;A71;;"=IF(AND(NOT(ISBLANK(G70)),ISBLANK(G71)),""Reste prévu"","""")"
Juillet 2026;71;B;B71;;"=IF(AND(NOT(ISBLANK($G70)),ISBLANK($G71)),$C$42-$F$40-$F$42,"""")"
Juillet 2026;71;C;C71;;"=IF(AND(NOT(ISBLANK($G70)),ISBLANK($G71)),""Reste réel"","""")"
Juillet 2026;71;D;D71;;"=IF(AND(NOT(ISBLANK($G70)),ISBLANK($G71)),$C$42-$H$40-$F$42,"""")"
Juillet 2026;71;G;G71;Pharmacie;
Juillet 2026;71;H;H71;46.1;
Juillet 2026;71;I;I71;x;
Juillet 2026;71;J;J71;46.1;"=IF(I71=""x"",H71,0)"
Juillet 2026;71;K;K71;Medical;
Juillet 2026;72;A;A72;;"=IF(AND(NOT(ISBLANK(G71)),ISBLANK(G72)),""Reste prévu"","""")"
Juillet 2026;72;B;B72;;"=IF(AND(NOT(ISBLANK($G71)),ISBLANK($G72)),$C$42-$F$40-$F$42,"""")"
Juillet 2026;72;C;C72;;"=IF(AND(NOT(ISBLANK($G71)),ISBLANK($G72)),""Reste réel"","""")"
Juillet 2026;72;D;D72;;"=IF(AND(NOT(ISBLANK($G71)),ISBLANK($G72)),$C$42-$H$40-$F$42,"""")"
Juillet 2026;72;G;G72;Ordures Ménagères;
Juillet 2026;72;H;H72;345.48;
Juillet 2026;72;I;I72;x;
Juillet 2026;72;J;J72;345.48;"=IF(I72=""x"",H72,0)"
Juillet 2026;72;K;K72;Charges;
Juillet 2026;73;A;A73;;"=IF(AND(NOT(ISBLANK(G72)),ISBLANK(G73)),""Reste prévu"","""")"
Juillet 2026;73;B;B73;;"=IF(AND(NOT(ISBLANK($G72)),ISBLANK($G73)),$C$42-$F$40-$F$42,"""")"
Juillet 2026;73;C;C73;;"=IF(AND(NOT(ISBLANK($G72)),ISBLANK($G73)),""Reste réel"","""")"
Juillet 2026;73;D;D73;;"=IF(AND(NOT(ISBLANK($G72)),ISBLANK($G73)),$C$42-$H$40-$F$42,"""")"
Juillet 2026;73;G;G73;Leroy Merlin;
Juillet 2026;73;H;H73;61.56;
Juillet 2026;73;I;I73;x;
Juillet 2026;73;J;J73;61.56;"=IF(I73=""x"",H73,0)"
Juillet 2026;73;K;K73;Bricolage/Travaux;
Juillet 2026;74;A;A74;;"=IF(AND(NOT(ISBLANK(G73)),ISBLANK(G74)),""Reste prévu"","""")"
Juillet 2026;74;B;B74;;"=IF(AND(NOT(ISBLANK($G73)),ISBLANK($G74)),$C$42-$F$40-$F$42,"""")"
Juillet 2026;74;C;C74;;"=IF(AND(NOT(ISBLANK($G73)),ISBLANK($G74)),""Reste réel"","""")"
Juillet 2026;74;D;D74;;"=IF(AND(NOT(ISBLANK($G73)),ISBLANK($G74)),$C$42-$H$40-$F$42,"""")"
Juillet 2026;74;G;G74;Leroy Merlin;
Juillet 2026;74;H;H74;156.14;
Juillet 2026;74;I;I74;x;
Juillet 2026;74;J;J74;156.14;"=IF(I74=""x"",H74,0)"
Juillet 2026;74;K;K74;Bricolage/Travaux;
Juillet 2026;75;A;A75;;"=IF(AND(NOT(ISBLANK(G74)),ISBLANK(G75)),""Reste prévu"","""")"
Juillet 2026;75;B;B75;;"=IF(AND(NOT(ISBLANK($G74)),ISBLANK($G75)),$C$42-$F$40-$F$42,"""")"
Juillet 2026;75;C;C75;;"=IF(AND(NOT(ISBLANK($G74)),ISBLANK($G75)),""Reste réel"","""")"
Juillet 2026;75;D;D75;;"=IF(AND(NOT(ISBLANK($G74)),ISBLANK($G75)),$C$42-$H$40-$F$42,"""")"
Juillet 2026;75;G;G75;Leclerc;
Juillet 2026;75;H;H75;210.95;
Juillet 2026;75;I;I75;x;
Juillet 2026;75;J;J75;210.95;"=IF(I75=""x"",H75,0)"
Juillet 2026;75;K;K75;Courses;
Juillet 2026;76;A;A76;;"=IF(AND(NOT(ISBLANK(G75)),ISBLANK(G76)),""Reste prévu"","""")"
Juillet 2026;76;B;B76;;"=IF(AND(NOT(ISBLANK($G75)),ISBLANK($G76)),$C$42-$F$40-$F$42,"""")"
Juillet 2026;76;C;C76;;"=IF(AND(NOT(ISBLANK($G75)),ISBLANK($G76)),""Reste réel"","""")"
Juillet 2026;76;D;D76;;"=IF(AND(NOT(ISBLANK($G75)),ISBLANK($G76)),$C$42-$H$40-$F$42,"""")"
Juillet 2026;76;G;G76;Boulangerie;
Juillet 2026;76;H;H76;5.4;
Juillet 2026;76;I;I76;x;
Juillet 2026;76;J;J76;5.4;"=IF(I76=""x"",H76,0)"
Juillet 2026;76;K;K76;Courses;
Juillet 2026;77;A;A77;;"=IF(AND(NOT(ISBLANK(G76)),ISBLANK(G77)),""Reste prévu"","""")"
Juillet 2026;77;B;B77;;"=IF(AND(NOT(ISBLANK($G76)),ISBLANK($G77)),$C$42-$F$40-$F$42,"""")"
Juillet 2026;77;C;C77;;"=IF(AND(NOT(ISBLANK($G76)),ISBLANK($G77)),""Reste réel"","""")"
Juillet 2026;77;D;D77;;"=IF(AND(NOT(ISBLANK($G76)),ISBLANK($G77)),$C$42-$H$40-$F$42,"""")"
Juillet 2026;77;G;G77;Leclerc;
Juillet 2026;77;H;H77;122.55;
Juillet 2026;77;I;I77;x;
Juillet 2026;77;J;J77;122.55;"=IF(I77=""x"",H77,0)"
Juillet 2026;77;K;K77;Courses;
Juillet 2026;78;A;A78;;"=IF(AND(NOT(ISBLANK(G77)),ISBLANK(G78)),""Reste prévu"","""")"
Juillet 2026;78;B;B78;;"=IF(AND(NOT(ISBLANK($G77)),ISBLANK($G78)),$C$42-$F$40-$F$42,"""")"
Juillet 2026;78;C;C78;;"=IF(AND(NOT(ISBLANK($G77)),ISBLANK($G78)),""Reste réel"","""")"
Juillet 2026;78;D;D78;;"=IF(AND(NOT(ISBLANK($G77)),ISBLANK($G78)),$C$42-$H$40-$F$42,"""")"
Juillet 2026;78;G;G78;Leclerc;
Juillet 2026;78;H;H78;7.34;
Juillet 2026;78;I;I78;x;
Juillet 2026;78;J;J78;7.34;"=IF(I78=""x"",H78,0)"
Juillet 2026;78;K;K78;Courses;
Juillet 2026;79;G;G79;Intermarché Trégeux;
Juillet 2026;79;H;H79;75.49;
Juillet 2026;79;I;I79;x;
Juillet 2026;79;J;J79;75.49;"=IF(I79=""x"",H79,0)"
Juillet 2026;79;K;K79;Courses;
Juillet 2026;80;A;A80;;"=IF(AND(NOT(ISBLANK(G78)),ISBLANK(G80)),""Reste prévu"","""")"
Juillet 2026;80;B;B80;;"=IF(AND(NOT(ISBLANK($G78)),ISBLANK($G80)),$C$42-$F$40-$F$42,"""")"
Juillet 2026;80;C;C80;;"=IF(AND(NOT(ISBLANK($G78)),ISBLANK($G80)),""Reste réel"","""")"
Juillet 2026;80;D;D80;;"=IF(AND(NOT(ISBLANK($G78)),ISBLANK($G80)),$C$42-$H$40-$F$42,"""")"
Juillet 2026;80;G;G80;Lidl;
Juillet 2026;80;H;H80;32.07;
Juillet 2026;80;I;I80;x;
Juillet 2026;80;J;J80;32.07;"=IF(I80=""x"",H80,0)"
Juillet 2026;80;K;K80;Courses;
Juillet 2026;81;A;A81;;"=IF(AND(NOT(ISBLANK(G80)),ISBLANK(G81)),""Reste prévu"","""")"
Juillet 2026;81;B;B81;;"=IF(AND(NOT(ISBLANK($G80)),ISBLANK($G81)),$C$42-$F$40-$F$42,"""")"
Juillet 2026;81;C;C81;;"=IF(AND(NOT(ISBLANK($G80)),ISBLANK($G81)),""Reste réel"","""")"
Juillet 2026;81;D;D81;;"=IF(AND(NOT(ISBLANK($G80)),ISBLANK($G81)),$C$42-$H$40-$F$42,"""")"
Juillet 2026;81;G;G81;Multistore;
Juillet 2026;81;H;H81;46;
Juillet 2026;81;I;I81;x;
Juillet 2026;81;J;J81;46;"=IF(I81=""x"",H81,0)"
Juillet 2026;81;K;K81;Vêtements;
Juillet 2026;82;A;A82;;"=IF(AND(NOT(ISBLANK(G81)),ISBLANK(G82)),""Reste prévu"","""")"
Juillet 2026;82;B;B82;;"=IF(AND(NOT(ISBLANK($G81)),ISBLANK($G82)),$C$42-$F$40-$F$42,"""")"
Juillet 2026;82;C;C82;;"=IF(AND(NOT(ISBLANK($G81)),ISBLANK($G82)),""Reste réel"","""")"
Juillet 2026;82;D;D82;;"=IF(AND(NOT(ISBLANK($G81)),ISBLANK($G82)),$C$42-$H$40-$F$42,"""")"
Juillet 2026;82;G;G82;Decathlon;
Juillet 2026;82;H;H82;123.97;
Juillet 2026;82;I;I82;x;
Juillet 2026;82;J;J82;123.97;"=IF(I82=""x"",H82,0)"
Juillet 2026;82;K;K82;Vêtements;
Juillet 2026;83;A;A83;;"=IF(AND(NOT(ISBLANK(G82)),ISBLANK(G83)),""Reste prévu"","""")"
Juillet 2026;83;B;B83;;"=IF(AND(NOT(ISBLANK($G82)),ISBLANK($G83)),$C$42-$F$40-$F$42,"""")"
Juillet 2026;83;C;C83;;"=IF(AND(NOT(ISBLANK($G82)),ISBLANK($G83)),""Reste réel"","""")"
Juillet 2026;83;D;D83;;"=IF(AND(NOT(ISBLANK($G82)),ISBLANK($G83)),$C$42-$H$40-$F$42,"""")"
Juillet 2026;83;G;G83;Vinted;
Juillet 2026;83;H;H83;41.95;
Juillet 2026;83;I;I83;x;
Juillet 2026;83;J;J83;41.95;"=IF(I83=""x"",H83,0)"
Juillet 2026;83;K;K83;Vêtements;
Juillet 2026;84;A;A84;;"=IF(AND(NOT(ISBLANK(G83)),ISBLANK(G84)),""Reste prévu"","""")"
Juillet 2026;84;B;B84;;"=IF(AND(NOT(ISBLANK($G83)),ISBLANK($G84)),$C$42-$F$40-$F$42,"""")"
Juillet 2026;84;C;C84;;"=IF(AND(NOT(ISBLANK($G83)),ISBLANK($G84)),""Reste réel"","""")"
Juillet 2026;84;D;D84;;"=IF(AND(NOT(ISBLANK($G83)),ISBLANK($G84)),$C$42-$H$40-$F$42,"""")"
Juillet 2026;84;G;G84;Inscription Fac Elouen;
Juillet 2026;84;H;H84;255;
Juillet 2026;84;I;I84;x;
Juillet 2026;84;J;J84;255;"=IF(I84=""x"",H84,0)"
Juillet 2026;84;K;K84;Scolarité;
Juillet 2026;85;A;A85;;"=IF(AND(NOT(ISBLANK(G84)),ISBLANK(G85)),""Reste prévu"","""")"
Juillet 2026;85;B;B85;;"=IF(AND(NOT(ISBLANK($G84)),ISBLANK($G85)),$C$42-$F$40-$F$42,"""")"
Juillet 2026;85;C;C85;;"=IF(AND(NOT(ISBLANK($G84)),ISBLANK($G85)),""Reste réel"","""")"
Juillet 2026;85;D;D85;;"=IF(AND(NOT(ISBLANK($G84)),ISBLANK($G85)),$C$42-$H$40-$F$42,"""")"
Juillet 2026;85;G;G85;Breizh;
Juillet 2026;85;H;H85;11;
Juillet 2026;85;I;I85;x;
Juillet 2026;85;J;J85;11;"=IF(I85=""x"",H85,0)"
Juillet 2026;85;K;K85;Loisirs;
Juillet 2026;86;A;A86;;"=IF(AND(NOT(ISBLANK(G85)),ISBLANK(G86)),""Reste prévu"","""")"
Juillet 2026;86;B;B86;;"=IF(AND(NOT(ISBLANK($G85)),ISBLANK($G86)),$C$42-$F$40-$F$42,"""")"
Juillet 2026;86;C;C86;;"=IF(AND(NOT(ISBLANK($G85)),ISBLANK($G86)),""Reste réel"","""")"
Juillet 2026;86;D;D86;;"=IF(AND(NOT(ISBLANK($G85)),ISBLANK($G86)),$C$42-$H$40-$F$42,"""")"
Juillet 2026;86;G;G86;Leclerc;
Juillet 2026;86;H;H86;12.64;
Juillet 2026;86;I;I86;x;
Juillet 2026;86;J;J86;12.64;"=IF(I86=""x"",H86,0)"
Juillet 2026;86;K;K86;Courses;
Juillet 2026;87;A;A87;;"=IF(AND(NOT(ISBLANK(G86)),ISBLANK(G87)),""Reste prévu"","""")"
Juillet 2026;87;B;B87;;"=IF(AND(NOT(ISBLANK($G86)),ISBLANK($G87)),$C$42-$F$40-$F$42,"""")"
Juillet 2026;87;C;C87;;"=IF(AND(NOT(ISBLANK($G86)),ISBLANK($G87)),""Reste réel"","""")"
Juillet 2026;87;D;D87;;"=IF(AND(NOT(ISBLANK($G86)),ISBLANK($G87)),$C$42-$H$40-$F$42,"""")"
Juillet 2026;87;G;G87;Breizh;
Juillet 2026;87;H;H87;8;
Juillet 2026;87;I;I87;x;
Juillet 2026;87;J;J87;8;"=IF(I87=""x"",H87,0)"
Juillet 2026;87;K;K87;Loisirs;
Juillet 2026;88;A;A88;;"=IF(AND(NOT(ISBLANK(G87)),ISBLANK(G88)),""Reste prévu"","""")"
Juillet 2026;88;B;B88;;"=IF(AND(NOT(ISBLANK($G87)),ISBLANK($G88)),$C$42-$F$40-$F$42,"""")"
Juillet 2026;88;C;C88;;"=IF(AND(NOT(ISBLANK($G87)),ISBLANK($G88)),""Reste réel"","""")"
Juillet 2026;88;D;D88;;"=IF(AND(NOT(ISBLANK($G87)),ISBLANK($G88)),$C$42-$H$40-$F$42,"""")"
Juillet 2026;88;G;G88;Baramoules;
Juillet 2026;88;H;H88;129;
Juillet 2026;88;I;I88;x;
Juillet 2026;88;J;J88;129;"=IF(I88=""x"",H88,0)"
Juillet 2026;88;K;K88;Loisirs;
Juillet 2026;89;A;A89;;"=IF(AND(NOT(ISBLANK(G88)),ISBLANK(G89)),""Reste prévu"","""")"
Juillet 2026;89;B;B89;;"=IF(AND(NOT(ISBLANK($G88)),ISBLANK($G89)),$C$42-$F$40-$F$42,"""")"
Juillet 2026;89;C;C89;;"=IF(AND(NOT(ISBLANK($G88)),ISBLANK($G89)),""Reste réel"","""")"
Juillet 2026;89;D;D89;;"=IF(AND(NOT(ISBLANK($G88)),ISBLANK($G89)),$C$42-$H$40-$F$42,"""")"
Juillet 2026;89;G;G89;Galettes GDD;
Juillet 2026;89;H;H89;23.4;
Juillet 2026;89;I;I89;x;
Juillet 2026;89;J;J89;23.4;"=IF(I89=""x"",H89,0)"
Juillet 2026;89;K;K89;Courses;
Juillet 2026;90;A;A90;;"=IF(AND(NOT(ISBLANK(G89)),ISBLANK(G90)),""Reste prévu"","""")"
Juillet 2026;90;B;B90;;"=IF(AND(NOT(ISBLANK($G89)),ISBLANK($G90)),$C$42-$F$40-$F$42,"""")"
Juillet 2026;90;C;C90;;"=IF(AND(NOT(ISBLANK($G89)),ISBLANK($G90)),""Reste réel"","""")"
Juillet 2026;90;D;D90;;"=IF(AND(NOT(ISBLANK($G89)),ISBLANK($G90)),$C$42-$H$40-$F$42,"""")"
Juillet 2026;90;G;G90;Biscuiterie;
Juillet 2026;90;H;H90;36.5;
Juillet 2026;90;I;I90;x;
Juillet 2026;90;J;J90;36.5;"=IF(I90=""x"",H90,0)"
Juillet 2026;90;K;K90;Courses;
Juillet 2026;91;A;A91;;"=IF(AND(NOT(ISBLANK(G90)),ISBLANK(G91)),""Reste prévu"","""")"
Juillet 2026;91;B;B91;;"=IF(AND(NOT(ISBLANK($G90)),ISBLANK($G91)),$C$42-$F$40-$F$42,"""")"
Juillet 2026;91;C;C91;;"=IF(AND(NOT(ISBLANK($G90)),ISBLANK($G91)),""Reste réel"","""")"
Juillet 2026;91;D;D91;;"=IF(AND(NOT(ISBLANK($G90)),ISBLANK($G91)),$C$42-$H$40-$F$42,"""")"
Juillet 2026;91;G;G91;Leclerc;
Juillet 2026;91;H;H91;34.94;
Juillet 2026;91;I;I91;x;
Juillet 2026;91;J;J91;34.94;"=IF(I91=""x"",H91,0)"
Juillet 2026;91;K;K91;Courses;
Juillet 2026;92;A;A92;;"=IF(AND(NOT(ISBLANK(G91)),ISBLANK(G92)),""Reste prévu"","""")"
Juillet 2026;92;B;B92;;"=IF(AND(NOT(ISBLANK($G91)),ISBLANK($G92)),$C$42-$F$40-$F$42,"""")"
Juillet 2026;92;C;C92;;"=IF(AND(NOT(ISBLANK($G91)),ISBLANK($G92)),""Reste réel"","""")"
Juillet 2026;92;D;D92;;"=IF(AND(NOT(ISBLANK($G91)),ISBLANK($G92)),$C$42-$H$40-$F$42,"""")"
Juillet 2026;92;G;G92;Inscription Fac Arthur;
Juillet 2026;92;H;H92;105;
Juillet 2026;92;I;I92;x;
Juillet 2026;92;J;J92;105;"=IF(I92=""x"",H92,0)"
Juillet 2026;92;K;K92;Scolarité;
Juillet 2026;93;A;A93;;"=IF(AND(NOT(ISBLANK(G92)),ISBLANK(G93)),""Reste prévu"","""")"
Juillet 2026;93;B;B93;;"=IF(AND(NOT(ISBLANK($G92)),ISBLANK($G93)),$C$42-$F$40-$F$42,"""")"
Juillet 2026;93;C;C93;;"=IF(AND(NOT(ISBLANK($G92)),ISBLANK($G93)),""Reste réel"","""")"
Juillet 2026;93;D;D93;;"=IF(AND(NOT(ISBLANK($G92)),ISBLANK($G93)),$C$42-$H$40-$F$42,"""")"
Juillet 2026;93;G;G93;Inscription Fac Arthur;
Juillet 2026;93;H;H93;178;
Juillet 2026;93;I;I93;x;
Juillet 2026;93;J;J93;178;"=IF(I93=""x"",H93,0)"
Juillet 2026;93;K;K93;Scolarité;
Juillet 2026;94;A;A94;;"=IF(AND(NOT(ISBLANK(G93)),ISBLANK(G94)),""Reste prévu"","""")"
Juillet 2026;94;B;B94;;"=IF(AND(NOT(ISBLANK($G93)),ISBLANK($G94)),$C$42-$F$40-$F$42,"""")"
Juillet 2026;94;C;C94;;"=IF(AND(NOT(ISBLANK($G93)),ISBLANK($G94)),""Reste réel"","""")"
Juillet 2026;94;D;D94;;"=IF(AND(NOT(ISBLANK($G93)),ISBLANK($G94)),$C$42-$H$40-$F$42,"""")"
Juillet 2026;94;G;G94;Cigarettes;
Juillet 2026;94;H;H94;13;
Juillet 2026;94;I;I94;x;
Juillet 2026;94;J;J94;13;"=IF(I94=""x"",H94,0)"
Juillet 2026;94;K;K94;Divers;
Juillet 2026;95;A;A95;;"=IF(AND(NOT(ISBLANK(G94)),ISBLANK(G95)),""Reste prévu"","""")"
Juillet 2026;95;B;B95;;"=IF(AND(NOT(ISBLANK($G94)),ISBLANK($G95)),$C$42-$F$40-$F$42,"""")"
Juillet 2026;95;C;C95;;"=IF(AND(NOT(ISBLANK($G94)),ISBLANK($G95)),""Reste réel"","""")"
Juillet 2026;95;D;D95;;"=IF(AND(NOT(ISBLANK($G94)),ISBLANK($G95)),$C$42-$H$40-$F$42,"""")"
Juillet 2026;95;G;G95;Leclerc;
Juillet 2026;95;H;H95;95.36;
Juillet 2026;95;I;I95;x;
Juillet 2026;95;J;J95;95.36;"=IF(I95=""x"",H95,0)"
Juillet 2026;95;K;K95;Courses;
Juillet 2026;96;A;A96;;"=IF(AND(NOT(ISBLANK(G95)),ISBLANK(G96)),""Reste prévu"","""")"
Juillet 2026;96;B;B96;;"=IF(AND(NOT(ISBLANK($G95)),ISBLANK($G96)),$C$42-$F$40-$F$42,"""")"
Juillet 2026;96;C;C96;;"=IF(AND(NOT(ISBLANK($G95)),ISBLANK($G96)),""Reste réel"","""")"
Juillet 2026;96;D;D96;;"=IF(AND(NOT(ISBLANK($G95)),ISBLANK($G96)),$C$42-$H$40-$F$42,"""")"
Juillet 2026;96;G;G96;Marché Fruits;
Juillet 2026;96;H;H96;9.7;
Juillet 2026;96;I;I96;x;
Juillet 2026;96;J;J96;9.7;"=IF(I96=""x"",H96,0)"
Juillet 2026;96;K;K96;Courses;
Juillet 2026;97;A;A97;;"=IF(AND(NOT(ISBLANK(G96)),ISBLANK(G97)),""Reste prévu"","""")"
Juillet 2026;97;B;B97;;"=IF(AND(NOT(ISBLANK($G96)),ISBLANK($G97)),$C$42-$F$40-$F$42,"""")"
Juillet 2026;97;C;C97;;"=IF(AND(NOT(ISBLANK($G96)),ISBLANK($G97)),""Reste réel"","""")"
Juillet 2026;97;D;D97;;"=IF(AND(NOT(ISBLANK($G96)),ISBLANK($G97)),$C$42-$H$40-$F$42,"""")"
Juillet 2026;97;G;G97;Marché Fruits;
Juillet 2026;97;H;H97;14.2;
Juillet 2026;97;I;I97;x;
Juillet 2026;97;J;J97;14.2;"=IF(I97=""x"",H97,0)"
Juillet 2026;97;K;K97;Courses;
Juillet 2026;98;A;A98;;"=IF(AND(NOT(ISBLANK(G97)),ISBLANK(G98)),""Reste prévu"","""")"
Juillet 2026;98;B;B98;;"=IF(AND(NOT(ISBLANK($G97)),ISBLANK($G98)),$C$42-$F$40-$F$42,"""")"
Juillet 2026;98;C;C98;;"=IF(AND(NOT(ISBLANK($G97)),ISBLANK($G98)),""Reste réel"","""")"
Juillet 2026;98;D;D98;;"=IF(AND(NOT(ISBLANK($G97)),ISBLANK($G98)),$C$42-$H$40-$F$42,"""")"
Juillet 2026;98;G;G98;Lidl;
Juillet 2026;98;H;H98;24.38;
Juillet 2026;98;I;I98;x;
Juillet 2026;98;J;J98;24.38;"=IF(I98=""x"",H98,0)"
Juillet 2026;98;K;K98;Courses;
Juillet 2026;99;A;A99;;"=IF(AND(NOT(ISBLANK(G98)),ISBLANK(G99)),""Reste prévu"","""")"
Juillet 2026;99;B;B99;;"=IF(AND(NOT(ISBLANK($G98)),ISBLANK($G99)),$C$42-$F$40-$F$42,"""")"
Juillet 2026;99;C;C99;;"=IF(AND(NOT(ISBLANK($G98)),ISBLANK($G99)),""Reste réel"","""")"
Juillet 2026;99;D;D99;;"=IF(AND(NOT(ISBLANK($G98)),ISBLANK($G99)),$C$42-$H$40-$F$42,"""")"
Juillet 2026;99;G;G99;Frais Bancaires;
Juillet 2026;99;H;H99;10.08;
Juillet 2026;99;I;I99;x;
Juillet 2026;99;J;J99;10.08;"=IF(I99=""x"",H99,0)"
Juillet 2026;99;K;K99;Charges;
Juillet 2026;100;A;A100;;"=IF(AND(NOT(ISBLANK(G99)),ISBLANK(G100)),""Reste prévu"","""")"
Juillet 2026;100;B;B100;;"=IF(AND(NOT(ISBLANK($G99)),ISBLANK($G100)),$C$42-$F$40-$F$42,"""")"
Juillet 2026;100;C;C100;;"=IF(AND(NOT(ISBLANK($G99)),ISBLANK($G100)),""Reste réel"","""")"
Juillet 2026;100;D;D100;;"=IF(AND(NOT(ISBLANK($G99)),ISBLANK($G100)),$C$42-$H$40-$F$42,"""")"
Juillet 2026;100;G;G100;Leclerc;
Juillet 2026;100;H;H100;10.39;
Juillet 2026;100;I;I100;x;
Juillet 2026;100;J;J100;10.39;"=IF(I100=""x"",H100,0)"
Juillet 2026;100;K;K100;Courses;
Juillet 2026;101;A;A101;;"=IF(AND(NOT(ISBLANK(G100)),ISBLANK(G101)),""Reste prévu"","""")"
Juillet 2026;101;B;B101;;"=IF(AND(NOT(ISBLANK($G100)),ISBLANK($G101)),$C$42-$F$40-$F$42,"""")"
Juillet 2026;101;C;C101;;"=IF(AND(NOT(ISBLANK($G100)),ISBLANK($G101)),""Reste réel"","""")"
Juillet 2026;101;D;D101;;"=IF(AND(NOT(ISBLANK($G100)),ISBLANK($G101)),$C$42-$H$40-$F$42,"""")"
Juillet 2026;101;G;G101;Leclerc;
Juillet 2026;101;H;H101;53.11;
Juillet 2026;101;I;I101;x;
Juillet 2026;101;J;J101;53.11;"=IF(I101=""x"",H101,0)"
Juillet 2026;101;K;K101;Courses;
Juillet 2026;102;A;A102;;"=IF(AND(NOT(ISBLANK(G101)),ISBLANK(G102)),""Reste prévu"","""")"
Juillet 2026;102;B;B102;;"=IF(AND(NOT(ISBLANK($G101)),ISBLANK($G102)),$C$42-$F$40-$F$42,"""")"
Juillet 2026;102;C;C102;;"=IF(AND(NOT(ISBLANK($G101)),ISBLANK($G102)),""Reste réel"","""")"
Juillet 2026;102;D;D102;;"=IF(AND(NOT(ISBLANK($G101)),ISBLANK($G102)),$C$42-$H$40-$F$42,"""")"
Juillet 2026;102;G;G102;Virement Elouen;
Juillet 2026;102;H;H102;365;
Juillet 2026;102;I;I102;x;
Juillet 2026;102;J;J102;365;"=IF(I102=""x"",H102,0)"
Juillet 2026;102;K;K102;Charges;
Juillet 2026;103;A;A103;;"=IF(AND(NOT(ISBLANK(G102)),ISBLANK(G103)),""Reste prévu"","""")"
Juillet 2026;103;B;B103;;"=IF(AND(NOT(ISBLANK($G102)),ISBLANK($G103)),$C$42-$F$40-$F$42,"""")"
Juillet 2026;103;C;C103;;"=IF(AND(NOT(ISBLANK($G102)),ISBLANK($G103)),""Reste réel"","""")"
Juillet 2026;103;D;D103;;"=IF(AND(NOT(ISBLANK($G102)),ISBLANK($G103)),$C$42-$H$40-$F$42,"""")"
Juillet 2026;103;G;G103;Epargne;
Juillet 2026;103;H;H103;580;
Juillet 2026;103;I;I103;x;
Juillet 2026;103;J;J103;580;"=IF(I103=""x"",H103,0)"
Juillet 2026;103;K;K103;Epargne;
Juillet 2026;104;A;A104;;"=IF(AND(NOT(ISBLANK(G103)),ISBLANK(G104)),""Reste prévu"","""")"
Juillet 2026;104;B;B104;;"=IF(AND(NOT(ISBLANK($G103)),ISBLANK($G104)),$C$42-$F$40-$F$42,"""")"
Juillet 2026;104;C;C104;;"=IF(AND(NOT(ISBLANK($G103)),ISBLANK($G104)),""Reste réel"","""")"
Juillet 2026;104;D;D104;;"=IF(AND(NOT(ISBLANK($G103)),ISBLANK($G104)),$C$42-$H$40-$F$42,"""")"
Juillet 2026;104;G;G104;Sport 2000;
Juillet 2026;104;H;H104;74.96;
Juillet 2026;104;I;I104;x;
Juillet 2026;104;J;J104;74.96;"=IF(I104=""x"",H104,0)"
Juillet 2026;104;K;K104;Vêtements;
Juillet 2026;105;A;A105;;"=IF(AND(NOT(ISBLANK(G104)),ISBLANK(G105)),""Reste prévu"","""")"
Juillet 2026;105;B;B105;;"=IF(AND(NOT(ISBLANK($G104)),ISBLANK($G105)),$C$42-$F$40-$F$42,"""")"
Juillet 2026;105;C;C105;;"=IF(AND(NOT(ISBLANK($G104)),ISBLANK($G105)),""Reste réel"","""")"
Juillet 2026;105;D;D105;;"=IF(AND(NOT(ISBLANK($G104)),ISBLANK($G105)),$C$42-$H$40-$F$42,"""")"
Juillet 2026;105;G;G105;Leroy Merlin;
Juillet 2026;105;H;H105;69.88;
Juillet 2026;105;I;I105;x;
Juillet 2026;105;J;J105;69.88;"=IF(I105=""x"",H105,0)"
Juillet 2026;105;K;K105;Bricolage/Travaux;
Juillet 2026;106;A;A106;;"=IF(AND(NOT(ISBLANK(G105)),ISBLANK(G106)),""Reste prévu"","""")"
Juillet 2026;106;B;B106;;"=IF(AND(NOT(ISBLANK($G105)),ISBLANK($G106)),$C$42-$F$40-$F$42,"""")"
Juillet 2026;106;C;C106;;"=IF(AND(NOT(ISBLANK($G105)),ISBLANK($G106)),""Reste réel"","""")"
Juillet 2026;106;D;D106;;"=IF(AND(NOT(ISBLANK($G105)),ISBLANK($G106)),$C$42-$H$40-$F$42,"""")"
Juillet 2026;106;G;G106;Leclerc;
Juillet 2026;106;H;H106;57.02;
Juillet 2026;106;I;I106;x;
Juillet 2026;106;J;J106;57.02;"=IF(I106=""x"",H106,0)"
Juillet 2026;106;K;K106;Courses;
Juillet 2026;107;A;A107;;"=IF(AND(NOT(ISBLANK(G106)),ISBLANK(G107)),""Reste prévu"","""")"
Juillet 2026;107;B;B107;;"=IF(AND(NOT(ISBLANK($G106)),ISBLANK($G107)),$C$42-$F$40-$F$42,"""")"
Juillet 2026;107;C;C107;;"=IF(AND(NOT(ISBLANK($G106)),ISBLANK($G107)),""Reste réel"","""")"
Juillet 2026;107;D;D107;;"=IF(AND(NOT(ISBLANK($G106)),ISBLANK($G107)),$C$42-$H$40-$F$42,"""")"
Juillet 2026;107;G;G107;Leclerc;
Juillet 2026;107;H;H107;73.54;
Juillet 2026;107;I;I107;x;
Juillet 2026;107;J;J107;73.54;"=IF(I107=""x"",H107,0)"
Juillet 2026;107;K;K107;Courses;
Juillet 2026;108;A;A108;;"=IF(AND(NOT(ISBLANK(G107)),ISBLANK(G108)),""Reste prévu"","""")"
Juillet 2026;108;B;B108;;"=IF(AND(NOT(ISBLANK($G107)),ISBLANK($G108)),$C$42-$F$40-$F$42,"""")"
Juillet 2026;108;C;C108;;"=IF(AND(NOT(ISBLANK($G107)),ISBLANK($G108)),""Reste réel"","""")"
Juillet 2026;108;D;D108;;"=IF(AND(NOT(ISBLANK($G107)),ISBLANK($G108)),$C$42-$H$40-$F$42,"""")"
Juillet 2026;108;G;G108;Leclerc;
Juillet 2026;108;H;H108;75.87;
Juillet 2026;108;I;I108;x;
Juillet 2026;108;J;J108;75.87;"=IF(I108=""x"",H108,0)"
Juillet 2026;108;K;K108;Courses;
Juillet 2026;109;A;A109;;"=IF(AND(NOT(ISBLANK(G108)),ISBLANK(G109)),""Reste prévu"","""")"
Juillet 2026;109;B;B109;;"=IF(AND(NOT(ISBLANK($G108)),ISBLANK($G109)),$C$42-$F$40-$F$42,"""")"
Juillet 2026;109;C;C109;;"=IF(AND(NOT(ISBLANK($G108)),ISBLANK($G109)),""Reste réel"","""")"
Juillet 2026;109;D;D109;;"=IF(AND(NOT(ISBLANK($G108)),ISBLANK($G109)),$C$42-$H$40-$F$42,"""")"
Juillet 2026;109;G;G109;Leroy Merlin;
Juillet 2026;109;H;H109;25.8;
Juillet 2026;109;I;I109;x;
Juillet 2026;109;J;J109;25.8;"=IF(I109=""x"",H109,0)"
Juillet 2026;109;K;K109;Bricolage/Travaux;
Juillet 2026;110;A;A110;;"=IF(AND(NOT(ISBLANK(G109)),ISBLANK(G110)),""Reste prévu"","""")"
Juillet 2026;110;B;B110;;"=IF(AND(NOT(ISBLANK($G109)),ISBLANK($G110)),$C$42-$F$40-$F$42,"""")"
Juillet 2026;110;C;C110;;"=IF(AND(NOT(ISBLANK($G109)),ISBLANK($G110)),""Reste réel"","""")"
Juillet 2026;110;D;D110;;"=IF(AND(NOT(ISBLANK($G109)),ISBLANK($G110)),$C$42-$H$40-$F$42,"""")"
Juillet 2026;110;G;G110;Leroy Merlin;
Juillet 2026;110;H;H110;106.89;
Juillet 2026;110;I;I110;x;
Juillet 2026;110;J;J110;106.89;"=IF(I110=""x"",H110,0)"
Juillet 2026;110;K;K110;Bricolage/Travaux;
Juillet 2026;111;A;A111;;"=IF(AND(NOT(ISBLANK(G110)),ISBLANK(G111)),""Reste prévu"","""")"
Juillet 2026;111;B;B111;;"=IF(AND(NOT(ISBLANK($G110)),ISBLANK($G111)),$C$42-$F$40-$F$42,"""")"
Juillet 2026;111;C;C111;;"=IF(AND(NOT(ISBLANK($G110)),ISBLANK($G111)),""Reste réel"","""")"
Juillet 2026;111;D;D111;;"=IF(AND(NOT(ISBLANK($G110)),ISBLANK($G111)),$C$42-$H$40-$F$42,"""")"
Juillet 2026;111;G;G111;Boulangerie;
Juillet 2026;111;H;H111;7.8;
Juillet 2026;111;I;I111;x;
Juillet 2026;111;J;J111;7.8;"=IF(I111=""x"",H111,0)"
Juillet 2026;111;K;K111;Courses;
Juillet 2026;112;A;A112;;"=IF(AND(NOT(ISBLANK(G111)),ISBLANK(G112)),""Reste prévu"","""")"
Juillet 2026;112;B;B112;;"=IF(AND(NOT(ISBLANK($G111)),ISBLANK($G112)),$C$42-$F$40-$F$42,"""")"
Juillet 2026;112;C;C112;;"=IF(AND(NOT(ISBLANK($G111)),ISBLANK($G112)),""Reste réel"","""")"
Juillet 2026;112;D;D112;;"=IF(AND(NOT(ISBLANK($G111)),ISBLANK($G112)),$C$42-$H$40-$F$42,"""")"
Juillet 2026;112;G;G112;Vélo Train;
Juillet 2026;112;H;H112;4;
Juillet 2026;112;I;I112;x;
Juillet 2026;112;J;J112;4;"=IF(I112=""x"",H112,0)"
Juillet 2026;112;K;K112;Loisirs;
Juillet 2026;113;A;A113;;"=IF(AND(NOT(ISBLANK(G112)),ISBLANK(G113)),""Reste prévu"","""")"
Juillet 2026;113;B;B113;;"=IF(AND(NOT(ISBLANK($G112)),ISBLANK($G113)),$C$42-$F$40-$F$42,"""")"
Juillet 2026;113;C;C113;;"=IF(AND(NOT(ISBLANK($G112)),ISBLANK($G113)),""Reste réel"","""")"
Juillet 2026;113;D;D113;;"=IF(AND(NOT(ISBLANK($G112)),ISBLANK($G113)),$C$42-$H$40-$F$42,"""")"
Juillet 2026;113;G;G113;BabySitting Arthur;
Juillet 2026;113;H;H113;40;
Juillet 2026;113;I;I113;x;
Juillet 2026;113;J;J113;40;"=IF(I113=""x"",H113,0)"
Juillet 2026;113;K;K113;Divers;
Juillet 2026;114;A;A114;;"=IF(AND(NOT(ISBLANK(G113)),ISBLANK(G114)),""Reste prévu"","""")"
Juillet 2026;114;B;B114;;"=IF(AND(NOT(ISBLANK($G113)),ISBLANK($G114)),$C$42-$F$40-$F$42,"""")"
Juillet 2026;114;C;C114;;"=IF(AND(NOT(ISBLANK($G113)),ISBLANK($G114)),""Reste réel"","""")"
Juillet 2026;114;D;D114;;"=IF(AND(NOT(ISBLANK($G113)),ISBLANK($G114)),$C$42-$H$40-$F$42,"""")"
Juillet 2026;114;G;G114;SNCF Arthur;
Juillet 2026;114;H;H114;32;
Juillet 2026;114;I;I114;x;
Juillet 2026;114;J;J114;32;"=IF(I114=""x"",H114,0)"
Juillet 2026;114;K;K114;Voiture/Déplacement;
Juillet 2026;115;A;A115;;"=IF(AND(NOT(ISBLANK(G114)),ISBLANK(G115)),""Reste prévu"","""")"
Juillet 2026;115;B;B115;;"=IF(AND(NOT(ISBLANK($G114)),ISBLANK($G115)),$C$42-$F$40-$F$42,"""")"
Juillet 2026;115;C;C115;;"=IF(AND(NOT(ISBLANK($G114)),ISBLANK($G115)),""Reste réel"","""")"
Juillet 2026;115;D;D115;;"=IF(AND(NOT(ISBLANK($G114)),ISBLANK($G115)),$C$42-$H$40-$F$42,"""")"
Juillet 2026;115;G;G115;Carte Jeune Arthur;
Juillet 2026;115;H;H115;49;
Juillet 2026;115;I;I115;x;
Juillet 2026;115;J;J115;49;"=IF(I115=""x"",H115,0)"
Juillet 2026;115;K;K115;Voiture/Déplacement;
Juillet 2026;116;A;A116;;"=IF(AND(NOT(ISBLANK(G115)),ISBLANK(G116)),""Reste prévu"","""")"
Juillet 2026;116;B;B116;;"=IF(AND(NOT(ISBLANK($G115)),ISBLANK($G116)),$C$42-$F$40-$F$42,"""")"
Juillet 2026;116;C;C116;;"=IF(AND(NOT(ISBLANK($G115)),ISBLANK($G116)),""Reste réel"","""")"
Juillet 2026;116;D;D116;;"=IF(AND(NOT(ISBLANK($G115)),ISBLANK($G116)),$C$42-$H$40-$F$42,"""")"
Juillet 2026;116;G;G116;Leclerc;
Juillet 2026;116;H;H116;9.52;
Juillet 2026;116;I;I116;x;
Juillet 2026;116;J;J116;9.52;"=IF(I116=""x"",H116,0)"
Juillet 2026;116;K;K116;Courses;
Juillet 2026;117;A;A117;;"=IF(AND(NOT(ISBLANK(G116)),ISBLANK(G117)),""Reste prévu"","""")"
Juillet 2026;117;B;B117;;"=IF(AND(NOT(ISBLANK($G116)),ISBLANK($G117)),$C$42-$F$40-$F$42,"""")"
Juillet 2026;117;C;C117;;"=IF(AND(NOT(ISBLANK($G116)),ISBLANK($G117)),""Reste réel"","""")"
Juillet 2026;117;D;D117;;"=IF(AND(NOT(ISBLANK($G116)),ISBLANK($G117)),$C$42-$H$40-$F$42,"""")"
Juillet 2026;117;G;G117;Sport 2000;
Juillet 2026;117;H;H117;2.5;
Juillet 2026;117;I;I117;x;
Juillet 2026;117;J;J117;2.5;"=IF(I117=""x"",H117,0)"
Juillet 2026;117;K;K117;Vêtements;
Juillet 2026;118;A;A118;;"=IF(AND(NOT(ISBLANK(G117)),ISBLANK(G118)),""Reste prévu"","""")"
Juillet 2026;118;B;B118;;"=IF(AND(NOT(ISBLANK($G117)),ISBLANK($G118)),$C$42-$F$40-$F$42,"""")"
Juillet 2026;118;C;C118;;"=IF(AND(NOT(ISBLANK($G117)),ISBLANK($G118)),""Reste réel"","""")"
Juillet 2026;118;D;D118;;"=IF(AND(NOT(ISBLANK($G117)),ISBLANK($G118)),$C$42-$H$40-$F$42,"""")"
Juillet 2026;118;G;G118;Decathlon;
Juillet 2026;118;H;H118;42.95;
Juillet 2026;118;I;I118;x;
Juillet 2026;118;J;J118;42.95;"=IF(I118=""x"",H118,0)"
Juillet 2026;118;K;K118;Loisirs;
Juillet 2026;119;A;A119;;"=IF(AND(NOT(ISBLANK(G118)),ISBLANK(G119)),""Reste prévu"","""")"
Juillet 2026;119;B;B119;;"=IF(AND(NOT(ISBLANK($G118)),ISBLANK($G119)),$C$42-$F$40-$F$42,"""")"
Juillet 2026;119;C;C119;;"=IF(AND(NOT(ISBLANK($G118)),ISBLANK($G119)),""Reste réel"","""")"
Juillet 2026;119;D;D119;;"=IF(AND(NOT(ISBLANK($G118)),ISBLANK($G119)),$C$42-$H$40-$F$42,"""")"
Juillet 2026;119;G;G119;Bureau Vallée;
Juillet 2026;119;H;H119;3.9;
Juillet 2026;119;I;I119;x;
Juillet 2026;119;J;J119;3.9;"=IF(I119=""x"",H119,0)"
Juillet 2026;119;K;K119;Divers;
Juillet 2026;120;A;A120;;"=IF(AND(NOT(ISBLANK(G119)),ISBLANK(G120)),""Reste prévu"","""")"
Juillet 2026;120;B;B120;;"=IF(AND(NOT(ISBLANK($G119)),ISBLANK($G120)),$C$42-$F$40-$F$42,"""")"
Juillet 2026;120;C;C120;;"=IF(AND(NOT(ISBLANK($G119)),ISBLANK($G120)),""Reste réel"","""")"
Juillet 2026;120;D;D120;;"=IF(AND(NOT(ISBLANK($G119)),ISBLANK($G120)),$C$42-$H$40-$F$42,"""")"
Juillet 2026;120;G;G120;Bureau Vallée;
Juillet 2026;120;H;H120;13.28;
Juillet 2026;120;I;I120;x;
Juillet 2026;120;J;J120;13.28;"=IF(I120=""x"",H120,0)"
Juillet 2026;120;K;K120;Divers;
Juillet 2026;121;A;A121;;"=IF(AND(NOT(ISBLANK(G120)),ISBLANK(G121)),""Reste prévu"","""")"
Juillet 2026;121;B;B121;;"=IF(AND(NOT(ISBLANK($G120)),ISBLANK($G121)),$C$42-$F$40-$F$42,"""")"
Juillet 2026;121;C;C121;;"=IF(AND(NOT(ISBLANK($G120)),ISBLANK($G121)),""Reste réel"","""")"
Juillet 2026;121;D;D121;;"=IF(AND(NOT(ISBLANK($G120)),ISBLANK($G121)),$C$42-$H$40-$F$42,"""")"
Juillet 2026;121;G;G121;Croquettes Oska;
Juillet 2026;121;H;H121;47.01;
Juillet 2026;121;I;I121;x;
Juillet 2026;121;J;J121;47.01;"=IF(I121=""x"",H121,0)"
Juillet 2026;121;K;K121;Divers;
Juillet 2026;122;A;A122;;"=IF(AND(NOT(ISBLANK(G121)),ISBLANK(G122)),""Reste prévu"","""")"
Juillet 2026;122;B;B122;;"=IF(AND(NOT(ISBLANK($G121)),ISBLANK($G122)),$C$42-$F$40-$F$42,"""")"
Juillet 2026;122;C;C122;;"=IF(AND(NOT(ISBLANK($G121)),ISBLANK($G122)),""Reste réel"","""")"
Juillet 2026;122;D;D122;;"=IF(AND(NOT(ISBLANK($G121)),ISBLANK($G122)),$C$42-$H$40-$F$42,"""")"
Juillet 2026;122;G;G122;Cigarettes;
Juillet 2026;122;H;H122;13;
Juillet 2026;122;I;I122;x;
Juillet 2026;122;J;J122;13;"=IF(I122=""x"",H122,0)"
Juillet 2026;122;K;K122;Divers;
Juillet 2026;123;A;A123;;"=IF(AND(NOT(ISBLANK(G122)),ISBLANK(G123)),""Reste prévu"","""")"
Juillet 2026;123;B;B123;;"=IF(AND(NOT(ISBLANK($G122)),ISBLANK($G123)),$C$42-$F$40-$F$42,"""")"
Juillet 2026;123;C;C123;;"=IF(AND(NOT(ISBLANK($G122)),ISBLANK($G123)),""Reste réel"","""")"
Juillet 2026;123;D;D123;;"=IF(AND(NOT(ISBLANK($G122)),ISBLANK($G123)),$C$42-$H$40-$F$42,"""")"
Juillet 2026;123;G;G123;Leclerc;
Juillet 2026;123;H;H123;14.59;
Juillet 2026;123;I;I123;x;
Juillet 2026;123;J;J123;14.59;"=IF(I123=""x"",H123,0)"
Juillet 2026;123;K;K123;Courses;
Juillet 2026;124;A;A124;;"=IF(AND(NOT(ISBLANK(G123)),ISBLANK(G124)),""Reste prévu"","""")"
Juillet 2026;124;B;B124;;"=IF(AND(NOT(ISBLANK($G123)),ISBLANK($G124)),$C$42-$F$40-$F$42,"""")"
Juillet 2026;124;C;C124;;"=IF(AND(NOT(ISBLANK($G123)),ISBLANK($G124)),""Reste réel"","""")"
Juillet 2026;124;D;D124;;"=IF(AND(NOT(ISBLANK($G123)),ISBLANK($G124)),$C$42-$H$40-$F$42,"""")"
Juillet 2026;124;G;G124;Leroy Merlin;
Juillet 2026;124;H;H124;87.21;
Juillet 2026;124;I;I124;x;
Juillet 2026;124;J;J124;87.21;"=IF(I124=""x"",H124,0)"
Juillet 2026;124;K;K124;Bricolage/Travaux;
Juillet 2026;125;A;A125;;"=IF(AND(NOT(ISBLANK(G124)),ISBLANK(G125)),""Reste prévu"","""")"
Juillet 2026;125;B;B125;;"=IF(AND(NOT(ISBLANK($G124)),ISBLANK($G125)),$C$42-$F$40-$F$42,"""")"
Juillet 2026;125;C;C125;;"=IF(AND(NOT(ISBLANK($G124)),ISBLANK($G125)),""Reste réel"","""")"
Juillet 2026;125;D;D125;;"=IF(AND(NOT(ISBLANK($G124)),ISBLANK($G125)),$C$42-$H$40-$F$42,"""")"
Juillet 2026;125;G;G125;Nuances et Couleurs;
Juillet 2026;125;H;H125;180.05;
Juillet 2026;125;I;I125;x;
Juillet 2026;125;J;J125;180.05;"=IF(I125=""x"",H125,0)"
Juillet 2026;125;K;K125;Bricolage/Travaux;
Juillet 2026;126;A;A126;;"=IF(AND(NOT(ISBLANK(G125)),ISBLANK(G126)),""Reste prévu"","""")"
Juillet 2026;126;B;B126;;"=IF(AND(NOT(ISBLANK($G125)),ISBLANK($G126)),$C$42-$F$40-$F$42,"""")"
Juillet 2026;126;C;C126;;"=IF(AND(NOT(ISBLANK($G125)),ISBLANK($G126)),""Reste réel"","""")"
Juillet 2026;126;D;D126;;"=IF(AND(NOT(ISBLANK($G125)),ISBLANK($G126)),$C$42-$H$40-$F$42,"""")"
Juillet 2026;126;G;G126;Leclerc;
Juillet 2026;126;H;H126;10.46;
Juillet 2026;126;I;I126;x;
Juillet 2026;126;J;J126;10.46;"=IF(I126=""x"",H126,0)"
Juillet 2026;126;K;K126;Courses;
Juillet 2026;127;A;A127;;"=IF(AND(NOT(ISBLANK(G126)),ISBLANK(G127)),""Reste prévu"","""")"
Juillet 2026;127;B;B127;;"=IF(AND(NOT(ISBLANK($G126)),ISBLANK($G127)),$C$42-$F$40-$F$42,"""")"
Juillet 2026;127;C;C127;;"=IF(AND(NOT(ISBLANK($G126)),ISBLANK($G127)),""Reste réel"","""")"
Juillet 2026;127;D;D127;;"=IF(AND(NOT(ISBLANK($G126)),ISBLANK($G127)),$C$42-$H$40-$F$42,"""")"
Juillet 2026;127;G;G127;Apero Baramoules;
Juillet 2026;127;H;H127;11.2;
Juillet 2026;127;I;I127;x;
Juillet 2026;127;J;J127;11.2;"=IF(I127=""x"",H127,0)"
Juillet 2026;127;K;K127;Loisirs;
Juillet 2026;128;A;A128;;"=IF(AND(NOT(ISBLANK(G127)),ISBLANK(G128)),""Reste prévu"","""")"
Juillet 2026;128;B;B128;;"=IF(AND(NOT(ISBLANK($G127)),ISBLANK($G128)),$C$42-$F$40-$F$42,"""")"
Juillet 2026;128;C;C128;;"=IF(AND(NOT(ISBLANK($G127)),ISBLANK($G128)),""Reste réel"","""")"
Juillet 2026;128;D;D128;;"=IF(AND(NOT(ISBLANK($G127)),ISBLANK($G128)),$C$42-$H$40-$F$42,"""")"
Juillet 2026;128;G;G128;Lidl;
Juillet 2026;128;H;H128;75.61;
Juillet 2026;128;I;I128;x;
Juillet 2026;128;J;J128;75.61;"=IF(I128=""x"",H128,0)"
Juillet 2026;128;K;K128;Courses;
Juillet 2026;129;A;A129;;"=IF(AND(NOT(ISBLANK(G128)),ISBLANK(G129)),""Reste prévu"","""")"
Juillet 2026;129;B;B129;;"=IF(AND(NOT(ISBLANK($G128)),ISBLANK($G129)),$C$42-$F$40-$F$42,"""")"
Juillet 2026;129;C;C129;;"=IF(AND(NOT(ISBLANK($G128)),ISBLANK($G129)),""Reste réel"","""")"
Juillet 2026;129;D;D129;;"=IF(AND(NOT(ISBLANK($G128)),ISBLANK($G129)),$C$42-$H$40-$F$42,"""")"
Juillet 2026;129;G;G129;Leclerc;
Juillet 2026;129;H;H129;86.19;
Juillet 2026;129;I;I129;x;
Juillet 2026;129;J;J129;86.19;"=IF(I129=""x"",H129,0)"
Juillet 2026;129;K;K129;Courses;
Juillet 2026;130;A;A130;;"=IF(AND(NOT(ISBLANK(G129)),ISBLANK(G130)),""Reste prévu"","""")"
Juillet 2026;130;B;B130;;"=IF(AND(NOT(ISBLANK($G129)),ISBLANK($G130)),$C$42-$F$40-$F$42,"""")"
Juillet 2026;130;C;C130;;"=IF(AND(NOT(ISBLANK($G129)),ISBLANK($G130)),""Reste réel"","""")"
Juillet 2026;130;D;D130;;"=IF(AND(NOT(ISBLANK($G129)),ISBLANK($G130)),$C$42-$H$40-$F$42,"""")"
Juillet 2026;130;G;G130;Leclerc;
Juillet 2026;130;H;H130;228.3;
Juillet 2026;130;I;I130;x;
Juillet 2026;130;J;J130;228.3;"=IF(I130=""x"",H130,0)"
Juillet 2026;130;K;K130;Courses;
Juillet 2026;131;A;A131;;"=IF(AND(NOT(ISBLANK(G130)),ISBLANK(G131)),""Reste prévu"","""")"
Juillet 2026;131;B;B131;;"=IF(AND(NOT(ISBLANK($G130)),ISBLANK($G131)),$C$42-$F$40-$F$42,"""")"
Juillet 2026;131;C;C131;;"=IF(AND(NOT(ISBLANK($G130)),ISBLANK($G131)),""Reste réel"","""")"
Juillet 2026;131;D;D131;;"=IF(AND(NOT(ISBLANK($G130)),ISBLANK($G131)),$C$42-$H$40-$F$42,"""")"
Juillet 2026;131;G;G131;Virement Epargne;
Juillet 2026;131;H;H131;2000;
Juillet 2026;131;I;I131;x;
Juillet 2026;131;J;J131;2000;"=IF(I131=""x"",H131,0)"
Juillet 2026;131;K;K131;Epargne;
Juillet 2026;132;A;A132;;"=IF(AND(NOT(ISBLANK(G131)),ISBLANK(G132)),""Reste prévu"","""")"
Juillet 2026;132;B;B132;;"=IF(AND(NOT(ISBLANK($G131)),ISBLANK($G132)),$C$42-$F$40-$F$42,"""")"
Juillet 2026;132;C;C132;;"=IF(AND(NOT(ISBLANK($G131)),ISBLANK($G132)),""Reste réel"","""")"
Juillet 2026;132;D;D132;;"=IF(AND(NOT(ISBLANK($G131)),ISBLANK($G132)),$C$42-$H$40-$F$42,"""")"
Juillet 2026;132;G;G132;Pharmacie;
Juillet 2026;132;H;H132;46.7;
Juillet 2026;132;I;I132;x;
Juillet 2026;132;J;J132;46.7;"=IF(I132=""x"",H132,0)"
Juillet 2026;132;K;K132;Medical;
Juillet 2026;133;A;A133;;"=IF(AND(NOT(ISBLANK(G132)),ISBLANK(G133)),""Reste prévu"","""")"
Juillet 2026;133;B;B133;;"=IF(AND(NOT(ISBLANK($G132)),ISBLANK($G133)),$C$42-$F$40-$F$42,"""")"
Juillet 2026;133;C;C133;;"=IF(AND(NOT(ISBLANK($G132)),ISBLANK($G133)),""Reste réel"","""")"
Juillet 2026;133;D;D133;;"=IF(AND(NOT(ISBLANK($G132)),ISBLANK($G133)),$C$42-$H$40-$F$42,"""")"
Juillet 2026;133;G;G133;Leclerc;
Juillet 2026;133;H;H133;81.36;
Juillet 2026;133;I;I133;x;
Juillet 2026;133;J;J133;81.36;"=IF(I133=""x"",H133,0)"
Juillet 2026;133;K;K133;Courses;
Juillet 2026;134;A;A134;;"=IF(AND(NOT(ISBLANK(G133)),ISBLANK(G134)),""Reste prévu"","""")"
Juillet 2026;134;B;B134;;"=IF(AND(NOT(ISBLANK($G133)),ISBLANK($G134)),$C$42-$F$40-$F$42,"""")"
Juillet 2026;134;C;C134;;"=IF(AND(NOT(ISBLANK($G133)),ISBLANK($G134)),""Reste réel"","""")"
Juillet 2026;134;D;D134;;"=IF(AND(NOT(ISBLANK($G133)),ISBLANK($G134)),$C$42-$H$40-$F$42,"""")"
Juillet 2026;134;G;G134;Buvette Estivales;
Juillet 2026;134;H;H134;3.5;
Juillet 2026;134;I;I134;x;
Juillet 2026;134;J;J134;3.5;"=IF(I134=""x"",H134,0)"
Juillet 2026;134;K;K134;Loisirs;
Juillet 2026;135;A;A135;;"=IF(AND(NOT(ISBLANK(G134)),ISBLANK(G135)),""Reste prévu"","""")"
Juillet 2026;135;B;B135;;"=IF(AND(NOT(ISBLANK($G134)),ISBLANK($G135)),$C$42-$F$40-$F$42,"""")"
Juillet 2026;135;C;C135;;"=IF(AND(NOT(ISBLANK($G134)),ISBLANK($G135)),""Reste réel"","""")"
Juillet 2026;135;D;D135;;"=IF(AND(NOT(ISBLANK($G134)),ISBLANK($G135)),$C$42-$H$40-$F$42,"""")"
Juillet 2026;135;G;G135;Mignon;
Juillet 2026;135;H;H135;20;
Juillet 2026;135;I;I135;x;
Juillet 2026;135;J;J135;20;"=IF(I135=""x"",H135,0)"
Juillet 2026;135;K;K135;Loisirs;
Juillet 2026;136;A;A136;;"=IF(AND(NOT(ISBLANK(G135)),ISBLANK(G136)),""Reste prévu"","""")"
Juillet 2026;136;B;B136;;"=IF(AND(NOT(ISBLANK($G135)),ISBLANK($G136)),$C$42-$F$40-$F$42,"""")"
Juillet 2026;136;C;C136;;"=IF(AND(NOT(ISBLANK($G135)),ISBLANK($G136)),""Reste réel"","""")"
Juillet 2026;136;D;D136;;"=IF(AND(NOT(ISBLANK($G135)),ISBLANK($G136)),$C$42-$H$40-$F$42,"""")"
Juillet 2026;136;G;G136;Buvette Estivales;
Juillet 2026;136;H;H136;8.5;
Juillet 2026;136;I;I136;x;
Juillet 2026;136;J;J136;8.5;"=IF(I136=""x"",H136,0)"
Juillet 2026;136;K;K136;Loisirs;
Juillet 2026;137;A;A137;;"=IF(AND(NOT(ISBLANK(G136)),ISBLANK(G137)),""Reste prévu"","""")"
Juillet 2026;137;B;B137;;"=IF(AND(NOT(ISBLANK($G136)),ISBLANK($G137)),$C$42-$F$40-$F$42,"""")"
Juillet 2026;137;C;C137;;"=IF(AND(NOT(ISBLANK($G136)),ISBLANK($G137)),""Reste réel"","""")"
Juillet 2026;137;D;D137;;"=IF(AND(NOT(ISBLANK($G136)),ISBLANK($G137)),$C$42-$H$40-$F$42,"""")"
Juillet 2026;137;G;G137;Buvette Estivales;
Juillet 2026;137;H;H137;9;
Juillet 2026;137;I;I137;x;
Juillet 2026;137;J;J137;9;"=IF(I137=""x"",H137,0)"
Juillet 2026;137;K;K137;Loisirs;
Juillet 2026;138;A;A138;;"=IF(AND(NOT(ISBLANK(G137)),ISBLANK(G138)),""Reste prévu"","""")"
Juillet 2026;138;B;B138;;"=IF(AND(NOT(ISBLANK($G137)),ISBLANK($G138)),$C$42-$F$40-$F$42,"""")"
Juillet 2026;138;C;C138;;"=IF(AND(NOT(ISBLANK($G137)),ISBLANK($G138)),""Reste réel"","""")"
Juillet 2026;138;D;D138;;"=IF(AND(NOT(ISBLANK($G137)),ISBLANK($G138)),$C$42-$H$40-$F$42,"""")"
Juillet 2026;138;G;G138;Intersport;
Juillet 2026;138;H;H138;25.99;
Juillet 2026;138;I;I138;x;
Juillet 2026;138;J;J138;25.99;"=IF(I138=""x"",H138,0)"
Juillet 2026;138;K;K138;Vêtements;
Juillet 2026;139;A;A139;;"=IF(AND(NOT(ISBLANK(G138)),ISBLANK(G139)),""Reste prévu"","""")"
Juillet 2026;139;B;B139;;"=IF(AND(NOT(ISBLANK($G138)),ISBLANK($G139)),$C$42-$F$40-$F$42,"""")"
Juillet 2026;139;C;C139;;"=IF(AND(NOT(ISBLANK($G138)),ISBLANK($G139)),""Reste réel"","""")"
Juillet 2026;139;D;D139;;"=IF(AND(NOT(ISBLANK($G138)),ISBLANK($G139)),$C$42-$H$40-$F$42,"""")"
Juillet 2026;139;G;G139;Leroy Merlin;
Juillet 2026;139;H;H139;119.12;
Juillet 2026;139;I;I139;x;
Juillet 2026;139;J;J139;119.12;"=IF(I139=""x"",H139,0)"
Juillet 2026;139;K;K139;Bricolage/Travaux;
Juillet 2026;140;A;A140;;"=IF(AND(NOT(ISBLANK(G139)),ISBLANK(G140)),""Reste prévu"","""")"
Juillet 2026;140;B;B140;;"=IF(AND(NOT(ISBLANK($G139)),ISBLANK($G140)),$C$42-$F$40-$F$42,"""")"
Juillet 2026;140;C;C140;;"=IF(AND(NOT(ISBLANK($G139)),ISBLANK($G140)),""Reste réel"","""")"
Juillet 2026;140;D;D140;;"=IF(AND(NOT(ISBLANK($G139)),ISBLANK($G140)),$C$42-$H$40-$F$42,"""")"
Juillet 2026;140;G;G140;Amazon;
Juillet 2026;140;H;H140;17.58;
Juillet 2026;140;I;I140;x;
Juillet 2026;140;J;J140;17.58;"=IF(I140=""x"",H140,0)"
Juillet 2026;140;K;K140;Divers;
Juillet 2026;141;A;A141;;"=IF(AND(NOT(ISBLANK(G140)),ISBLANK(G141)),""Reste prévu"","""")"
Juillet 2026;141;B;B141;;"=IF(AND(NOT(ISBLANK($G140)),ISBLANK($G141)),$C$42-$F$40-$F$42,"""")"
Juillet 2026;141;C;C141;;"=IF(AND(NOT(ISBLANK($G140)),ISBLANK($G141)),""Reste réel"","""")"
Juillet 2026;141;D;D141;;"=IF(AND(NOT(ISBLANK($G140)),ISBLANK($G141)),$C$42-$H$40-$F$42,"""")"
Juillet 2026;141;G;G141;Sarenza;
Juillet 2026;141;H;H141;72;
Juillet 2026;141;I;I141;x;
Juillet 2026;141;J;J141;72;"=IF(I141=""x"",H141,0)"
Juillet 2026;141;K;K141;Vêtements;
Juillet 2026;142;A;A142;;"=IF(AND(NOT(ISBLANK(G141)),ISBLANK(G142)),""Reste prévu"","""")"
Juillet 2026;142;B;B142;;"=IF(AND(NOT(ISBLANK($G141)),ISBLANK($G142)),$C$42-$F$40-$F$42,"""")"
Juillet 2026;142;C;C142;;"=IF(AND(NOT(ISBLANK($G141)),ISBLANK($G142)),""Reste réel"","""")"
Juillet 2026;142;D;D142;;"=IF(AND(NOT(ISBLANK($G141)),ISBLANK($G142)),$C$42-$H$40-$F$42,"""")"
Juillet 2026;142;G;G142;Boulangerie;
Juillet 2026;142;H;H142;6.9;
Juillet 2026;142;I;I142;x;
Juillet 2026;142;J;J142;6.9;"=IF(I142=""x"",H142,0)"
Juillet 2026;142;K;K142;Courses;
Juillet 2026;143;A;A143;;"=IF(AND(NOT(ISBLANK(G142)),ISBLANK(G143)),""Reste prévu"","""")"
Juillet 2026;143;B;B143;;"=IF(AND(NOT(ISBLANK($G142)),ISBLANK($G143)),$C$42-$F$40-$F$42,"""")"
Juillet 2026;143;C;C143;;"=IF(AND(NOT(ISBLANK($G142)),ISBLANK($G143)),""Reste réel"","""")"
Juillet 2026;143;D;D143;;"=IF(AND(NOT(ISBLANK($G142)),ISBLANK($G143)),$C$42-$H$40-$F$42,"""")"
Juillet 2026;143;G;G143;Mr Bricolage;
Juillet 2026;143;H;H143;19.75;
Juillet 2026;143;I;I143;x;
Juillet 2026;143;J;J143;19.75;"=IF(I143=""x"",H143,0)"
Juillet 2026;143;K;K143;Bricolage/Travaux;
Juillet 2026;144;A;A144;;"=IF(AND(NOT(ISBLANK(G143)),ISBLANK(G144)),""Reste prévu"","""")"
Juillet 2026;144;B;B144;;"=IF(AND(NOT(ISBLANK($G143)),ISBLANK($G144)),$C$42-$F$40-$F$42,"""")"
Juillet 2026;144;C;C144;;"=IF(AND(NOT(ISBLANK($G143)),ISBLANK($G144)),""Reste réel"","""")"
Juillet 2026;144;D;D144;;"=IF(AND(NOT(ISBLANK($G143)),ISBLANK($G144)),$C$42-$H$40-$F$42,"""")"
Juillet 2026;144;G;G144;Mr Bricolage;
Juillet 2026;144;H;H144;22.5;
Juillet 2026;144;I;I144;x;
Juillet 2026;144;J;J144;22.5;"=IF(I144=""x"",H144,0)"
Juillet 2026;144;K;K144;Bricolage/Travaux;
Juillet 2026;145;A;A145;;"=IF(AND(NOT(ISBLANK(G144)),ISBLANK(G145)),""Reste prévu"","""")"
Juillet 2026;145;B;B145;;"=IF(AND(NOT(ISBLANK($G144)),ISBLANK($G145)),$C$42-$F$40-$F$42,"""")"
Juillet 2026;145;C;C145;;"=IF(AND(NOT(ISBLANK($G144)),ISBLANK($G145)),""Reste réel"","""")"
Juillet 2026;145;D;D145;;"=IF(AND(NOT(ISBLANK($G144)),ISBLANK($G145)),$C$42-$H$40-$F$42,"""")"
Juillet 2026;145;G;G145;Mr Bricolage;
Juillet 2026;145;H;H145;75.9;
Juillet 2026;145;I;I145;x;
Juillet 2026;145;J;J145;75.9;"=IF(I145=""x"",H145,0)"
Juillet 2026;145;K;K145;Bricolage/Travaux;
Juillet 2026;146;A;A146;;"=IF(AND(NOT(ISBLANK(G145)),ISBLANK(G146)),""Reste prévu"","""")"
Juillet 2026;146;B;B146;;"=IF(AND(NOT(ISBLANK($G145)),ISBLANK($G146)),$C$42-$F$40-$F$42,"""")"
Juillet 2026;146;C;C146;;"=IF(AND(NOT(ISBLANK($G145)),ISBLANK($G146)),""Reste réel"","""")"
Juillet 2026;146;D;D146;;"=IF(AND(NOT(ISBLANK($G145)),ISBLANK($G146)),$C$42-$H$40-$F$42,"""")"
Juillet 2026;146;G;G146;Decathlon Loan;
Juillet 2026;146;H;H146;120;
Juillet 2026;146;I;I146;x;
Juillet 2026;146;J;J146;120;"=IF(I146=""x"",H146,0)"
Juillet 2026;146;K;K146;Vêtements;
Juillet 2026;147;A;A147;;"=IF(AND(NOT(ISBLANK(G146)),ISBLANK(G147)),""Reste prévu"","""")"
Juillet 2026;147;B;B147;;"=IF(AND(NOT(ISBLANK($G146)),ISBLANK($G147)),$C$42-$F$40-$F$42,"""")"
Juillet 2026;147;C;C147;;"=IF(AND(NOT(ISBLANK($G146)),ISBLANK($G147)),""Reste réel"","""")"
Juillet 2026;147;D;D147;;"=IF(AND(NOT(ISBLANK($G146)),ISBLANK($G147)),$C$42-$H$40-$F$42,"""")"
Juillet 2026;147;G;G147;Boulangerie;
Juillet 2026;147;H;H147;10.95;
Juillet 2026;147;I;I147;x;
Juillet 2026;147;J;J147;10.95;"=IF(I147=""x"",H147,0)"
Juillet 2026;147;K;K147;Courses;
Juillet 2026;148;A;A148;;"=IF(AND(NOT(ISBLANK(G147)),ISBLANK(G148)),""Reste prévu"","""")"
Juillet 2026;148;B;B148;;"=IF(AND(NOT(ISBLANK($G147)),ISBLANK($G148)),$C$42-$F$40-$F$42,"""")"
Juillet 2026;148;C;C148;;"=IF(AND(NOT(ISBLANK($G147)),ISBLANK($G148)),""Reste réel"","""")"
Juillet 2026;148;D;D148;;"=IF(AND(NOT(ISBLANK($G147)),ISBLANK($G148)),$C$42-$H$40-$F$42,"""")"
Juillet 2026;148;G;G148;Buvette Estivales;
Juillet 2026;148;H;H148;5;
Juillet 2026;148;I;I148;x;
Juillet 2026;148;J;J148;5;"=IF(I148=""x"",H148,0)"
Juillet 2026;148;K;K148;Loisirs;
Juillet 2026;149;A;A149;;"=IF(AND(NOT(ISBLANK(G148)),ISBLANK(G149)),""Reste prévu"","""")"
Juillet 2026;149;B;B149;;"=IF(AND(NOT(ISBLANK($G148)),ISBLANK($G149)),$C$42-$F$40-$F$42,"""")"
Juillet 2026;149;C;C149;;"=IF(AND(NOT(ISBLANK($G148)),ISBLANK($G149)),""Reste réel"","""")"
Juillet 2026;149;D;D149;;"=IF(AND(NOT(ISBLANK($G148)),ISBLANK($G149)),$C$42-$H$40-$F$42,"""")"
Juillet 2026;149;G;G149;Carrefour;
Juillet 2026;149;H;H149;6.69;
Juillet 2026;149;I;I149;x;
Juillet 2026;149;J;J149;6.69;"=IF(I149=""x"",H149,0)"
Juillet 2026;149;K;K149;Courses;
Juillet 2026;150;A;A150;;"=IF(AND(NOT(ISBLANK(G149)),ISBLANK(G150)),""Reste prévu"","""")"
Juillet 2026;150;B;B150;;"=IF(AND(NOT(ISBLANK($G149)),ISBLANK($G150)),$C$42-$F$40-$F$42,"""")"
Juillet 2026;150;C;C150;;"=IF(AND(NOT(ISBLANK($G149)),ISBLANK($G150)),""Reste réel"","""")"
Juillet 2026;150;D;D150;;"=IF(AND(NOT(ISBLANK($G149)),ISBLANK($G150)),$C$42-$H$40-$F$42,"""")"
Juillet 2026;150;G;G150;Pharmacie;
Juillet 2026;150;H;H150;26.5;
Juillet 2026;150;I;I150;x;
Juillet 2026;150;J;J150;26.5;"=IF(I150=""x"",H150,0)"
Juillet 2026;150;K;K150;Medical;
Juillet 2026;151;A;A151;;"=IF(AND(NOT(ISBLANK(G150)),ISBLANK(G151)),""Reste prévu"","""")"
Juillet 2026;151;B;B151;;"=IF(AND(NOT(ISBLANK($G150)),ISBLANK($G151)),$C$42-$F$40-$F$42,"""")"
Juillet 2026;151;C;C151;;"=IF(AND(NOT(ISBLANK($G150)),ISBLANK($G151)),""Reste réel"","""")"
Juillet 2026;151;D;D151;;"=IF(AND(NOT(ISBLANK($G150)),ISBLANK($G151)),$C$42-$H$40-$F$42,"""")"
Juillet 2026;151;G;G151;Cigarettes;
Juillet 2026;151;H;H151;13;
Juillet 2026;151;I;I151;x;
Juillet 2026;151;J;J151;13;"=IF(I151=""x"",H151,0)"
Juillet 2026;151;K;K151;Divers;
Juillet 2026;152;A;A152;;"=IF(AND(NOT(ISBLANK(G151)),ISBLANK(G152)),""Reste prévu"","""")"
Juillet 2026;152;B;B152;;"=IF(AND(NOT(ISBLANK($G151)),ISBLANK($G152)),$C$42-$F$40-$F$42,"""")"
Juillet 2026;152;C;C152;;"=IF(AND(NOT(ISBLANK($G151)),ISBLANK($G152)),""Reste réel"","""")"
Juillet 2026;152;D;D152;;"=IF(AND(NOT(ISBLANK($G151)),ISBLANK($G152)),$C$42-$H$40-$F$42,"""")"
Juillet 2026;152;G;G152;Mr Bricolage;
Juillet 2026;152;H;H152;42;
Juillet 2026;152;I;I152;x;
Juillet 2026;152;J;J152;42;"=IF(I152=""x"",H152,0)"
Juillet 2026;152;K;K152;Bricolage/Travaux;
Juillet 2026;153;A;A153;;"=IF(AND(NOT(ISBLANK(G152)),ISBLANK(G153)),""Reste prévu"","""")"
Juillet 2026;153;B;B153;;"=IF(AND(NOT(ISBLANK($G152)),ISBLANK($G153)),$C$42-$F$40-$F$42,"""")"
Juillet 2026;153;C;C153;;"=IF(AND(NOT(ISBLANK($G152)),ISBLANK($G153)),""Reste réel"","""")"
Juillet 2026;153;D;D153;;"=IF(AND(NOT(ISBLANK($G152)),ISBLANK($G153)),$C$42-$H$40-$F$42,"""")"
Juillet 2026;153;G;G153;Baramoules;
Juillet 2026;153;H;H153;144.2;
Juillet 2026;153;I;I153;x;
Juillet 2026;153;J;J153;144.2;"=IF(I153=""x"",H153,0)"
Juillet 2026;153;K;K153;Loisirs;
Juillet 2026;154;A;A154;;"=IF(AND(NOT(ISBLANK(G153)),ISBLANK(G154)),""Reste prévu"","""")"
Juillet 2026;154;B;B154;;"=IF(AND(NOT(ISBLANK($G153)),ISBLANK($G154)),$C$42-$F$40-$F$42,"""")"
Juillet 2026;154;C;C154;;"=IF(AND(NOT(ISBLANK($G153)),ISBLANK($G154)),""Reste réel"","""")"
Juillet 2026;154;D;D154;;"=IF(AND(NOT(ISBLANK($G153)),ISBLANK($G154)),$C$42-$H$40-$F$42,"""")"
Juillet 2026;154;G;G154;Leroy Merlin;
Juillet 2026;154;H;H154;84.61;
Juillet 2026;154;I;I154;x;
Juillet 2026;154;J;J154;84.61;"=IF(I154=""x"",H154,0)"
Juillet 2026;154;K;K154;Bricolage/Travaux;
Juillet 2026;155;A;A155;;"=IF(AND(NOT(ISBLANK(G154)),ISBLANK(G155)),""Reste prévu"","""")"
Juillet 2026;155;B;B155;;"=IF(AND(NOT(ISBLANK($G154)),ISBLANK($G155)),$C$42-$F$40-$F$42,"""")"
Juillet 2026;155;C;C155;;"=IF(AND(NOT(ISBLANK($G154)),ISBLANK($G155)),""Reste réel"","""")"
Juillet 2026;155;D;D155;;"=IF(AND(NOT(ISBLANK($G154)),ISBLANK($G155)),$C$42-$H$40-$F$42,"""")"
Juillet 2026;155;G;G155;Urssaaf;
Juillet 2026;155;H;H155;52.31;
Juillet 2026;155;I;I155;x;
Juillet 2026;155;J;J155;52.31;"=IF(I155=""x"",H155,0)"
Juillet 2026;155;K;K155;Charges;
Juillet 2026;156;A;A156;Reste prévu;"=IF(AND(NOT(ISBLANK(G155)),ISBLANK(G156)),""Reste prévu"","""")"
Juillet 2026;156;B;B156;#REF!;"=IF(AND(NOT(ISBLANK($G155)),ISBLANK($G156)),$C$42-$F$40-$F$42,"""")"
Juillet 2026;156;C;C156;Reste réel;"=IF(AND(NOT(ISBLANK($G155)),ISBLANK($G156)),""Reste réel"","""")"
Juillet 2026;156;D;D156;#REF!;"=IF(AND(NOT(ISBLANK($G155)),ISBLANK($G156)),$C$42-$H$40-$F$42,"""")"
Juillet 2026;156;J;J156;0;"=IF(I156=""x"",H156,0)"
Juillet 2026;157;A;A157;;"=IF(AND(NOT(ISBLANK(G156)),ISBLANK(G157)),""Reste prévu"","""")"
Juillet 2026;157;B;B157;;"=IF(AND(NOT(ISBLANK($G156)),ISBLANK($G157)),$C$42-$F$40-$F$42,"""")"
Juillet 2026;157;C;C157;;"=IF(AND(NOT(ISBLANK($G156)),ISBLANK($G157)),""Reste réel"","""")"
Juillet 2026;157;D;D157;;"=IF(AND(NOT(ISBLANK($G156)),ISBLANK($G157)),$C$42-$H$40-$F$42,"""")"
Juillet 2026;157;J;J157;0;"=IF(I157=""x"",H157,0)"
Juillet 2026;158;A;A158;;"=IF(AND(NOT(ISBLANK(G157)),ISBLANK(G158)),""Reste prévu"","""")"
Juillet 2026;158;B;B158;;"=IF(AND(NOT(ISBLANK($G157)),ISBLANK($G158)),$C$42-$F$40-$F$42,"""")"
Juillet 2026;158;C;C158;;"=IF(AND(NOT(ISBLANK($G157)),ISBLANK($G158)),""Reste réel"","""")"
Juillet 2026;158;D;D158;;"=IF(AND(NOT(ISBLANK($G157)),ISBLANK($G158)),$C$42-$H$40-$F$42,"""")"
Juillet 2026;158;J;J158;0;"=IF(I158=""x"",H158,0)"
Juillet 2026;159;A;A159;;"=IF(AND(NOT(ISBLANK(G158)),ISBLANK(G159)),""Reste prévu"","""")"
Juillet 2026;159;B;B159;;"=IF(AND(NOT(ISBLANK($G158)),ISBLANK($G159)),$C$42-$F$40-$F$42,"""")"
Juillet 2026;159;C;C159;;"=IF(AND(NOT(ISBLANK($G158)),ISBLANK($G159)),""Reste réel"","""")"
Juillet 2026;159;D;D159;;"=IF(AND(NOT(ISBLANK($G158)),ISBLANK($G159)),$C$42-$H$40-$F$42,"""")"
Juillet 2026;159;J;J159;0;"=IF(I159=""x"",H159,0)"
Juillet 2026;160;A;A160;;"=IF(AND(NOT(ISBLANK(G159)),ISBLANK(G160)),""Reste prévu"","""")"
Juillet 2026;160;B;B160;;"=IF(AND(NOT(ISBLANK($G159)),ISBLANK($G160)),$C$42-$F$40-$F$42,"""")"
Juillet 2026;160;C;C160;;"=IF(AND(NOT(ISBLANK($G159)),ISBLANK($G160)),""Reste réel"","""")"
Juillet 2026;160;D;D160;;"=IF(AND(NOT(ISBLANK($G159)),ISBLANK($G160)),$C$42-$H$40-$F$42,"""")"
Juillet 2026;160;J;J160;0;"=IF(I160=""x"",H160,0)"
Juillet 2026;161;A;A161;;"=IF(AND(NOT(ISBLANK(G160)),ISBLANK(G161)),""Reste prévu"","""")"
Juillet 2026;161;B;B161;;"=IF(AND(NOT(ISBLANK($G160)),ISBLANK($G161)),$C$42-$F$40-$F$42,"""")"
Juillet 2026;161;C;C161;;"=IF(AND(NOT(ISBLANK($G160)),ISBLANK($G161)),""Reste réel"","""")"
Juillet 2026;161;D;D161;;"=IF(AND(NOT(ISBLANK($G160)),ISBLANK($G161)),$C$42-$H$40-$F$42,"""")"
Juillet 2026;161;J;J161;0;"=IF(I161=""x"",H161,0)"
Juillet 2026;162;A;A162;;"=IF(AND(NOT(ISBLANK(G161)),ISBLANK(G162)),""Reste prévu"","""")"
Juillet 2026;162;B;B162;;"=IF(AND(NOT(ISBLANK($G161)),ISBLANK($G162)),$C$42-$F$40-$F$42,"""")"
Juillet 2026;162;C;C162;;"=IF(AND(NOT(ISBLANK($G161)),ISBLANK($G162)),""Reste réel"","""")"
Juillet 2026;162;D;D162;;"=IF(AND(NOT(ISBLANK($G161)),ISBLANK($G162)),$C$42-$H$40-$F$42,"""")"
Juillet 2026;162;J;J162;0;"=IF(I162=""x"",H162,0)"
Juillet 2026;163;A;A163;;"=IF(AND(NOT(ISBLANK(G162)),ISBLANK(G163)),""Reste prévu"","""")"
Juillet 2026;163;B;B163;;"=IF(AND(NOT(ISBLANK($G162)),ISBLANK($G163)),$C$42-$F$40-$F$42,"""")"
Juillet 2026;163;C;C163;;"=IF(AND(NOT(ISBLANK($G162)),ISBLANK($G163)),""Reste réel"","""")"
Juillet 2026;163;D;D163;;"=IF(AND(NOT(ISBLANK($G162)),ISBLANK($G163)),$C$42-$H$40-$F$42,"""")"
Juillet 2026;163;J;J163;0;"=IF(I163=""x"",H163,0)"
Juillet 2026;164;A;A164;;"=IF(AND(NOT(ISBLANK(G163)),ISBLANK(G164)),""Reste prévu"","""")"
Juillet 2026;164;B;B164;;"=IF(AND(NOT(ISBLANK($G163)),ISBLANK($G164)),$C$42-$F$40-$F$42,"""")"
Juillet 2026;164;C;C164;;"=IF(AND(NOT(ISBLANK($G163)),ISBLANK($G164)),""Reste réel"","""")"
Juillet 2026;164;D;D164;;"=IF(AND(NOT(ISBLANK($G163)),ISBLANK($G164)),$C$42-$H$40-$F$42,"""")"
Juillet 2026;164;J;J164;0;"=IF(I164=""x"",H164,0)"
Juillet 2026;165;A;A165;;"=IF(AND(NOT(ISBLANK(G164)),ISBLANK(G165)),""Reste prévu"","""")"
Juillet 2026;165;B;B165;;"=IF(AND(NOT(ISBLANK($G164)),ISBLANK($G165)),$C$42-$F$40-$F$42,"""")"
Juillet 2026;165;C;C165;;"=IF(AND(NOT(ISBLANK($G164)),ISBLANK($G165)),""Reste réel"","""")"
Juillet 2026;165;D;D165;;"=IF(AND(NOT(ISBLANK($G164)),ISBLANK($G165)),$C$42-$H$40-$F$42,"""")"
Juillet 2026;165;J;J165;0;"=IF(I165=""x"",H165,0)"
Juillet 2026;166;A;A166;;"=IF(AND(NOT(ISBLANK(G165)),ISBLANK(G166)),""Reste prévu"","""")"
Juillet 2026;166;B;B166;;"=IF(AND(NOT(ISBLANK($G165)),ISBLANK($G166)),$C$42-$F$40-$F$42,"""")"
Juillet 2026;166;C;C166;;"=IF(AND(NOT(ISBLANK($G165)),ISBLANK($G166)),""Reste réel"","""")"
Juillet 2026;166;D;D166;;"=IF(AND(NOT(ISBLANK($G165)),ISBLANK($G166)),$C$42-$H$40-$F$42,"""")"
Juillet 2026;166;J;J166;0;"=IF(I166=""x"",H166,0)"
Juillet 2026;167;A;A167;;"=IF(AND(NOT(ISBLANK(G166)),ISBLANK(G167)),""Reste prévu"","""")"
Juillet 2026;167;B;B167;;"=IF(AND(NOT(ISBLANK($G166)),ISBLANK($G167)),$C$42-$F$40-$F$42,"""")"
Juillet 2026;167;C;C167;;"=IF(AND(NOT(ISBLANK($G166)),ISBLANK($G167)),""Reste réel"","""")"
Juillet 2026;167;D;D167;;"=IF(AND(NOT(ISBLANK($G166)),ISBLANK($G167)),$C$42-$H$40-$F$42,"""")"
Juillet 2026;167;J;J167;0;"=IF(I167=""x"",H167,0)"
Juillet 2026;168;A;A168;;"=IF(AND(NOT(ISBLANK(G167)),ISBLANK(G168)),""Reste prévu"","""")"
Juillet 2026;168;B;B168;;"=IF(AND(NOT(ISBLANK($G167)),ISBLANK($G168)),$C$42-$F$40-$F$42,"""")"
Juillet 2026;168;C;C168;;"=IF(AND(NOT(ISBLANK($G167)),ISBLANK($G168)),""Reste réel"","""")"
Juillet 2026;168;D;D168;;"=IF(AND(NOT(ISBLANK($G167)),ISBLANK($G168)),$C$42-$H$40-$F$42,"""")"
Juillet 2026;168;J;J168;0;"=IF(I168=""x"",H168,0)"
Juillet 2026;169;A;A169;;"=IF(AND(NOT(ISBLANK(G168)),ISBLANK(G169)),""Reste prévu"","""")"
Juillet 2026;169;B;B169;;"=IF(AND(NOT(ISBLANK($G168)),ISBLANK($G169)),$C$42-$F$40-$F$42,"""")"
Juillet 2026;169;C;C169;;"=IF(AND(NOT(ISBLANK($G168)),ISBLANK($G169)),""Reste réel"","""")"
Juillet 2026;169;D;D169;;"=IF(AND(NOT(ISBLANK($G168)),ISBLANK($G169)),$C$42-$H$40-$F$42,"""")"
Juillet 2026;169;J;J169;0;"=IF(I169=""x"",H169,0)"
Juillet 2026;170;A;A170;;"=IF(AND(NOT(ISBLANK(G169)),ISBLANK(G170)),""Reste prévu"","""")"
Juillet 2026;170;B;B170;;"=IF(AND(NOT(ISBLANK($G169)),ISBLANK($G170)),$C$42-$F$40-$F$42,"""")"
Juillet 2026;170;C;C170;;"=IF(AND(NOT(ISBLANK($G169)),ISBLANK($G170)),""Reste réel"","""")"
Juillet 2026;170;D;D170;;"=IF(AND(NOT(ISBLANK($G169)),ISBLANK($G170)),$C$42-$H$40-$F$42,"""")"
Juillet 2026;170;J;J170;0;"=IF(I170=""x"",H170,0)"
Juillet 2026;171;A;A171;;"=IF(AND(NOT(ISBLANK(G170)),ISBLANK(G171)),""Reste prévu"","""")"
Juillet 2026;171;B;B171;;"=IF(AND(NOT(ISBLANK($G170)),ISBLANK($G171)),$C$42-$F$40-$F$42,"""")"
Juillet 2026;171;C;C171;;"=IF(AND(NOT(ISBLANK($G170)),ISBLANK($G171)),""Reste réel"","""")"
Juillet 2026;171;D;D171;;"=IF(AND(NOT(ISBLANK($G170)),ISBLANK($G171)),$C$42-$H$40-$F$42,"""")"
Juillet 2026;171;J;J171;0;"=IF(I171=""x"",H171,0)"
Juillet 2026;172;A;A172;;"=IF(AND(NOT(ISBLANK(G171)),ISBLANK(G172)),""Reste prévu"","""")"
Juillet 2026;172;B;B172;;"=IF(AND(NOT(ISBLANK($G171)),ISBLANK($G172)),$C$42-$F$40-$F$42,"""")"
Juillet 2026;172;C;C172;;"=IF(AND(NOT(ISBLANK($G171)),ISBLANK($G172)),""Reste réel"","""")"
Juillet 2026;172;D;D172;;"=IF(AND(NOT(ISBLANK($G171)),ISBLANK($G172)),$C$42-$H$40-$F$42,"""")"
Juillet 2026;172;J;J172;0;"=IF(I172=""x"",H172,0)"
Juillet 2026;173;A;A173;;"=IF(AND(NOT(ISBLANK(G172)),ISBLANK(G173)),""Reste prévu"","""")"
Juillet 2026;173;B;B173;;"=IF(AND(NOT(ISBLANK($G172)),ISBLANK($G173)),$C$42-$F$40-$F$42,"""")"
Juillet 2026;173;C;C173;;"=IF(AND(NOT(ISBLANK($G172)),ISBLANK($G173)),""Reste réel"","""")"
Juillet 2026;173;D;D173;;"=IF(AND(NOT(ISBLANK($G172)),ISBLANK($G173)),$C$42-$H$40-$F$42,"""")"
Juillet 2026;173;J;J173;0;"=IF(I173=""x"",H173,0)"
Juillet 2026;174;A;A174;;"=IF(AND(NOT(ISBLANK(G173)),ISBLANK(G174)),""Reste prévu"","""")"
Juillet 2026;174;B;B174;;"=IF(AND(NOT(ISBLANK($G173)),ISBLANK($G174)),$C$42-$F$40-$F$42,"""")"
Juillet 2026;174;C;C174;;"=IF(AND(NOT(ISBLANK($G173)),ISBLANK($G174)),""Reste réel"","""")"
Juillet 2026;174;D;D174;;"=IF(AND(NOT(ISBLANK($G173)),ISBLANK($G174)),$C$42-$H$40-$F$42,"""")"
Juillet 2026;174;J;J174;0;"=IF(I174=""x"",H174,0)"
Juillet 2026;175;A;A175;;"=IF(AND(NOT(ISBLANK(G174)),ISBLANK(G175)),""Reste prévu"","""")"
Juillet 2026;175;B;B175;;"=IF(AND(NOT(ISBLANK($G174)),ISBLANK($G175)),$C$42-$F$40-$F$42,"""")"
Juillet 2026;175;C;C175;;"=IF(AND(NOT(ISBLANK($G174)),ISBLANK($G175)),""Reste réel"","""")"
Juillet 2026;175;D;D175;;"=IF(AND(NOT(ISBLANK($G174)),ISBLANK($G175)),$C$42-$H$40-$F$42,"""")"
Juillet 2026;175;J;J175;0;"=IF(I175=""x"",H175,0)"
Juillet 2026;176;A;A176;;"=IF(AND(NOT(ISBLANK(G175)),ISBLANK(G176)),""Reste prévu"","""")"
Juillet 2026;176;B;B176;;"=IF(AND(NOT(ISBLANK($G175)),ISBLANK($G176)),$C$42-$F$40-$F$42,"""")"
Juillet 2026;176;C;C176;;"=IF(AND(NOT(ISBLANK($G175)),ISBLANK($G176)),""Reste réel"","""")"
Juillet 2026;176;D;D176;;"=IF(AND(NOT(ISBLANK($G175)),ISBLANK($G176)),$C$42-$H$40-$F$42,"""")"
Juillet 2026;176;J;J176;0;"=IF(I176=""x"",H176,0)"
Juillet 2026;177;A;A177;;"=IF(AND(NOT(ISBLANK(G176)),ISBLANK(G177)),""Reste prévu"","""")"
Juillet 2026;177;B;B177;;"=IF(AND(NOT(ISBLANK($G176)),ISBLANK($G177)),$C$42-$F$40-$F$42,"""")"
Juillet 2026;177;C;C177;;"=IF(AND(NOT(ISBLANK($G176)),ISBLANK($G177)),""Reste réel"","""")"
Juillet 2026;177;D;D177;;"=IF(AND(NOT(ISBLANK($G176)),ISBLANK($G177)),$C$42-$H$40-$F$42,"""")"
Juillet 2026;177;J;J177;0;"=IF(I177=""x"",H177,0)"
Juillet 2026;178;A;A178;;"=IF(AND(NOT(ISBLANK(G177)),ISBLANK(G178)),""Reste prévu"","""")"
Juillet 2026;178;B;B178;;"=IF(AND(NOT(ISBLANK($G177)),ISBLANK($G178)),$C$42-$F$40-$F$42,"""")"
Juillet 2026;178;C;C178;;"=IF(AND(NOT(ISBLANK($G177)),ISBLANK($G178)),""Reste réel"","""")"
Juillet 2026;178;D;D178;;"=IF(AND(NOT(ISBLANK($G177)),ISBLANK($G178)),$C$42-$H$40-$F$42,"""")"
Juillet 2026;178;J;J178;0;"=IF(I178=""x"",H178,0)"
Juillet 2026;179;A;A179;;"=IF(AND(NOT(ISBLANK(G178)),ISBLANK(G179)),""Reste prévu"","""")"
Juillet 2026;179;B;B179;;"=IF(AND(NOT(ISBLANK($G178)),ISBLANK($G179)),$C$42-$F$40-$F$42,"""")"
Juillet 2026;179;C;C179;;"=IF(AND(NOT(ISBLANK($G178)),ISBLANK($G179)),""Reste réel"","""")"
Juillet 2026;179;D;D179;;"=IF(AND(NOT(ISBLANK($G178)),ISBLANK($G179)),$C$42-$H$40-$F$42,"""")"
Juillet 2026;179;J;J179;0;"=IF(I179=""x"",H179,0)"
Juillet 2026;180;A;A180;;"=IF(AND(NOT(ISBLANK(G179)),ISBLANK(G180)),""Reste prévu"","""")"
Juillet 2026;180;B;B180;;"=IF(AND(NOT(ISBLANK($G179)),ISBLANK($G180)),$C$42-$F$40-$F$42,"""")"
Juillet 2026;180;C;C180;;"=IF(AND(NOT(ISBLANK($G179)),ISBLANK($G180)),""Reste réel"","""")"
Juillet 2026;180;D;D180;;"=IF(AND(NOT(ISBLANK($G179)),ISBLANK($G180)),$C$42-$H$40-$F$42,"""")"
Juillet 2026;180;J;J180;0;"=IF(I180=""x"",H180,0)"
Juillet 2026;181;A;A181;;"=IF(AND(NOT(ISBLANK(G180)),ISBLANK(G181)),""Reste prévu"","""")"
Juillet 2026;181;B;B181;;"=IF(AND(NOT(ISBLANK($G180)),ISBLANK($G181)),$C$42-$F$40-$F$42,"""")"
Juillet 2026;181;C;C181;;"=IF(AND(NOT(ISBLANK($G180)),ISBLANK($G181)),""Reste réel"","""")"
Juillet 2026;181;D;D181;;"=IF(AND(NOT(ISBLANK($G180)),ISBLANK($G181)),$C$42-$H$40-$F$42,"""")"
Juillet 2026;181;J;J181;0;"=IF(I181=""x"",H181,0)"
Juillet 2026;182;A;A182;;"=IF(AND(NOT(ISBLANK(G181)),ISBLANK(G182)),""Reste prévu"","""")"
Juillet 2026;182;B;B182;;"=IF(AND(NOT(ISBLANK($G181)),ISBLANK($G182)),$C$42-$F$40-$F$42,"""")"
Juillet 2026;182;C;C182;;"=IF(AND(NOT(ISBLANK($G181)),ISBLANK($G182)),""Reste réel"","""")"
Juillet 2026;182;D;D182;;"=IF(AND(NOT(ISBLANK($G181)),ISBLANK($G182)),$C$42-$H$40-$F$42,"""")"
Juillet 2026;182;J;J182;0;"=IF(I182=""x"",H182,0)"
Juillet 2026;183;A;A183;;"=IF(AND(NOT(ISBLANK(G182)),ISBLANK(G183)),""Reste prévu"","""")"
Juillet 2026;183;B;B183;;"=IF(AND(NOT(ISBLANK($G182)),ISBLANK($G183)),$C$42-$F$40-$F$42,"""")"
Juillet 2026;183;C;C183;;"=IF(AND(NOT(ISBLANK($G182)),ISBLANK($G183)),""Reste réel"","""")"
Juillet 2026;183;D;D183;;"=IF(AND(NOT(ISBLANK($G182)),ISBLANK($G183)),$C$42-$H$40-$F$42,"""")"
Juillet 2026;183;J;J183;0;"=IF(I183=""x"",H183,0)"
Juillet 2026;184;A;A184;;"=IF(AND(NOT(ISBLANK(G183)),ISBLANK(G184)),""Reste prévu"","""")"
Juillet 2026;184;B;B184;;"=IF(AND(NOT(ISBLANK($G183)),ISBLANK($G184)),$C$42-$F$40-$F$42,"""")"
Juillet 2026;184;C;C184;;"=IF(AND(NOT(ISBLANK($G183)),ISBLANK($G184)),""Reste réel"","""")"
Juillet 2026;184;D;D184;;"=IF(AND(NOT(ISBLANK($G183)),ISBLANK($G184)),$C$42-$H$40-$F$42,"""")"
Juillet 2026;184;J;J184;0;"=IF(I184=""x"",H184,0)"
Juillet 2026;185;A;A185;;"=IF(AND(NOT(ISBLANK(G184)),ISBLANK(G185)),""Reste prévu"","""")"
Juillet 2026;185;B;B185;;"=IF(AND(NOT(ISBLANK($G184)),ISBLANK($G185)),$C$42-$F$40-$F$42,"""")"
Juillet 2026;185;C;C185;;"=IF(AND(NOT(ISBLANK($G184)),ISBLANK($G185)),""Reste réel"","""")"
Juillet 2026;185;D;D185;;"=IF(AND(NOT(ISBLANK($G184)),ISBLANK($G185)),$C$42-$H$40-$F$42,"""")"
Juillet 2026;185;J;J185;0;"=IF(I185=""x"",H185,0)"
Juillet 2026;186;A;A186;;"=IF(AND(NOT(ISBLANK(G185)),ISBLANK(G186)),""Reste prévu"","""")"
Juillet 2026;186;B;B186;;"=IF(AND(NOT(ISBLANK($G185)),ISBLANK($G186)),$C$42-$F$40-$F$42,"""")"
Juillet 2026;186;C;C186;;"=IF(AND(NOT(ISBLANK($G185)),ISBLANK($G186)),""Reste réel"","""")"
Juillet 2026;186;D;D186;;"=IF(AND(NOT(ISBLANK($G185)),ISBLANK($G186)),$C$42-$H$40-$F$42,"""")"
Juillet 2026;186;J;J186;0;"=IF(I186=""x"",H186,0)"
Juillet 2026;187;A;A187;;"=IF(AND(NOT(ISBLANK(G186)),ISBLANK(G187)),""Reste prévu"","""")"
Juillet 2026;187;B;B187;;"=IF(AND(NOT(ISBLANK($G186)),ISBLANK($G187)),$C$42-$F$40-$F$42,"""")"
Juillet 2026;187;C;C187;;"=IF(AND(NOT(ISBLANK($G186)),ISBLANK($G187)),""Reste réel"","""")"
Juillet 2026;187;D;D187;;"=IF(AND(NOT(ISBLANK($G186)),ISBLANK($G187)),$C$42-$H$40-$F$42,"""")"
Juillet 2026;187;J;J187;0;"=IF(I187=""x"",H187,0)"
Juillet 2026;188;A;A188;;"=IF(AND(NOT(ISBLANK(G187)),ISBLANK(G188)),""Reste prévu"","""")"
Juillet 2026;188;B;B188;;"=IF(AND(NOT(ISBLANK($G187)),ISBLANK($G188)),$C$42-$F$40-$F$42,"""")"
Juillet 2026;188;C;C188;;"=IF(AND(NOT(ISBLANK($G187)),ISBLANK($G188)),""Reste réel"","""")"
Juillet 2026;188;D;D188;;"=IF(AND(NOT(ISBLANK($G187)),ISBLANK($G188)),$C$42-$H$40-$F$42,"""")"
Juillet 2026;188;J;J188;0;"=IF(I188=""x"",H188,0)"
Juillet 2026;189;A;A189;;"=IF(AND(NOT(ISBLANK(G188)),ISBLANK(G189)),""Reste prévu"","""")"
Juillet 2026;189;B;B189;;"=IF(AND(NOT(ISBLANK($G188)),ISBLANK($G189)),$C$42-$F$40-$F$42,"""")"
Juillet 2026;189;C;C189;;"=IF(AND(NOT(ISBLANK($G188)),ISBLANK($G189)),""Reste réel"","""")"
Juillet 2026;189;D;D189;;"=IF(AND(NOT(ISBLANK($G188)),ISBLANK($G189)),$C$42-$H$40-$F$42,"""")"
Juillet 2026;189;J;J189;0;"=IF(I189=""x"",H189,0)"
Juillet 2026;190;A;A190;;"=IF(AND(NOT(ISBLANK(G189)),ISBLANK(G190)),""Reste prévu"","""")"
Juillet 2026;190;B;B190;;"=IF(AND(NOT(ISBLANK($G189)),ISBLANK($G190)),$C$42-$F$40-$F$42,"""")"
Juillet 2026;190;C;C190;;"=IF(AND(NOT(ISBLANK($G189)),ISBLANK($G190)),""Reste réel"","""")"
Juillet 2026;190;D;D190;;"=IF(AND(NOT(ISBLANK($G189)),ISBLANK($G190)),$C$42-$H$40-$F$42,"""")"
Juillet 2026;190;J;J190;0;"=IF(I190=""x"",H190,0)"
Juillet 2026;191;A;A191;;"=IF(AND(NOT(ISBLANK(G190)),ISBLANK(G191)),""Reste prévu"","""")"
Juillet 2026;191;B;B191;;"=IF(AND(NOT(ISBLANK($G190)),ISBLANK($G191)),$C$42-$F$40-$F$42,"""")"
Juillet 2026;191;C;C191;;"=IF(AND(NOT(ISBLANK($G190)),ISBLANK($G191)),""Reste réel"","""")"
Juillet 2026;191;D;D191;;"=IF(AND(NOT(ISBLANK($G190)),ISBLANK($G191)),$C$42-$H$40-$F$42,"""")"
Juillet 2026;191;J;J191;0;"=IF(I191=""x"",H191,0)"
Juillet 2026;192;A;A192;;"=IF(AND(NOT(ISBLANK(G191)),ISBLANK(G192)),""Reste prévu"","""")"
Juillet 2026;192;B;B192;;"=IF(AND(NOT(ISBLANK($G191)),ISBLANK($G192)),$C$42-$F$40-$F$42,"""")"
Juillet 2026;192;C;C192;;"=IF(AND(NOT(ISBLANK($G191)),ISBLANK($G192)),""Reste réel"","""")"
Juillet 2026;192;D;D192;;"=IF(AND(NOT(ISBLANK($G191)),ISBLANK($G192)),$C$42-$H$40-$F$42,"""")"
Juillet 2026;192;J;J192;0;"=IF(I192=""x"",H192,0)"
Juillet 2026;193;A;A193;;"=IF(AND(NOT(ISBLANK(G192)),ISBLANK(G193)),""Reste prévu"","""")"
Juillet 2026;193;B;B193;;"=IF(AND(NOT(ISBLANK($G192)),ISBLANK($G193)),$C$42-$F$40-$F$42,"""")"
Juillet 2026;193;C;C193;;"=IF(AND(NOT(ISBLANK($G192)),ISBLANK($G193)),""Reste réel"","""")"
Juillet 2026;193;D;D193;;"=IF(AND(NOT(ISBLANK($G192)),ISBLANK($G193)),$C$42-$H$40-$F$42,"""")"
Juillet 2026;193;J;J193;0;"=IF(I193=""x"",H193,0)"
Juillet 2026;194;A;A194;;"=IF(AND(NOT(ISBLANK(G193)),ISBLANK(G194)),""Reste prévu"","""")"
Juillet 2026;194;B;B194;;"=IF(AND(NOT(ISBLANK($G193)),ISBLANK($G194)),$C$42-$F$40-$F$42,"""")"
Juillet 2026;194;C;C194;;"=IF(AND(NOT(ISBLANK($G193)),ISBLANK($G194)),""Reste réel"","""")"
Juillet 2026;194;D;D194;;"=IF(AND(NOT(ISBLANK($G193)),ISBLANK($G194)),$C$42-$H$40-$F$42,"""")"
Juillet 2026;194;J;J194;0;"=IF(I194=""x"",H194,0)"
Juillet 2026;195;A;A195;;"=IF(AND(NOT(ISBLANK(G194)),ISBLANK(G195)),""Reste prévu"","""")"
Juillet 2026;195;B;B195;;"=IF(AND(NOT(ISBLANK($G194)),ISBLANK($G195)),$C$42-$F$40-$F$42,"""")"
Juillet 2026;195;C;C195;;"=IF(AND(NOT(ISBLANK($G194)),ISBLANK($G195)),""Reste réel"","""")"
Juillet 2026;195;D;D195;;"=IF(AND(NOT(ISBLANK($G194)),ISBLANK($G195)),$C$42-$H$40-$F$42,"""")"
Juillet 2026;195;J;J195;0;"=IF(I195=""x"",H195,0)"
Juillet 2026;196;A;A196;;"=IF(AND(NOT(ISBLANK(G195)),ISBLANK(G196)),""Reste prévu"","""")"
Juillet 2026;196;B;B196;;"=IF(AND(NOT(ISBLANK($G195)),ISBLANK($G196)),$C$42-$F$40-$F$42,"""")"
Juillet 2026;196;C;C196;;"=IF(AND(NOT(ISBLANK($G195)),ISBLANK($G196)),""Reste réel"","""")"
Juillet 2026;196;D;D196;;"=IF(AND(NOT(ISBLANK($G195)),ISBLANK($G196)),$C$42-$H$40-$F$42,"""")"
Juillet 2026;196;J;J196;0;"=IF(I196=""x"",H196,0)"
Juillet 2026;197;A;A197;;"=IF(AND(NOT(ISBLANK(G196)),ISBLANK(G197)),""Reste prévu"","""")"
Juillet 2026;197;B;B197;;"=IF(AND(NOT(ISBLANK($G196)),ISBLANK($G197)),$C$42-$F$40-$F$42,"""")"
Juillet 2026;197;C;C197;;"=IF(AND(NOT(ISBLANK($G196)),ISBLANK($G197)),""Reste réel"","""")"
Juillet 2026;197;D;D197;;"=IF(AND(NOT(ISBLANK($G196)),ISBLANK($G197)),$C$42-$H$40-$F$42,"""")"
Juillet 2026;197;J;J197;0;"=IF(I197=""x"",H197,0)"
Juillet 2026;198;A;A198;;"=IF(AND(NOT(ISBLANK(G197)),ISBLANK(G198)),""Reste prévu"","""")"
Juillet 2026;198;B;B198;;"=IF(AND(NOT(ISBLANK($G197)),ISBLANK($G198)),$C$42-$F$40-$F$42,"""")"
Juillet 2026;198;C;C198;;"=IF(AND(NOT(ISBLANK($G197)),ISBLANK($G198)),""Reste réel"","""")"
Juillet 2026;198;D;D198;;"=IF(AND(NOT(ISBLANK($G197)),ISBLANK($G198)),$C$42-$H$40-$F$42,"""")"
Juillet 2026;198;J;J198;0;"=IF(I198=""x"",H198,0)"
Juillet 2026;199;A;A199;;"=IF(AND(NOT(ISBLANK(G198)),ISBLANK(G199)),""Reste prévu"","""")"
Juillet 2026;199;B;B199;;"=IF(AND(NOT(ISBLANK($G198)),ISBLANK($G199)),$C$42-$F$40-$F$42,"""")"
Juillet 2026;199;C;C199;;"=IF(AND(NOT(ISBLANK($G198)),ISBLANK($G199)),""Reste réel"","""")"
Juillet 2026;199;D;D199;;"=IF(AND(NOT(ISBLANK($G198)),ISBLANK($G199)),$C$42-$H$40-$F$42,"""")"
Juillet 2026;199;J;J199;0;"=IF(I199=""x"",H199,0)"
Juillet 2026;200;A;A200;;"=IF(AND(NOT(ISBLANK(G199)),ISBLANK(G200)),""Reste prévu"","""")"
Juillet 2026;200;B;B200;;"=IF(AND(NOT(ISBLANK($G199)),ISBLANK($G200)),$C$42-$F$40-$F$42,"""")"
Juillet 2026;200;C;C200;;"=IF(AND(NOT(ISBLANK($G199)),ISBLANK($G200)),""Reste réel"","""")"
Juillet 2026;200;D;D200;;"=IF(AND(NOT(ISBLANK($G199)),ISBLANK($G200)),$C$42-$H$40-$F$42,"""")"
Juillet 2026;200;J;J200;0;"=IF(I200=""x"",H200,0)"
Juillet 2026;201;A;A201;;"=IF(AND(NOT(ISBLANK(G200)),ISBLANK(G201)),""Reste prévu"","""")"
Juillet 2026;201;B;B201;;"=IF(AND(NOT(ISBLANK($G200)),ISBLANK($G201)),$C$42-$F$40-$F$42,"""")"
Juillet 2026;201;C;C201;;"=IF(AND(NOT(ISBLANK($G200)),ISBLANK($G201)),""Reste réel"","""")"
Juillet 2026;201;D;D201;;"=IF(AND(NOT(ISBLANK($G200)),ISBLANK($G201)),$C$42-$H$40-$F$42,"""")"
Juillet 2026;201;J;J201;0;"=IF(I201=""x"",H201,0)"
Juillet 2026;202;A;A202;;"=IF(AND(NOT(ISBLANK(G201)),ISBLANK(G202)),""Reste prévu"","""")"
Juillet 2026;202;B;B202;;"=IF(AND(NOT(ISBLANK($G201)),ISBLANK($G202)),$C$42-$F$40-$F$42,"""")"
Juillet 2026;202;C;C202;;"=IF(AND(NOT(ISBLANK($G201)),ISBLANK($G202)),""Reste réel"","""")"
Juillet 2026;202;D;D202;;"=IF(AND(NOT(ISBLANK($G201)),ISBLANK($G202)),$C$42-$H$40-$F$42,"""")"
Juillet 2026;202;J;J202;0;"=IF(I202=""x"",H202,0)"
Juillet 2026;203;A;A203;;"=IF(AND(NOT(ISBLANK(G202)),ISBLANK(G203)),""Reste prévu"","""")"
Juillet 2026;203;B;B203;;"=IF(AND(NOT(ISBLANK($G202)),ISBLANK($G203)),$C$42-$F$40-$F$42,"""")"
Juillet 2026;203;C;C203;;"=IF(AND(NOT(ISBLANK($G202)),ISBLANK($G203)),""Reste réel"","""")"
Juillet 2026;203;D;D203;;"=IF(AND(NOT(ISBLANK($G202)),ISBLANK($G203)),$C$42-$H$40-$F$42,"""")"
Juillet 2026;203;J;J203;0;"=IF(I203=""x"",H203,0)"
Juillet 2026;204;A;A204;;"=IF(AND(NOT(ISBLANK(G203)),ISBLANK(G204)),""Reste prévu"","""")"
Juillet 2026;204;B;B204;;"=IF(AND(NOT(ISBLANK($G203)),ISBLANK($G204)),$C$42-$F$40-$F$42,"""")"
Juillet 2026;204;C;C204;;"=IF(AND(NOT(ISBLANK($G203)),ISBLANK($G204)),""Reste réel"","""")"
Juillet 2026;204;D;D204;;"=IF(AND(NOT(ISBLANK($G203)),ISBLANK($G204)),$C$42-$H$40-$F$42,"""")"
Juillet 2026;204;J;J204;0;"=IF(I204=""x"",H204,0)"
Juillet 2026;205;A;A205;;"=IF(AND(NOT(ISBLANK(G204)),ISBLANK(G205)),""Reste prévu"","""")"
Juillet 2026;205;B;B205;;"=IF(AND(NOT(ISBLANK($G204)),ISBLANK($G205)),$C$42-$F$40-$F$42,"""")"
Juillet 2026;205;C;C205;;"=IF(AND(NOT(ISBLANK($G204)),ISBLANK($G205)),""Reste réel"","""")"
Juillet 2026;205;D;D205;;"=IF(AND(NOT(ISBLANK($G204)),ISBLANK($G205)),$C$42-$H$40-$F$42,"""")"
Juillet 2026;205;J;J205;0;"=IF(I205=""x"",H205,0)"
Juillet 2026;206;A;A206;;"=IF(AND(NOT(ISBLANK(G205)),ISBLANK(G206)),""Reste prévu"","""")"
Juillet 2026;206;B;B206;;"=IF(AND(NOT(ISBLANK($G205)),ISBLANK($G206)),$C$42-$F$40-$F$42,"""")"
Juillet 2026;206;C;C206;;"=IF(AND(NOT(ISBLANK($G205)),ISBLANK($G206)),""Reste réel"","""")"
Juillet 2026;206;D;D206;;"=IF(AND(NOT(ISBLANK($G205)),ISBLANK($G206)),$C$42-$H$40-$F$42,"""")"
Juillet 2026;206;J;J206;0;"=IF(I206=""x"",H206,0)"
Juillet 2026;207;A;A207;;"=IF(AND(NOT(ISBLANK(G206)),ISBLANK(G207)),""Reste prévu"","""")"
Juillet 2026;207;B;B207;;"=IF(AND(NOT(ISBLANK($G206)),ISBLANK($G207)),$C$42-$F$40-$F$42,"""")"
Juillet 2026;207;C;C207;;"=IF(AND(NOT(ISBLANK($G206)),ISBLANK($G207)),""Reste réel"","""")"
Juillet 2026;207;D;D207;;"=IF(AND(NOT(ISBLANK($G206)),ISBLANK($G207)),$C$42-$H$40-$F$42,"""")"
Juillet 2026;207;J;J207;0;"=IF(I207=""x"",H207,0)"
Juillet 2026;208;A;A208;;"=IF(AND(NOT(ISBLANK(G207)),ISBLANK(G208)),""Reste prévu"","""")"
Juillet 2026;208;B;B208;;"=IF(AND(NOT(ISBLANK($G207)),ISBLANK($G208)),$C$42-$F$40-$F$42,"""")"
Juillet 2026;208;C;C208;;"=IF(AND(NOT(ISBLANK($G207)),ISBLANK($G208)),""Reste réel"","""")"
Juillet 2026;208;D;D208;;"=IF(AND(NOT(ISBLANK($G207)),ISBLANK($G208)),$C$42-$H$40-$F$42,"""")"
Juillet 2026;208;J;J208;0;"=IF(I208=""x"",H208,0)"
Juillet 2026;209;A;A209;;"=IF(AND(NOT(ISBLANK(G208)),ISBLANK(G209)),""Reste prévu"","""")"
Juillet 2026;209;B;B209;;"=IF(AND(NOT(ISBLANK($G208)),ISBLANK($G209)),$C$42-$F$40-$F$42,"""")"
Juillet 2026;209;C;C209;;"=IF(AND(NOT(ISBLANK($G208)),ISBLANK($G209)),""Reste réel"","""")"
Juillet 2026;209;D;D209;;"=IF(AND(NOT(ISBLANK($G208)),ISBLANK($G209)),$C$42-$H$40-$F$42,"""")"
Juillet 2026;209;J;J209;0;"=IF(I209=""x"",H209,0)"
Juillet 2026;210;A;A210;;"=IF(AND(NOT(ISBLANK(G209)),ISBLANK(G210)),""Reste prévu"","""")"
Juillet 2026;210;B;B210;;"=IF(AND(NOT(ISBLANK($G209)),ISBLANK($G210)),$C$42-$F$40-$F$42,"""")"
Juillet 2026;210;C;C210;;"=IF(AND(NOT(ISBLANK($G209)),ISBLANK($G210)),""Reste réel"","""")"
Juillet 2026;210;D;D210;;"=IF(AND(NOT(ISBLANK($G209)),ISBLANK($G210)),$C$42-$H$40-$F$42,"""")"
Juillet 2026;210;J;J210;0;"=IF(I210=""x"",H210,0)"
Juillet 2026;211;A;A211;;"=IF(AND(NOT(ISBLANK(G210)),ISBLANK(G211)),""Reste prévu"","""")"
Juillet 2026;211;B;B211;;"=IF(AND(NOT(ISBLANK($G210)),ISBLANK($G211)),$C$42-$F$40-$F$42,"""")"
Juillet 2026;211;C;C211;;"=IF(AND(NOT(ISBLANK($G210)),ISBLANK($G211)),""Reste réel"","""")"
Juillet 2026;211;D;D211;;"=IF(AND(NOT(ISBLANK($G210)),ISBLANK($G211)),$C$42-$H$40-$F$42,"""")"
Juillet 2026;211;J;J211;0;"=IF(I211=""x"",H211,0)"
Juillet 2026;212;A;A212;;"=IF(AND(NOT(ISBLANK(G211)),ISBLANK(G212)),""Reste prévu"","""")"
Juillet 2026;212;B;B212;;"=IF(AND(NOT(ISBLANK($G211)),ISBLANK($G212)),$C$42-$F$40-$F$42,"""")"
Juillet 2026;212;C;C212;;"=IF(AND(NOT(ISBLANK($G211)),ISBLANK($G212)),""Reste réel"","""")"
Juillet 2026;212;D;D212;;"=IF(AND(NOT(ISBLANK($G211)),ISBLANK($G212)),$C$42-$H$40-$F$42,"""")"
Juillet 2026;212;J;J212;0;"=IF(I212=""x"",H212,0)"
Juillet 2026;213;A;A213;;"=IF(AND(NOT(ISBLANK(G212)),ISBLANK(G213)),""Reste prévu"","""")"
Juillet 2026;213;B;B213;;"=IF(AND(NOT(ISBLANK($G212)),ISBLANK($G213)),$C$42-$F$40-$F$42,"""")"
Juillet 2026;213;C;C213;;"=IF(AND(NOT(ISBLANK($G212)),ISBLANK($G213)),""Reste réel"","""")"
Juillet 2026;213;D;D213;;"=IF(AND(NOT(ISBLANK($G212)),ISBLANK($G213)),$C$42-$H$40-$F$42,"""")"
Juillet 2026;213;J;J213;0;"=IF(I213=""x"",H213,0)"
Juillet 2026;214;A;A214;;"=IF(AND(NOT(ISBLANK(G213)),ISBLANK(G214)),""Reste prévu"","""")"
Juillet 2026;214;B;B214;;"=IF(AND(NOT(ISBLANK($G213)),ISBLANK($G214)),$C$42-$F$40-$F$42,"""")"
Juillet 2026;214;C;C214;;"=IF(AND(NOT(ISBLANK($G213)),ISBLANK($G214)),""Reste réel"","""")"
Juillet 2026;214;D;D214;;"=IF(AND(NOT(ISBLANK($G213)),ISBLANK($G214)),$C$42-$H$40-$F$42,"""")"
Juillet 2026;214;J;J214;0;"=IF(I214=""x"",H214,0)"
Juillet 2026;215;A;A215;;"=IF(AND(NOT(ISBLANK(G214)),ISBLANK(G215)),""Reste prévu"","""")"
Juillet 2026;215;B;B215;;"=IF(AND(NOT(ISBLANK($G214)),ISBLANK($G215)),$C$42-$F$40-$F$42,"""")"
Juillet 2026;215;C;C215;;"=IF(AND(NOT(ISBLANK($G214)),ISBLANK($G215)),""Reste réel"","""")"
Juillet 2026;215;D;D215;;"=IF(AND(NOT(ISBLANK($G214)),ISBLANK($G215)),$C$42-$H$40-$F$42,"""")"
Juillet 2026;216;A;A216;;"=IF(AND(NOT(ISBLANK(G215)),ISBLANK(G216)),""Reste prévu"","""")"
Juillet 2026;216;B;B216;;"=IF(AND(NOT(ISBLANK($G215)),ISBLANK($G216)),$C$42-$F$40-$F$42,"""")"
Juillet 2026;216;C;C216;;"=IF(AND(NOT(ISBLANK($G215)),ISBLANK($G216)),""Reste réel"","""")"
Juillet 2026;216;D;D216;;"=IF(AND(NOT(ISBLANK($G215)),ISBLANK($G216)),$C$42-$H$40-$F$42,"""")"
Juillet 2026;217;A;A217;;"=IF(AND(NOT(ISBLANK(G216)),ISBLANK(G217)),""Reste prévu"","""")"
Juillet 2026;217;B;B217;;"=IF(AND(NOT(ISBLANK($G216)),ISBLANK($G217)),$C$42-$F$40-$F$42,"""")"
Juillet 2026;217;C;C217;;"=IF(AND(NOT(ISBLANK($G216)),ISBLANK($G217)),""Reste réel"","""")"
Juillet 2026;217;D;D217;;"=IF(AND(NOT(ISBLANK($G216)),ISBLANK($G217)),$C$42-$H$40-$F$42,"""")"
Juillet 2026;218;A;A218;;"=IF(AND(NOT(ISBLANK(G217)),ISBLANK(G218)),""Reste prévu"","""")"
Juillet 2026;218;B;B218;;"=IF(AND(NOT(ISBLANK($G217)),ISBLANK($G218)),$C$42-$F$40-$F$42,"""")"
Juillet 2026;218;C;C218;;"=IF(AND(NOT(ISBLANK($G217)),ISBLANK($G218)),""Reste réel"","""")"
Juillet 2026;218;D;D218;;"=IF(AND(NOT(ISBLANK($G217)),ISBLANK($G218)),$C$42-$H$40-$F$42,"""")"
Juillet 2026;219;A;A219;;"=IF(AND(NOT(ISBLANK(G218)),ISBLANK(G219)),""Reste prévu"","""")"
Juillet 2026;219;B;B219;;"=IF(AND(NOT(ISBLANK($G218)),ISBLANK($G219)),$C$42-$F$40-$F$42,"""")"
Juillet 2026;219;C;C219;;"=IF(AND(NOT(ISBLANK($G218)),ISBLANK($G219)),""Reste réel"","""")"
Juillet 2026;219;D;D219;;"=IF(AND(NOT(ISBLANK($G218)),ISBLANK($G219)),$C$42-$H$40-$F$42,"""")"
Juillet 2026;220;A;A220;;"=IF(AND(NOT(ISBLANK(G219)),ISBLANK(G220)),""Reste prévu"","""")"
Juillet 2026;220;B;B220;;"=IF(AND(NOT(ISBLANK($G219)),ISBLANK($G220)),$C$42-$F$40-$F$42,"""")"
Juillet 2026;220;C;C220;;"=IF(AND(NOT(ISBLANK($G219)),ISBLANK($G220)),""Reste réel"","""")"
Juillet 2026;220;D;D220;;"=IF(AND(NOT(ISBLANK($G219)),ISBLANK($G220)),$C$42-$H$40-$F$42,"""")"
Juillet 2026;221;A;A221;;"=IF(AND(NOT(ISBLANK(G220)),ISBLANK(G221)),""Reste prévu"","""")"
Juillet 2026;221;B;B221;;"=IF(AND(NOT(ISBLANK($G220)),ISBLANK($G221)),$C$42-$F$40-$F$42,"""")"
Juillet 2026;221;C;C221;;"=IF(AND(NOT(ISBLANK($G220)),ISBLANK($G221)),""Reste réel"","""")"
Juillet 2026;221;D;D221;;"=IF(AND(NOT(ISBLANK($G220)),ISBLANK($G221)),$C$42-$H$40-$F$42,"""")"
Juillet 2026;222;A;A222;;"=IF(AND(NOT(ISBLANK(G221)),ISBLANK(G222)),""Reste prévu"","""")"
Juillet 2026;222;B;B222;;"=IF(AND(NOT(ISBLANK($G221)),ISBLANK($G222)),$C$42-$F$40-$F$42,"""")"
Juillet 2026;222;C;C222;;"=IF(AND(NOT(ISBLANK($G221)),ISBLANK($G222)),""Reste réel"","""")"
Juillet 2026;222;D;D222;;"=IF(AND(NOT(ISBLANK($G221)),ISBLANK($G222)),$C$42-$H$40-$F$42,"""")"
Juillet 2026;223;A;A223;;"=IF(AND(NOT(ISBLANK(G222)),ISBLANK(G223)),""Reste prévu"","""")"
Juillet 2026;223;B;B223;;"=IF(AND(NOT(ISBLANK($G222)),ISBLANK($G223)),$C$42-$F$40-$F$42,"""")"
Juillet 2026;223;C;C223;;"=IF(AND(NOT(ISBLANK($G222)),ISBLANK($G223)),""Reste réel"","""")"
Juillet 2026;223;D;D223;;"=IF(AND(NOT(ISBLANK($G222)),ISBLANK($G223)),$C$42-$H$40-$F$42,"""")"
Juillet 2026;224;A;A224;;"=IF(AND(NOT(ISBLANK(G223)),ISBLANK(G224)),""Reste prévu"","""")"
Juillet 2026;224;B;B224;;"=IF(AND(NOT(ISBLANK($G223)),ISBLANK($G224)),$C$42-$F$40-$F$42,"""")"
Juillet 2026;224;C;C224;;"=IF(AND(NOT(ISBLANK($G223)),ISBLANK($G224)),""Reste réel"","""")"
Juillet 2026;224;D;D224;;"=IF(AND(NOT(ISBLANK($G223)),ISBLANK($G224)),$C$42-$H$40-$F$42,"""")"
Juillet 2026;225;A;A225;;"=IF(AND(NOT(ISBLANK(G224)),ISBLANK(G225)),""Reste prévu"","""")"
Juillet 2026;225;B;B225;;"=IF(AND(NOT(ISBLANK($G224)),ISBLANK($G225)),$C$42-$F$40-$F$42,"""")"
Juillet 2026;225;C;C225;;"=IF(AND(NOT(ISBLANK($G224)),ISBLANK($G225)),""Reste réel"","""")"
Juillet 2026;225;D;D225;;"=IF(AND(NOT(ISBLANK($G224)),ISBLANK($G225)),$C$42-$H$40-$F$42,"""")"
Juillet 2026;226;A;A226;;"=IF(AND(NOT(ISBLANK(G225)),ISBLANK(G226)),""Reste prévu"","""")"
Juillet 2026;226;B;B226;;"=IF(AND(NOT(ISBLANK($G225)),ISBLANK($G226)),$C$42-$F$40-$F$42,"""")"
Juillet 2026;226;C;C226;;"=IF(AND(NOT(ISBLANK($G225)),ISBLANK($G226)),""Reste réel"","""")"
Juillet 2026;226;D;D226;;"=IF(AND(NOT(ISBLANK($G225)),ISBLANK($G226)),$C$42-$H$40-$F$42,"""")"
Juillet 2026;227;A;A227;;"=IF(AND(NOT(ISBLANK(G226)),ISBLANK(G227)),""Reste prévu"","""")"
Juillet 2026;227;B;B227;;"=IF(AND(NOT(ISBLANK($G226)),ISBLANK($G227)),$C$42-$F$40-$F$42,"""")"
Juillet 2026;227;C;C227;;"=IF(AND(NOT(ISBLANK($G226)),ISBLANK($G227)),""Reste réel"","""")"
Juillet 2026;227;D;D227;;"=IF(AND(NOT(ISBLANK($G226)),ISBLANK($G227)),$C$42-$H$40-$F$42,"""")"
Juillet 2026;228;A;A228;;"=IF(AND(NOT(ISBLANK(G227)),ISBLANK(G228)),""Reste prévu"","""")"
Juillet 2026;228;B;B228;;"=IF(AND(NOT(ISBLANK($G227)),ISBLANK($G228)),$C$42-$F$40-$F$42,"""")"
Juillet 2026;228;C;C228;;"=IF(AND(NOT(ISBLANK($G227)),ISBLANK($G228)),""Reste réel"","""")"
Juillet 2026;228;D;D228;;"=IF(AND(NOT(ISBLANK($G227)),ISBLANK($G228)),$C$42-$H$40-$F$42,"""")"
Juillet 2026;229;A;A229;;"=IF(AND(NOT(ISBLANK(G228)),ISBLANK(G229)),""Reste prévu"","""")"
Juillet 2026;229;B;B229;;"=IF(AND(NOT(ISBLANK($G228)),ISBLANK($G229)),$C$42-$F$40-$F$42,"""")"
Juillet 2026;229;C;C229;;"=IF(AND(NOT(ISBLANK($G228)),ISBLANK($G229)),""Reste réel"","""")"
Juillet 2026;229;D;D229;;"=IF(AND(NOT(ISBLANK($G228)),ISBLANK($G229)),$C$42-$H$40-$F$42,"""")"
Juillet 2026;230;A;A230;;"=IF(AND(NOT(ISBLANK(G229)),ISBLANK(G230)),""Reste prévu"","""")"
Juillet 2026;230;B;B230;;"=IF(AND(NOT(ISBLANK($G229)),ISBLANK($G230)),$C$42-$F$40-$F$42,"""")"
Juillet 2026;230;C;C230;;"=IF(AND(NOT(ISBLANK($G229)),ISBLANK($G230)),""Reste réel"","""")"
Juillet 2026;230;D;D230;;"=IF(AND(NOT(ISBLANK($G229)),ISBLANK($G230)),$C$42-$H$40-$F$42,"""")"
Juillet 2026;231;A;A231;;"=IF(AND(NOT(ISBLANK(G230)),ISBLANK(G231)),""Reste prévu"","""")"
Juillet 2026;231;B;B231;;"=IF(AND(NOT(ISBLANK($G230)),ISBLANK($G231)),$C$42-$F$40-$F$42,"""")"
Juillet 2026;231;C;C231;;"=IF(AND(NOT(ISBLANK($G230)),ISBLANK($G231)),""Reste réel"","""")"
Juillet 2026;231;D;D231;;"=IF(AND(NOT(ISBLANK($G230)),ISBLANK($G231)),$C$42-$H$40-$F$42,"""")"
Juillet 2026;232;A;A232;;"=IF(AND(NOT(ISBLANK(G231)),ISBLANK(G232)),""Reste prévu"","""")"
Juillet 2026;232;B;B232;;"=IF(AND(NOT(ISBLANK($G231)),ISBLANK($G232)),$C$42-$F$40-$F$42,"""")"
Juillet 2026;232;C;C232;;"=IF(AND(NOT(ISBLANK($G231)),ISBLANK($G232)),""Reste réel"","""")"
Juillet 2026;232;D;D232;;"=IF(AND(NOT(ISBLANK($G231)),ISBLANK($G232)),$C$42-$H$40-$F$42,"""")"
Juillet 2026;233;A;A233;;"=IF(AND(NOT(ISBLANK(G232)),ISBLANK(G233)),""Reste prévu"","""")"
Juillet 2026;233;B;B233;;"=IF(AND(NOT(ISBLANK($G232)),ISBLANK($G233)),$C$42-$F$40-$F$42,"""")"
Juillet 2026;233;C;C233;;"=IF(AND(NOT(ISBLANK($G232)),ISBLANK($G233)),""Reste réel"","""")"
Juillet 2026;233;D;D233;;"=IF(AND(NOT(ISBLANK($G232)),ISBLANK($G233)),$C$42-$H$40-$F$42,"""")"
Juillet 2026;234;A;A234;;"=IF(AND(NOT(ISBLANK(G233)),ISBLANK(G234)),""Reste prévu"","""")"
Juillet 2026;234;B;B234;;"=IF(AND(NOT(ISBLANK($G233)),ISBLANK($G234)),$C$42-$F$40-$F$42,"""")"
Juillet 2026;234;C;C234;;"=IF(AND(NOT(ISBLANK($G233)),ISBLANK($G234)),""Reste réel"","""")"
Juillet 2026;234;D;D234;;"=IF(AND(NOT(ISBLANK($G233)),ISBLANK($G234)),$C$42-$H$40-$F$42,"""")"
Juillet 2026;235;A;A235;;"=IF(AND(NOT(ISBLANK(G234)),ISBLANK(G235)),""Reste prévu"","""")"
Juillet 2026;235;B;B235;;"=IF(AND(NOT(ISBLANK($G234)),ISBLANK($G235)),$C$42-$F$40-$F$42,"""")"
Juillet 2026;235;C;C235;;"=IF(AND(NOT(ISBLANK($G234)),ISBLANK($G235)),""Reste réel"","""")"
Juillet 2026;235;D;D235;;"=IF(AND(NOT(ISBLANK($G234)),ISBLANK($G235)),$C$42-$H$40-$F$42,"""")"
Juillet 2026;236;A;A236;;"=IF(AND(NOT(ISBLANK(G235)),ISBLANK(G236)),""Reste prévu"","""")"
Juillet 2026;236;B;B236;;"=IF(AND(NOT(ISBLANK($G235)),ISBLANK($G236)),$C$42-$F$40-$F$42,"""")"
Juillet 2026;236;C;C236;;"=IF(AND(NOT(ISBLANK($G235)),ISBLANK($G236)),""Reste réel"","""")"
Juillet 2026;236;D;D236;;"=IF(AND(NOT(ISBLANK($G235)),ISBLANK($G236)),$C$42-$H$40-$F$42,"""")"
Juillet 2026;237;A;A237;;"=IF(AND(NOT(ISBLANK(G236)),ISBLANK(G237)),""Reste prévu"","""")"
Juillet 2026;237;B;B237;;"=IF(AND(NOT(ISBLANK($G236)),ISBLANK($G237)),$C$42-$F$40-$F$42,"""")"
Juillet 2026;237;C;C237;;"=IF(AND(NOT(ISBLANK($G236)),ISBLANK($G237)),""Reste réel"","""")"
Juillet 2026;237;D;D237;;"=IF(AND(NOT(ISBLANK($G236)),ISBLANK($G237)),$C$42-$H$40-$F$42,"""")"
Juin 2026;1;B;B1;Recettes;
Juin 2026;1;E;E1;Dépenses;
Juin 2026;1;K;K1;Cadeau;
Juin 2026;3;B;B3;Salaire Pierre;
Juin 2026;3;C;C3;5273.11;
Juin 2026;3;E;E3;Loyer Elouen;
Juin 2026;3;F;F3;669.7;
Juin 2026;3;G;G3;x;
Juin 2026;3;H;H3;669.7;"=IF(G3=""x"",F3,0)"
Juin 2026;3;K;K3;Logement;
Juin 2026;4;B;B4;Salaire Sterenn;
Juin 2026;4;C;C4;1828.73;
Juin 2026;4;E;E4;Argent de poche Elouen;
Juin 2026;4;H;H4;0;"=IF(G4=""x"",F4,0)"
Juin 2026;4;K;K4;Charges;
Juin 2026;5;B;B5;CAF;
Juin 2026;5;C;C5;114.19;
Juin 2026;5;E;E5;Engie Elouen;
Juin 2026;5;F;F5;70;
Juin 2026;5;G;G5;x;
Juin 2026;5;H;H5;70;"=IF(G5=""x"",F5,0)"
Juin 2026;5;K;K5;Charges;
Juin 2026;6;E;E6;Argent de poche Arthur;
Juin 2026;6;F;F6;14.99;
Juin 2026;6;G;G6;x;
Juin 2026;6;H;H6;14.99;"=IF(G6=""x"",F6,0)"
Juin 2026;6;K;K6;Charges;
Juin 2026;7;E;E7;Prêt 25 ;
Juin 2026;7;F;F7;995.15;
Juin 2026;7;G;G7;x;
Juin 2026;7;H;H7;995.15;"=IF(G7=""x"",F7,0)"
Juin 2026;7;K;K7;Logement;
Juin 2026;8;E;E8;Prêt 15;
Juin 2026;8;F;F8;883.42;
Juin 2026;8;G;G8;x;
Juin 2026;8;H;H8;883.42;"=IF(G8=""x"",F8,0)"
Juin 2026;8;K;K8;Logement;
Juin 2026;9;B;B9;Mutuelle;
Juin 2026;9;C;C9;9.45;
Juin 2026;9;E;E9;Assurances prêt;
Juin 2026;9;F;F9;11.46;
Juin 2026;9;G;G9;x;
Juin 2026;9;H;H9;11.46;"=IF(G9=""x"",F9,0)"
Juin 2026;9;K;K9;Logement;
Juin 2026;10;B;B10;Note de Frais Igienair;
Juin 2026;10;C;C10;76.64;
Juin 2026;10;E;E10;Assurances prêt;
Juin 2026;10;F;F10;32.57;
Juin 2026;10;G;G10;x;
Juin 2026;10;H;H10;32.57;"=IF(G10=""x"",F10,0)"
Juin 2026;10;K;K10;Logement;
Juin 2026;11;B;B11;Mutuelle;
Juin 2026;11;C;C11;9;
Juin 2026;11;E;E11;Assurances prêt;
Juin 2026;11;F;F11;79.98;
Juin 2026;11;G;G11;x;
Juin 2026;11;H;H11;79.98;"=IF(G11=""x"",F11,0)"
Juin 2026;11;K;K11;Logement;
Juin 2026;12;B;B12;Remboursement Amazon;
Juin 2026;12;C;C12;43.34;
Juin 2026;12;E;E12;Assurances prêt;
Juin 2026;12;F;F12;28.49;
Juin 2026;12;G;G12;x;
Juin 2026;12;H;H12;28.49;"=IF(G12=""x"",F12,0)"
Juin 2026;12;K;K12;Logement;
Juin 2026;13;B;B13;Padel Edouard;
Juin 2026;13;C;C13;4;
Juin 2026;13;E;E13;Disney;
Juin 2026;13;F;F13;6.99;
Juin 2026;13;G;G13;x;
Juin 2026;13;H;H13;6.99;"=IF(G13=""x"",F13,0)"
Juin 2026;13;K;K13;Internet/Téléphone;
Juin 2026;14;B;B14;Padel Didier;
Juin 2026;14;C;C14;4;
Juin 2026;14;E;E14;EDF Arthur;
Juin 2026;14;F;F14;65;
Juin 2026;14;G;G14;x;
Juin 2026;14;H;H14;65;"=IF(G14=""x"",F14,0)"
Juin 2026;14;K;K14;Charges;
Juin 2026;15;B;B15;Note de Frais Cap;
Juin 2026;15;C;C15;57.3;
Juin 2026;15;E;E15;EkWateur;
Juin 2026;15;F;F15;208;
Juin 2026;15;G;G15;x;
Juin 2026;15;H;H15;208;"=IF(G15=""x"",F15,0)"
Juin 2026;15;K;K15;Charges;
Juin 2026;16;B;B16;Mutuelle Elouen;
Juin 2026;16;C;C16;30.9;
Juin 2026;16;E;E16;Sosh Maison;
Juin 2026;16;F;F16;24.99;
Juin 2026;16;G;G16;x;
Juin 2026;16;H;H16;24.99;"=IF(G16=""x"",F16,0)"
Juin 2026;16;K;K16;Internet/Téléphone;
Juin 2026;17;B;B17;Epargne;
Juin 2026;17;C;C17;500;
Juin 2026;17;E;E17;Sosh Arthur;
Juin 2026;17;F;F17;14.99;
Juin 2026;17;G;G17;x;
Juin 2026;17;H;H17;14.99;"=IF(G17=""x"",F17,0)"
Juin 2026;17;K;K17;Internet/Téléphone;
Juin 2026;18;B;B18;Epargne;
Juin 2026;18;C;C18;300;
Juin 2026;18;E;E18;Sosh Ael;
Juin 2026;18;F;F18;14.99;
Juin 2026;18;H;H18;0;"=IF(G18=""x"",F18,0)"
Juin 2026;18;K;K18;Internet/Téléphone;
Juin 2026;19;B;B19;Remboursement MicroOnde Papa;
Juin 2026;19;C;C19;91;
Juin 2026;19;E;E19;Sosh Elouen;
Juin 2026;19;F;F19;14.99;
Juin 2026;19;G;G19;x;
Juin 2026;19;H;H19;14.99;"=IF(G19=""x"",F19,0)"
Juin 2026;19;K;K19;Internet/Téléphone;
Juin 2026;20;B;B20;CPAM;
Juin 2026;20;C;C20;4;
Juin 2026;20;E;E20;Sosh Sterenn;
Juin 2026;20;F;F20;10.99;
Juin 2026;20;G;G20;x;
Juin 2026;20;H;H20;10.99;"=IF(G20=""x"",F20,0)"
Juin 2026;20;K;K20;Internet/Téléphone;
Juin 2026;21;B;B21;Remboursement Ael;
Juin 2026;21;C;C21;168;
Juin 2026;21;E;E21;Mutuelle;
Juin 2026;21;F;F21;104.98;
Juin 2026;21;G;G21;x;
Juin 2026;21;H;H21;104.98;"=IF(G21=""x"",F21,0)"
Juin 2026;21;K;K21;Assurances/Mutuelle;
Juin 2026;23;E;E23;AxaHabitation;
Juin 2026;23;F;F23;62.88;
Juin 2026;23;G;G23;x;
Juin 2026;23;H;H23;62.88;"=IF(G23=""x"",F23,0)"
Juin 2026;23;K;K23;Assurances/Mutuelle;
Juin 2026;24;E;E24;VW LDD;
Juin 2026;24;F;F24;331.65;
Juin 2026;24;G;G24;x;
Juin 2026;24;H;H24;331.65;"=IF(G24=""x"",F24,0)"
Juin 2026;24;K;K24;Voiture/Déplacement;
Juin 2026;25;E;E25;Axa Voiture;
Juin 2026;25;F;F25;88.03;
Juin 2026;25;G;G25;x;
Juin 2026;25;H;H25;88.03;"=IF(G25=""x"",F25,0)"
Juin 2026;25;K;K25;Assurances/Mutuelle;
Juin 2026;26;E;E26;Suravenir Garanties Vie;
Juin 2026;26;F;F26;19;
Juin 2026;26;H;H26;0;"=IF(G26=""x"",F26,0)"
Juin 2026;26;K;K26;Assurances/Mutuelle;
Juin 2026;27;E;E27;Joséphine;
Juin 2026;27;F;F27;20;
Juin 2026;27;G;G27;x;
Juin 2026;27;H;H27;20;"=IF(G27=""x"",F27,0)"
Juin 2026;27;K;K27;Divers;
Juin 2026;28;E;E28;Canal Plus;
Juin 2026;28;F;F28;21.99;
Juin 2026;28;G;G28;x;
Juin 2026;28;H;H28;21.99;"=IF(G28=""x"",F28,0)"
Juin 2026;28;K;K28;Internet/Téléphone;
Juin 2026;29;H;H29;0;"=IF(G29=""x"",F29,0)"
Juin 2026;29;K;K29;Voiture/Déplacement;
Juin 2026;30;E;E30;Keolis Elouen;
Juin 2026;30;F;F30;21.4;
Juin 2026;30;G;G30;x;
Juin 2026;30;H;H30;21.4;"=IF(G30=""x"",F30,0)"
Juin 2026;30;K;K30;Voiture/Déplacement;
Juin 2026;31;E;E31;Apple;
Juin 2026;31;F;F31;0.99;
Juin 2026;31;G;G31;x;
Juin 2026;31;H;H31;0.99;"=IF(G31=""x"",F31,0)"
Juin 2026;31;K;K31;Internet/Téléphone;
Juin 2026;32;E;E32;Apple;
Juin 2026;32;F;F32;0.99;
Juin 2026;32;H;H32;0;"=IF(G32=""x"",F32,0)"
Juin 2026;32;K;K32;Internet/Téléphone;
Juin 2026;33;E;E33;Apple;
Juin 2026;33;F;F33;16.99;
Juin 2026;33;H;H33;0;"=IF(G33=""x"",F33,0)"
Juin 2026;33;K;K33;Internet/Téléphone;
Juin 2026;34;E;E34;St Charles;
Juin 2026;34;F;F34;196.9;
Juin 2026;34;G;G34;x;
Juin 2026;34;H;H34;196.9;"=IF(G34=""x"",F34,0)"
Juin 2026;34;K;K34;Scolarité;
Juin 2026;35;E;E35;Ménage;
Juin 2026;35;F;F35;68;
Juin 2026;35;G;G35;x;
Juin 2026;35;H;H35;68;"=IF(G35=""x"",F35,0)"
Juin 2026;35;K;K35;Logement;
Juin 2026;36;E;E36;Urssaaf;
Juin 2026;36;F;F36;78.43;
Juin 2026;36;G;G36;x;
Juin 2026;36;H;H36;78.43;"=IF(G36=""x"",F36,0)"
Juin 2026;36;K;K36;Logement;
Juin 2026;37;E;E37;Cotisation Eurocompte;
Juin 2026;37;F;F37;19.03;
Juin 2026;37;G;G37;x;
Juin 2026;37;H;H37;19.03;"=IF(G37=""x"",F37,0)"
Juin 2026;37;K;K37;Charges;
Juin 2026;38;E;E38;Indivision;
Juin 2026;38;F;F38;33.89;
Juin 2026;38;G;G38;x;
Juin 2026;38;H;H38;33.89;"=IF(G38=""x"",F38,0)"
Juin 2026;38;K;K38;Charges;
Juin 2026;39;A;A39;Etat mois précédent;
Juin 2026;39;C;C39;#REF!;='Mai 2026'!D44
Juin 2026;40;A;A40;Recettes fixes;
Juin 2026;40;C;C40;7216.03;=SUM(C2:C6)
Juin 2026;40;E;E40;Somme dépenses prévues;
Juin 2026;40;F;F40;4231.8499999999985;=SUM(F2:F38)
Juin 2026;40;G;G40;Somme dépenses réelles;
Juin 2026;40;H;H40;4179.879999999999;=SUM(H2:H38)
Juin 2026;40;I;I40;Delta moins les exceptions;
Juin 2026;41;A;A41;Recettes additionnelles du mois;
Juin 2026;41;C;C41;1297.63;=SUM(C8:C35)
Juin 2026;41;E;E41;Reste previsionnel;
Juin 2026;41;F;F41;#REF!;=C42-F40
Juin 2026;41;G;G41;Delta du mois;
Juin 2026;41;H;H41;#REF!;=C39+C40+C41-H40-F42
Juin 2026;42;A;A42;Total Recettes;
Juin 2026;42;C;C42;#REF!;=SUM(C39:C41)
Juin 2026;42;E;E42;Somme dépenses non prévues;
Juin 2026;42;F;F42;3893.129999999996;=SUM(J44:J247)
Juin 2026;43;A;A43;Reste prévu;
Juin 2026;43;B;B43;#REF!;=$C$42-$F$40-$F$42
Juin 2026;43;C;C43;Reste réel;
Juin 2026;43;D;D43;#REF!;=$C$42-$H$40-$F$42
Juin 2026;44;A;A44;Reste prévu;"=IF(AND(NOT(ISBLANK(#REF!)),ISBLANK(G44)),""Reste prévu"","""")"
Juin 2026;44;B;B44;#REF!;"=IF(AND(NOT(ISBLANK(#REF!)),ISBLANK($G44)),$C$42-$F$40-$F$42,"""")"
Juin 2026;44;C;C44;Reste réel;"=IF(AND(NOT(ISBLANK(#REF!)),ISBLANK($G44)),""Reste réel"","""")"
Juin 2026;44;D;D44;#REF!;"=IF(AND(NOT(ISBLANK(#REF!)),ISBLANK($G44)),$C$42-$H$40-$F$42,"""")"
Juin 2026;44;J;J44;0;"=IF(I44=""x"",H44,0)"
Juin 2026;44;K;K44;Loisirs;
Juin 2026;45;A;A45;;"=IF(AND(NOT(ISBLANK(G44)),ISBLANK(G45)),""Reste prévu"","""")"
Juin 2026;45;B;B45;;"=IF(AND(NOT(ISBLANK($G44)),ISBLANK($G45)),$C$42-$F$40-$F$42,"""")"
Juin 2026;45;C;C45;;"=IF(AND(NOT(ISBLANK($G44)),ISBLANK($G45)),""Reste réel"","""")"
Juin 2026;45;D;D45;;"=IF(AND(NOT(ISBLANK($G44)),ISBLANK($G45)),$C$42-$H$40-$F$42,"""")"
Juin 2026;45;G;G45;Leroy Merlin;
Juin 2026;45;H;H45;5.99;
Juin 2026;45;I;I45;x;
Juin 2026;45;J;J45;5.99;"=IF(I45=""x"",H45,0)"
Juin 2026;45;K;K45;Bricolage/Travaux;
Juin 2026;46;A;A46;;"=IF(AND(NOT(ISBLANK(G45)),ISBLANK(G46)),""Reste prévu"","""")"
Juin 2026;46;B;B46;;"=IF(AND(NOT(ISBLANK($G45)),ISBLANK($G46)),$C$42-$F$40-$F$42,"""")"
Juin 2026;46;C;C46;;"=IF(AND(NOT(ISBLANK($G45)),ISBLANK($G46)),""Reste réel"","""")"
Juin 2026;46;D;D46;;"=IF(AND(NOT(ISBLANK($G45)),ISBLANK($G46)),$C$42-$H$40-$F$42,"""")"
Juin 2026;46;G;G46;Leroy Merlin;
Juin 2026;46;H;H46;31.89;
Juin 2026;46;I;I46;x;
Juin 2026;46;J;J46;31.89;"=IF(I46=""x"",H46,0)"
Juin 2026;46;K;K46;Bricolage/Travaux;
Juin 2026;47;A;A47;;"=IF(AND(NOT(ISBLANK(G46)),ISBLANK(G47)),""Reste prévu"","""")"
Juin 2026;47;B;B47;;"=IF(AND(NOT(ISBLANK($G46)),ISBLANK($G47)),$C$42-$F$40-$F$42,"""")"
Juin 2026;47;C;C47;;"=IF(AND(NOT(ISBLANK($G46)),ISBLANK($G47)),""Reste réel"","""")"
Juin 2026;47;D;D47;;"=IF(AND(NOT(ISBLANK($G46)),ISBLANK($G47)),$C$42-$H$40-$F$42,"""")"
Juin 2026;47;G;G47;Leroy Merlin;
Juin 2026;47;H;H47;35.98;
Juin 2026;47;I;I47;x;
Juin 2026;47;J;J47;35.98;"=IF(I47=""x"",H47,0)"
Juin 2026;47;K;K47;Bricolage/Travaux;
Juin 2026;48;A;A48;;"=IF(AND(NOT(ISBLANK(G47)),ISBLANK(G48)),""Reste prévu"","""")"
Juin 2026;48;B;B48;;"=IF(AND(NOT(ISBLANK($G47)),ISBLANK($G48)),$C$42-$F$40-$F$42,"""")"
Juin 2026;48;C;C48;;"=IF(AND(NOT(ISBLANK($G47)),ISBLANK($G48)),""Reste réel"","""")"
Juin 2026;48;D;D48;;"=IF(AND(NOT(ISBLANK($G47)),ISBLANK($G48)),$C$42-$H$40-$F$42,"""")"
Juin 2026;48;G;G48;Soirée Hand;
Juin 2026;48;H;H48;2;
Juin 2026;48;I;I48;x;
Juin 2026;48;J;J48;2;"=IF(I48=""x"",H48,0)"
Juin 2026;48;K;K48;Loisirs;
Juin 2026;49;A;A49;;"=IF(AND(NOT(ISBLANK(G48)),ISBLANK(G49)),""Reste prévu"","""")"
Juin 2026;49;B;B49;;"=IF(AND(NOT(ISBLANK($G48)),ISBLANK($G49)),$C$42-$F$40-$F$42,"""")"
Juin 2026;49;C;C49;;"=IF(AND(NOT(ISBLANK($G48)),ISBLANK($G49)),""Reste réel"","""")"
Juin 2026;49;D;D49;;"=IF(AND(NOT(ISBLANK($G48)),ISBLANK($G49)),$C$42-$H$40-$F$42,"""")"
Juin 2026;49;G;G49;Soirée Hand;
Juin 2026;49;H;H49;4.5;
Juin 2026;49;I;I49;x;
Juin 2026;49;J;J49;4.5;"=IF(I49=""x"",H49,0)"
Juin 2026;49;K;K49;Loisirs;
Juin 2026;50;A;A50;;"=IF(AND(NOT(ISBLANK(G49)),ISBLANK(G50)),""Reste prévu"","""")"
Juin 2026;50;B;B50;;"=IF(AND(NOT(ISBLANK($G49)),ISBLANK($G50)),$C$42-$F$40-$F$42,"""")"
Juin 2026;50;C;C50;;"=IF(AND(NOT(ISBLANK($G49)),ISBLANK($G50)),""Reste réel"","""")"
Juin 2026;50;D;D50;;"=IF(AND(NOT(ISBLANK($G49)),ISBLANK($G50)),$C$42-$H$40-$F$42,"""")"
Juin 2026;50;G;G50;Soirée Hand;
Juin 2026;50;H;H50;5;
Juin 2026;50;I;I50;x;
Juin 2026;50;J;J50;5;"=IF(I50=""x"",H50,0)"
Juin 2026;50;K;K50;Loisirs;
Juin 2026;51;A;A51;;"=IF(AND(NOT(ISBLANK(G50)),ISBLANK(G51)),""Reste prévu"","""")"
Juin 2026;51;B;B51;;"=IF(AND(NOT(ISBLANK($G50)),ISBLANK($G51)),$C$42-$F$40-$F$42,"""")"
Juin 2026;51;C;C51;;"=IF(AND(NOT(ISBLANK($G50)),ISBLANK($G51)),""Reste réel"","""")"
Juin 2026;51;D;D51;;"=IF(AND(NOT(ISBLANK($G50)),ISBLANK($G51)),$C$42-$H$40-$F$42,"""")"
Juin 2026;51;G;G51;Soirée Hand;
Juin 2026;51;H;H51;6;
Juin 2026;51;I;I51;x;
Juin 2026;51;J;J51;6;"=IF(I51=""x"",H51,0)"
Juin 2026;51;K;K51;Loisirs;
Juin 2026;52;A;A52;;"=IF(AND(NOT(ISBLANK(G51)),ISBLANK(G52)),""Reste prévu"","""")"
Juin 2026;52;B;B52;;"=IF(AND(NOT(ISBLANK($G51)),ISBLANK($G52)),$C$42-$F$40-$F$42,"""")"
Juin 2026;52;C;C52;;"=IF(AND(NOT(ISBLANK($G51)),ISBLANK($G52)),""Reste réel"","""")"
Juin 2026;52;D;D52;;"=IF(AND(NOT(ISBLANK($G51)),ISBLANK($G52)),$C$42-$H$40-$F$42,"""")"
Juin 2026;52;G;G52;Soirée Hand;
Juin 2026;52;H;H52;9;
Juin 2026;52;I;I52;x;
Juin 2026;52;J;J52;9;"=IF(I52=""x"",H52,0)"
Juin 2026;52;K;K52;Loisirs;
Juin 2026;53;A;A53;;"=IF(AND(NOT(ISBLANK(G52)),ISBLANK(G53)),""Reste prévu"","""")"
Juin 2026;53;B;B53;;"=IF(AND(NOT(ISBLANK($G52)),ISBLANK($G53)),$C$42-$F$40-$F$42,"""")"
Juin 2026;53;C;C53;;"=IF(AND(NOT(ISBLANK($G52)),ISBLANK($G53)),""Reste réel"","""")"
Juin 2026;53;D;D53;;"=IF(AND(NOT(ISBLANK($G52)),ISBLANK($G53)),$C$42-$H$40-$F$42,"""")"
Juin 2026;53;G;G53;Cigarettes;
Juin 2026;53;H;H53;13;
Juin 2026;53;I;I53;x;
Juin 2026;53;J;J53;13;"=IF(I53=""x"",H53,0)"
Juin 2026;53;K;K53;Divers;
Juin 2026;54;A;A54;;"=IF(AND(NOT(ISBLANK(G53)),ISBLANK(G54)),""Reste prévu"","""")"
Juin 2026;54;B;B54;;"=IF(AND(NOT(ISBLANK($G53)),ISBLANK($G54)),$C$42-$F$40-$F$42,"""")"
Juin 2026;54;C;C54;;"=IF(AND(NOT(ISBLANK($G53)),ISBLANK($G54)),""Reste réel"","""")"
Juin 2026;54;D;D54;;"=IF(AND(NOT(ISBLANK($G53)),ISBLANK($G54)),$C$42-$H$40-$F$42,"""")"
Juin 2026;54;G;G54;Tartapain Gateau Mamou;
Juin 2026;54;H;H54;44.58;
Juin 2026;54;I;I54;x;
Juin 2026;54;J;J54;44.58;"=IF(I54=""x"",H54,0)"
Juin 2026;54;K;K54;Courses;
Juin 2026;55;A;A55;;"=IF(AND(NOT(ISBLANK(G54)),ISBLANK(G55)),""Reste prévu"","""")"
Juin 2026;55;B;B55;;"=IF(AND(NOT(ISBLANK($G54)),ISBLANK($G55)),$C$42-$F$40-$F$42,"""")"
Juin 2026;55;C;C55;;"=IF(AND(NOT(ISBLANK($G54)),ISBLANK($G55)),""Reste réel"","""")"
Juin 2026;55;D;D55;;"=IF(AND(NOT(ISBLANK($G54)),ISBLANK($G55)),$C$42-$H$40-$F$42,"""")"
Juin 2026;55;G;G55;Pacotille St Alban;
Juin 2026;55;H;H55;67.5;
Juin 2026;55;I;I55;x;
Juin 2026;55;J;J55;67.5;"=IF(I55=""x"",H55,0)"
Juin 2026;55;K;K55;Vêtements;
Juin 2026;56;A;A56;;"=IF(AND(NOT(ISBLANK(G55)),ISBLANK(G56)),""Reste prévu"","""")"
Juin 2026;56;B;B56;;"=IF(AND(NOT(ISBLANK($G55)),ISBLANK($G56)),$C$42-$F$40-$F$42,"""")"
Juin 2026;56;C;C56;;"=IF(AND(NOT(ISBLANK($G55)),ISBLANK($G56)),""Reste réel"","""")"
Juin 2026;56;D;D56;;"=IF(AND(NOT(ISBLANK($G55)),ISBLANK($G56)),$C$42-$H$40-$F$42,"""")"
Juin 2026;56;G;G56;Leclerc;
Juin 2026;56;H;H56;15.68;
Juin 2026;56;I;I56;x;
Juin 2026;56;J;J56;15.68;"=IF(I56=""x"",H56,0)"
Juin 2026;56;K;K56;Courses;
Juin 2026;57;A;A57;;"=IF(AND(NOT(ISBLANK(G56)),ISBLANK(G57)),""Reste prévu"","""")"
Juin 2026;57;B;B57;;"=IF(AND(NOT(ISBLANK($G56)),ISBLANK($G57)),$C$42-$F$40-$F$42,"""")"
Juin 2026;57;C;C57;;"=IF(AND(NOT(ISBLANK($G56)),ISBLANK($G57)),""Reste réel"","""")"
Juin 2026;57;D;D57;;"=IF(AND(NOT(ISBLANK($G56)),ISBLANK($G57)),$C$42-$H$40-$F$42,"""")"
Juin 2026;57;G;G57;Sport 2000;
Juin 2026;57;H;H57;34.98;
Juin 2026;57;I;I57;x;
Juin 2026;57;J;J57;34.98;"=IF(I57=""x"",H57,0)"
Juin 2026;57;K;K57;Loisirs;
Juin 2026;58;A;A58;;"=IF(AND(NOT(ISBLANK(G57)),ISBLANK(G58)),""Reste prévu"","""")"
Juin 2026;58;B;B58;;"=IF(AND(NOT(ISBLANK($G57)),ISBLANK($G58)),$C$42-$F$40-$F$42,"""")"
Juin 2026;58;C;C58;;"=IF(AND(NOT(ISBLANK($G57)),ISBLANK($G58)),""Reste réel"","""")"
Juin 2026;58;D;D58;;"=IF(AND(NOT(ISBLANK($G57)),ISBLANK($G58)),$C$42-$H$40-$F$42,"""")"
Juin 2026;58;G;G58;Leclerc;
Juin 2026;58;H;H58;61.86;
Juin 2026;58;I;I58;x;
Juin 2026;58;J;J58;61.86;"=IF(I58=""x"",H58,0)"
Juin 2026;58;K;K58;Courses;
Juin 2026;59;A;A59;;"=IF(AND(NOT(ISBLANK(G58)),ISBLANK(G59)),""Reste prévu"","""")"
Juin 2026;59;B;B59;;"=IF(AND(NOT(ISBLANK($G58)),ISBLANK($G59)),$C$42-$F$40-$F$42,"""")"
Juin 2026;59;C;C59;;"=IF(AND(NOT(ISBLANK($G58)),ISBLANK($G59)),""Reste réel"","""")"
Juin 2026;59;D;D59;;"=IF(AND(NOT(ISBLANK($G58)),ISBLANK($G59)),$C$42-$H$40-$F$42,"""")"
Juin 2026;59;G;G59;Leclerc;
Juin 2026;59;H;H59;17.09;
Juin 2026;59;I;I59;x;
Juin 2026;59;J;J59;17.09;"=IF(I59=""x"",H59,0)"
Juin 2026;59;K;K59;Courses;
Juin 2026;60;A;A60;;"=IF(AND(NOT(ISBLANK(G59)),ISBLANK(G60)),""Reste prévu"","""")"
Juin 2026;60;B;B60;;"=IF(AND(NOT(ISBLANK($G59)),ISBLANK($G60)),$C$42-$F$40-$F$42,"""")"
Juin 2026;60;C;C60;;"=IF(AND(NOT(ISBLANK($G59)),ISBLANK($G60)),""Reste réel"","""")"
Juin 2026;60;D;D60;;"=IF(AND(NOT(ISBLANK($G59)),ISBLANK($G60)),$C$42-$H$40-$F$42,"""")"
Juin 2026;60;G;G60;Leclerc;
Juin 2026;60;H;H60;32.88;
Juin 2026;60;I;I60;x;
Juin 2026;60;J;J60;32.88;"=IF(I60=""x"",H60,0)"
Juin 2026;60;K;K60;Courses;
Juin 2026;61;A;A61;;"=IF(AND(NOT(ISBLANK(G60)),ISBLANK(G61)),""Reste prévu"","""")"
Juin 2026;61;B;B61;;"=IF(AND(NOT(ISBLANK($G60)),ISBLANK($G61)),$C$42-$F$40-$F$42,"""")"
Juin 2026;61;C;C61;;"=IF(AND(NOT(ISBLANK($G60)),ISBLANK($G61)),""Reste réel"","""")"
Juin 2026;61;D;D61;;"=IF(AND(NOT(ISBLANK($G60)),ISBLANK($G61)),$C$42-$H$40-$F$42,"""")"
Juin 2026;61;G;G61;LeLuc Ploufragan;
Juin 2026;61;H;H61;84;
Juin 2026;61;I;I61;x;
Juin 2026;61;J;J61;84;"=IF(I61=""x"",H61,0)"
Juin 2026;61;K;K61;Divers;
Juin 2026;62;A;A62;;"=IF(AND(NOT(ISBLANK(G61)),ISBLANK(G62)),""Reste prévu"","""")"
Juin 2026;62;B;B62;;"=IF(AND(NOT(ISBLANK($G61)),ISBLANK($G62)),$C$42-$F$40-$F$42,"""")"
Juin 2026;62;C;C62;;"=IF(AND(NOT(ISBLANK($G61)),ISBLANK($G62)),""Reste réel"","""")"
Juin 2026;62;D;D62;;"=IF(AND(NOT(ISBLANK($G61)),ISBLANK($G62)),$C$42-$H$40-$F$42,"""")"
Juin 2026;62;G;G62;La Poste Solen;
Juin 2026;62;H;H62;5.49;
Juin 2026;62;I;I62;x;
Juin 2026;62;J;J62;5.49;"=IF(I62=""x"",H62,0)"
Juin 2026;62;K;K62;Divers;
Juin 2026;63;A;A63;;"=IF(AND(NOT(ISBLANK(G62)),ISBLANK(G63)),""Reste prévu"","""")"
Juin 2026;63;B;B63;;"=IF(AND(NOT(ISBLANK($G62)),ISBLANK($G63)),$C$42-$F$40-$F$42,"""")"
Juin 2026;63;C;C63;;"=IF(AND(NOT(ISBLANK($G62)),ISBLANK($G63)),""Reste réel"","""")"
Juin 2026;63;D;D63;;"=IF(AND(NOT(ISBLANK($G62)),ISBLANK($G63)),$C$42-$H$40-$F$42,"""")"
Juin 2026;63;G;G63;ChargeMap;
Juin 2026;63;H;H63;133.55;
Juin 2026;63;I;I63;x;
Juin 2026;63;J;J63;133.55;"=IF(I63=""x"",H63,0)"
Juin 2026;63;K;K63;Voiture/Déplacement;
Juin 2026;64;A;A64;;"=IF(AND(NOT(ISBLANK(G63)),ISBLANK(G64)),""Reste prévu"","""")"
Juin 2026;64;B;B64;;"=IF(AND(NOT(ISBLANK($G63)),ISBLANK($G64)),$C$42-$F$40-$F$42,"""")"
Juin 2026;64;C;C64;;"=IF(AND(NOT(ISBLANK($G63)),ISBLANK($G64)),""Reste réel"","""")"
Juin 2026;64;D;D64;;"=IF(AND(NOT(ISBLANK($G63)),ISBLANK($G64)),$C$42-$H$40-$F$42,"""")"
Juin 2026;64;G;G64;Machine à coudre;
Juin 2026;64;H;H64;200.99;
Juin 2026;64;I;I64;x;
Juin 2026;64;J;J64;200.99;"=IF(I64=""x"",H64,0)"
Juin 2026;64;K;K64;Bricolage/Travaux;
Juin 2026;65;A;A65;;"=IF(AND(NOT(ISBLANK(G64)),ISBLANK(G65)),""Reste prévu"","""")"
Juin 2026;65;B;B65;;"=IF(AND(NOT(ISBLANK($G64)),ISBLANK($G65)),$C$42-$F$40-$F$42,"""")"
Juin 2026;65;C;C65;;"=IF(AND(NOT(ISBLANK($G64)),ISBLANK($G65)),""Reste réel"","""")"
Juin 2026;65;D;D65;;"=IF(AND(NOT(ISBLANK($G64)),ISBLANK($G65)),$C$42-$H$40-$F$42,"""")"
Juin 2026;65;G;G65;Leclerc;
Juin 2026;65;H;H65;6.86;
Juin 2026;65;I;I65;x;
Juin 2026;65;J;J65;6.86;"=IF(I65=""x"",H65,0)"
Juin 2026;65;K;K65;Courses;
Juin 2026;66;A;A66;;"=IF(AND(NOT(ISBLANK(G65)),ISBLANK(G66)),""Reste prévu"","""")"
Juin 2026;66;B;B66;;"=IF(AND(NOT(ISBLANK($G65)),ISBLANK($G66)),$C$42-$F$40-$F$42,"""")"
Juin 2026;66;C;C66;;"=IF(AND(NOT(ISBLANK($G65)),ISBLANK($G66)),""Reste réel"","""")"
Juin 2026;66;D;D66;;"=IF(AND(NOT(ISBLANK($G65)),ISBLANK($G66)),$C$42-$H$40-$F$42,"""")"
Juin 2026;66;G;G66;Leclerc Plerin;
Juin 2026;66;H;H66;41.59;
Juin 2026;66;I;I66;x;
Juin 2026;66;J;J66;41.59;"=IF(I66=""x"",H66,0)"
Juin 2026;66;K;K66;Courses;
Juin 2026;67;A;A67;;"=IF(AND(NOT(ISBLANK(G66)),ISBLANK(G67)),""Reste prévu"","""")"
Juin 2026;67;B;B67;;"=IF(AND(NOT(ISBLANK($G66)),ISBLANK($G67)),$C$42-$F$40-$F$42,"""")"
Juin 2026;67;C;C67;;"=IF(AND(NOT(ISBLANK($G66)),ISBLANK($G67)),""Reste réel"","""")"
Juin 2026;67;D;D67;;"=IF(AND(NOT(ISBLANK($G66)),ISBLANK($G67)),$C$42-$H$40-$F$42,"""")"
Juin 2026;67;G;G67;Elouen;
Juin 2026;67;H;H67;200;
Juin 2026;67;I;I67;x;
Juin 2026;67;J;J67;200;"=IF(I67=""x"",H67,0)"
Juin 2026;67;K;K67;Charges;
Juin 2026;68;A;A68;;"=IF(AND(NOT(ISBLANK(G67)),ISBLANK(G68)),""Reste prévu"","""")"
Juin 2026;68;B;B68;;"=IF(AND(NOT(ISBLANK($G67)),ISBLANK($G68)),$C$42-$F$40-$F$42,"""")"
Juin 2026;68;C;C68;;"=IF(AND(NOT(ISBLANK($G67)),ISBLANK($G68)),""Reste réel"","""")"
Juin 2026;68;D;D68;;"=IF(AND(NOT(ISBLANK($G67)),ISBLANK($G68)),$C$42-$H$40-$F$42,"""")"
Juin 2026;68;G;G68;Decathlon;
Juin 2026;68;H;H68;24.99;
Juin 2026;68;I;I68;x;
Juin 2026;68;J;J68;24.99;"=IF(I68=""x"",H68,0)"
Juin 2026;68;K;K68;Vêtements;
Juin 2026;69;A;A69;;"=IF(AND(NOT(ISBLANK(G68)),ISBLANK(G69)),""Reste prévu"","""")"
Juin 2026;69;B;B69;;"=IF(AND(NOT(ISBLANK($G68)),ISBLANK($G69)),$C$42-$F$40-$F$42,"""")"
Juin 2026;69;C;C69;;"=IF(AND(NOT(ISBLANK($G68)),ISBLANK($G69)),""Reste réel"","""")"
Juin 2026;69;D;D69;;"=IF(AND(NOT(ISBLANK($G68)),ISBLANK($G69)),$C$42-$H$40-$F$42,"""")"
Juin 2026;69;G;G69;Leclerc Ploufragan;
Juin 2026;69;H;H69;97.77;
Juin 2026;69;I;I69;x;
Juin 2026;69;J;J69;97.77;"=IF(I69=""x"",H69,0)"
Juin 2026;69;K;K69;Courses;
Juin 2026;70;A;A70;;"=IF(AND(NOT(ISBLANK(G69)),ISBLANK(G70)),""Reste prévu"","""")"
Juin 2026;70;B;B70;;"=IF(AND(NOT(ISBLANK($G69)),ISBLANK($G70)),$C$42-$F$40-$F$42,"""")"
Juin 2026;70;C;C70;;"=IF(AND(NOT(ISBLANK($G69)),ISBLANK($G70)),""Reste réel"","""")"
Juin 2026;70;D;D70;;"=IF(AND(NOT(ISBLANK($G69)),ISBLANK($G70)),$C$42-$H$40-$F$42,"""")"
Juin 2026;70;G;G70;Leclerc;
Juin 2026;70;H;H70;45.12;
Juin 2026;70;I;I70;x;
Juin 2026;70;J;J70;45.12;"=IF(I70=""x"",H70,0)"
Juin 2026;70;K;K70;Courses;
Juin 2026;71;A;A71;;"=IF(AND(NOT(ISBLANK(G70)),ISBLANK(G71)),""Reste prévu"","""")"
Juin 2026;71;B;B71;;"=IF(AND(NOT(ISBLANK($G70)),ISBLANK($G71)),$C$42-$F$40-$F$42,"""")"
Juin 2026;71;C;C71;;"=IF(AND(NOT(ISBLANK($G70)),ISBLANK($G71)),""Reste réel"","""")"
Juin 2026;71;D;D71;;"=IF(AND(NOT(ISBLANK($G70)),ISBLANK($G71)),$C$42-$H$40-$F$42,"""")"
Juin 2026;71;G;G71;Trelevern;
Juin 2026;71;H;H71;30.5;
Juin 2026;71;I;I71;x;
Juin 2026;71;J;J71;30.5;"=IF(I71=""x"",H71,0)"
Juin 2026;71;K;K71;Loisirs;
Juin 2026;72;A;A72;;"=IF(AND(NOT(ISBLANK(G71)),ISBLANK(G72)),""Reste prévu"","""")"
Juin 2026;72;B;B72;;"=IF(AND(NOT(ISBLANK($G71)),ISBLANK($G72)),$C$42-$F$40-$F$42,"""")"
Juin 2026;72;C;C72;;"=IF(AND(NOT(ISBLANK($G71)),ISBLANK($G72)),""Reste réel"","""")"
Juin 2026;72;D;D72;;"=IF(AND(NOT(ISBLANK($G71)),ISBLANK($G72)),$C$42-$H$40-$F$42,"""")"
Juin 2026;72;G;G72;Trelevern;
Juin 2026;72;H;H72;56.1;
Juin 2026;72;I;I72;x;
Juin 2026;72;J;J72;56.1;"=IF(I72=""x"",H72,0)"
Juin 2026;72;K;K72;Loisirs;
Juin 2026;73;A;A73;;"=IF(AND(NOT(ISBLANK(G72)),ISBLANK(G73)),""Reste prévu"","""")"
Juin 2026;73;B;B73;;"=IF(AND(NOT(ISBLANK($G72)),ISBLANK($G73)),$C$42-$F$40-$F$42,"""")"
Juin 2026;73;C;C73;;"=IF(AND(NOT(ISBLANK($G72)),ISBLANK($G73)),""Reste réel"","""")"
Juin 2026;73;D;D73;;"=IF(AND(NOT(ISBLANK($G72)),ISBLANK($G73)),$C$42-$H$40-$F$42,"""")"
Juin 2026;73;G;G73;Piles Appareils;
Juin 2026;73;H;H73;3;
Juin 2026;73;I;I73;x;
Juin 2026;73;J;J73;3;"=IF(I73=""x"",H73,0)"
Juin 2026;73;K;K73;Medical;
Juin 2026;74;A;A74;;"=IF(AND(NOT(ISBLANK(G73)),ISBLANK(G74)),""Reste prévu"","""")"
Juin 2026;74;B;B74;;"=IF(AND(NOT(ISBLANK($G73)),ISBLANK($G74)),$C$42-$F$40-$F$42,"""")"
Juin 2026;74;C;C74;;"=IF(AND(NOT(ISBLANK($G73)),ISBLANK($G74)),""Reste réel"","""")"
Juin 2026;74;D;D74;;"=IF(AND(NOT(ISBLANK($G73)),ISBLANK($G74)),$C$42-$H$40-$F$42,"""")"
Juin 2026;74;G;G74;Fournil;
Juin 2026;74;H;H74;4.3;
Juin 2026;74;I;I74;x;
Juin 2026;74;J;J74;4.3;"=IF(I74=""x"",H74,0)"
Juin 2026;74;K;K74;Courses;
Juin 2026;75;A;A75;;"=IF(AND(NOT(ISBLANK(G74)),ISBLANK(G75)),""Reste prévu"","""")"
Juin 2026;75;B;B75;;"=IF(AND(NOT(ISBLANK($G74)),ISBLANK($G75)),$C$42-$F$40-$F$42,"""")"
Juin 2026;75;C;C75;;"=IF(AND(NOT(ISBLANK($G74)),ISBLANK($G75)),""Reste réel"","""")"
Juin 2026;75;D;D75;;"=IF(AND(NOT(ISBLANK($G74)),ISBLANK($G75)),$C$42-$H$40-$F$42,"""")"
Juin 2026;75;G;G75;Mistral Ael;
Juin 2026;75;H;H75;104.7;
Juin 2026;75;I;I75;x;
Juin 2026;75;J;J75;104.7;"=IF(I75=""x"",H75,0)"
Juin 2026;75;K;K75;Vêtements;
Juin 2026;76;A;A76;;"=IF(AND(NOT(ISBLANK(G75)),ISBLANK(G76)),""Reste prévu"","""")"
Juin 2026;76;B;B76;;"=IF(AND(NOT(ISBLANK($G75)),ISBLANK($G76)),$C$42-$F$40-$F$42,"""")"
Juin 2026;76;C;C76;;"=IF(AND(NOT(ISBLANK($G75)),ISBLANK($G76)),""Reste réel"","""")"
Juin 2026;76;D;D76;;"=IF(AND(NOT(ISBLANK($G75)),ISBLANK($G76)),$C$42-$H$40-$F$42,"""")"
Juin 2026;76;G;G76;DStockArmor;
Juin 2026;76;H;H76;18.75;
Juin 2026;76;I;I76;x;
Juin 2026;76;J;J76;18.75;"=IF(I76=""x"",H76,0)"
Juin 2026;76;K;K76;Courses;
Juin 2026;77;A;A77;;"=IF(AND(NOT(ISBLANK(G76)),ISBLANK(G77)),""Reste prévu"","""")"
Juin 2026;77;B;B77;;"=IF(AND(NOT(ISBLANK($G76)),ISBLANK($G77)),$C$42-$F$40-$F$42,"""")"
Juin 2026;77;C;C77;;"=IF(AND(NOT(ISBLANK($G76)),ISBLANK($G77)),""Reste réel"","""")"
Juin 2026;77;D;D77;;"=IF(AND(NOT(ISBLANK($G76)),ISBLANK($G77)),$C$42-$H$40-$F$42,"""")"
Juin 2026;77;G;G77;Leclerc;
Juin 2026;77;H;H77;194.42;
Juin 2026;77;I;I77;x;
Juin 2026;77;J;J77;194.42;"=IF(I77=""x"",H77,0)"
Juin 2026;77;K;K77;Courses;
Juin 2026;78;A;A78;;"=IF(AND(NOT(ISBLANK(G77)),ISBLANK(G78)),""Reste prévu"","""")"
Juin 2026;78;B;B78;;"=IF(AND(NOT(ISBLANK($G77)),ISBLANK($G78)),$C$42-$F$40-$F$42,"""")"
Juin 2026;78;C;C78;;"=IF(AND(NOT(ISBLANK($G77)),ISBLANK($G78)),""Reste réel"","""")"
Juin 2026;78;D;D78;;"=IF(AND(NOT(ISBLANK($G77)),ISBLANK($G78)),$C$42-$H$40-$F$42,"""")"
Juin 2026;78;G;G78;Leclerc;
Juin 2026;78;H;H78;41.95;
Juin 2026;78;I;I78;x;
Juin 2026;78;J;J78;41.95;"=IF(I78=""x"",H78,0)"
Juin 2026;78;K;K78;Courses;
Juin 2026;79;G;G79;Cafran;
Juin 2026;79;H;H79;76.17;
Juin 2026;79;I;I79;x;
Juin 2026;79;J;J79;76.17;"=IF(I79=""x"",H79,0)"
Juin 2026;79;K;K79;Courses;
Juin 2026;80;A;A80;;"=IF(AND(NOT(ISBLANK(G78)),ISBLANK(G80)),""Reste prévu"","""")"
Juin 2026;80;B;B80;;"=IF(AND(NOT(ISBLANK($G78)),ISBLANK($G80)),$C$42-$F$40-$F$42,"""")"
Juin 2026;80;C;C80;;"=IF(AND(NOT(ISBLANK($G78)),ISBLANK($G80)),""Reste réel"","""")"
Juin 2026;80;D;D80;;"=IF(AND(NOT(ISBLANK($G78)),ISBLANK($G80)),$C$42-$H$40-$F$42,"""")"
Juin 2026;80;G;G80;La Poste Solen;
Juin 2026;80;H;H80;9.29;
Juin 2026;80;I;I80;x;
Juin 2026;80;J;J80;9.29;"=IF(I80=""x"",H80,0)"
Juin 2026;80;K;K80;Cadeau;
Juin 2026;81;A;A81;;"=IF(AND(NOT(ISBLANK(G80)),ISBLANK(G81)),""Reste prévu"","""")"
Juin 2026;81;B;B81;;"=IF(AND(NOT(ISBLANK($G80)),ISBLANK($G81)),$C$42-$F$40-$F$42,"""")"
Juin 2026;81;C;C81;;"=IF(AND(NOT(ISBLANK($G80)),ISBLANK($G81)),""Reste réel"","""")"
Juin 2026;81;D;D81;;"=IF(AND(NOT(ISBLANK($G80)),ISBLANK($G81)),$C$42-$H$40-$F$42,"""")"
Juin 2026;81;G;G81;Cigarettes;
Juin 2026;81;H;H81;13;
Juin 2026;81;I;I81;x;
Juin 2026;81;J;J81;13;"=IF(I81=""x"",H81,0)"
Juin 2026;81;K;K81;Divers;
Juin 2026;82;A;A82;;"=IF(AND(NOT(ISBLANK(G81)),ISBLANK(G82)),""Reste prévu"","""")"
Juin 2026;82;B;B82;;"=IF(AND(NOT(ISBLANK($G81)),ISBLANK($G82)),$C$42-$F$40-$F$42,"""")"
Juin 2026;82;C;C82;;"=IF(AND(NOT(ISBLANK($G81)),ISBLANK($G82)),""Reste réel"","""")"
Juin 2026;82;D;D82;;"=IF(AND(NOT(ISBLANK($G81)),ISBLANK($G82)),$C$42-$H$40-$F$42,"""")"
Juin 2026;82;G;G82;Sarenza;
Juin 2026;82;H;H82;68.9;
Juin 2026;82;I;I82;x;
Juin 2026;82;J;J82;68.9;"=IF(I82=""x"",H82,0)"
Juin 2026;82;K;K82;Vêtements;
Juin 2026;83;A;A83;;"=IF(AND(NOT(ISBLANK(G82)),ISBLANK(G83)),""Reste prévu"","""")"
Juin 2026;83;B;B83;;"=IF(AND(NOT(ISBLANK($G82)),ISBLANK($G83)),$C$42-$F$40-$F$42,"""")"
Juin 2026;83;C;C83;;"=IF(AND(NOT(ISBLANK($G82)),ISBLANK($G83)),""Reste réel"","""")"
Juin 2026;83;D;D83;;"=IF(AND(NOT(ISBLANK($G82)),ISBLANK($G83)),$C$42-$H$40-$F$42,"""")"
Juin 2026;83;G;G83;Biscuiterie Mazé;
Juin 2026;83;H;H83;88.6;
Juin 2026;83;I;I83;x;
Juin 2026;83;J;J83;88.6;"=IF(I83=""x"",H83,0)"
Juin 2026;83;K;K83;Courses;
Juin 2026;84;A;A84;;"=IF(AND(NOT(ISBLANK(G83)),ISBLANK(G84)),""Reste prévu"","""")"
Juin 2026;84;B;B84;;"=IF(AND(NOT(ISBLANK($G83)),ISBLANK($G84)),$C$42-$F$40-$F$42,"""")"
Juin 2026;84;C;C84;;"=IF(AND(NOT(ISBLANK($G83)),ISBLANK($G84)),""Reste réel"","""")"
Juin 2026;84;D;D84;;"=IF(AND(NOT(ISBLANK($G83)),ISBLANK($G84)),$C$42-$H$40-$F$42,"""")"
Juin 2026;84;G;G84;Vélo Ael;
Juin 2026;84;H;H84;1.2;
Juin 2026;84;I;I84;x;
Juin 2026;84;J;J84;1.2;"=IF(I84=""x"",H84,0)"
Juin 2026;84;K;K84;Loisirs;
Juin 2026;85;A;A85;;"=IF(AND(NOT(ISBLANK(G84)),ISBLANK(G85)),""Reste prévu"","""")"
Juin 2026;85;B;B85;;"=IF(AND(NOT(ISBLANK($G84)),ISBLANK($G85)),$C$42-$F$40-$F$42,"""")"
Juin 2026;85;C;C85;;"=IF(AND(NOT(ISBLANK($G84)),ISBLANK($G85)),""Reste réel"","""")"
Juin 2026;85;D;D85;;"=IF(AND(NOT(ISBLANK($G84)),ISBLANK($G85)),$C$42-$H$40-$F$42,"""")"
Juin 2026;85;G;G85;Vélo Ael;
Juin 2026;85;H;H85;1.2;
Juin 2026;85;I;I85;x;
Juin 2026;85;J;J85;1.2;"=IF(I85=""x"",H85,0)"
Juin 2026;85;K;K85;Loisirs;
Juin 2026;86;A;A86;;"=IF(AND(NOT(ISBLANK(G85)),ISBLANK(G86)),""Reste prévu"","""")"
Juin 2026;86;B;B86;;"=IF(AND(NOT(ISBLANK($G85)),ISBLANK($G86)),$C$42-$F$40-$F$42,"""")"
Juin 2026;86;C;C86;;"=IF(AND(NOT(ISBLANK($G85)),ISBLANK($G86)),""Reste réel"","""")"
Juin 2026;86;D;D86;;"=IF(AND(NOT(ISBLANK($G85)),ISBLANK($G86)),$C$42-$H$40-$F$42,"""")"
Juin 2026;86;G;G86;L'obele;
Juin 2026;86;H;H86;13.45;
Juin 2026;86;I;I86;x;
Juin 2026;86;J;J86;13.45;"=IF(I86=""x"",H86,0)"
Juin 2026;86;K;K86;Loisirs;
Juin 2026;87;A;A87;;"=IF(AND(NOT(ISBLANK(G86)),ISBLANK(G87)),""Reste prévu"","""")"
Juin 2026;87;B;B87;;"=IF(AND(NOT(ISBLANK($G86)),ISBLANK($G87)),$C$42-$F$40-$F$42,"""")"
Juin 2026;87;C;C87;;"=IF(AND(NOT(ISBLANK($G86)),ISBLANK($G87)),""Reste réel"","""")"
Juin 2026;87;D;D87;;"=IF(AND(NOT(ISBLANK($G86)),ISBLANK($G87)),$C$42-$H$40-$F$42,"""")"
Juin 2026;87;G;G87;Thé Geoffrey;
Juin 2026;87;H;H87;66;
Juin 2026;87;I;I87;x;
Juin 2026;87;J;J87;66;"=IF(I87=""x"",H87,0)"
Juin 2026;87;K;K87;Courses;
Juin 2026;88;A;A88;;"=IF(AND(NOT(ISBLANK(G87)),ISBLANK(G88)),""Reste prévu"","""")"
Juin 2026;88;B;B88;;"=IF(AND(NOT(ISBLANK($G87)),ISBLANK($G88)),$C$42-$F$40-$F$42,"""")"
Juin 2026;88;C;C88;;"=IF(AND(NOT(ISBLANK($G87)),ISBLANK($G88)),""Reste réel"","""")"
Juin 2026;88;D;D88;;"=IF(AND(NOT(ISBLANK($G87)),ISBLANK($G88)),$C$42-$H$40-$F$42,"""")"
Juin 2026;88;G;G88;Amazon;
Juin 2026;88;H;H88;27.54;
Juin 2026;88;I;I88;x;
Juin 2026;88;J;J88;27.54;"=IF(I88=""x"",H88,0)"
Juin 2026;88;K;K88;Divers;
Juin 2026;89;A;A89;;"=IF(AND(NOT(ISBLANK(G88)),ISBLANK(G89)),""Reste prévu"","""")"
Juin 2026;89;B;B89;;"=IF(AND(NOT(ISBLANK($G88)),ISBLANK($G89)),$C$42-$F$40-$F$42,"""")"
Juin 2026;89;C;C89;;"=IF(AND(NOT(ISBLANK($G88)),ISBLANK($G89)),""Reste réel"","""")"
Juin 2026;89;D;D89;;"=IF(AND(NOT(ISBLANK($G88)),ISBLANK($G89)),$C$42-$H$40-$F$42,"""")"
Juin 2026;89;G;G89;Pharmacie;
Juin 2026;89;H;H89;50.25;
Juin 2026;89;I;I89;x;
Juin 2026;89;J;J89;50.25;"=IF(I89=""x"",H89,0)"
Juin 2026;89;K;K89;Medical;
Juin 2026;90;A;A90;;"=IF(AND(NOT(ISBLANK(G89)),ISBLANK(G90)),""Reste prévu"","""")"
Juin 2026;90;B;B90;;"=IF(AND(NOT(ISBLANK($G89)),ISBLANK($G90)),$C$42-$F$40-$F$42,"""")"
Juin 2026;90;C;C90;;"=IF(AND(NOT(ISBLANK($G89)),ISBLANK($G90)),""Reste réel"","""")"
Juin 2026;90;D;D90;;"=IF(AND(NOT(ISBLANK($G89)),ISBLANK($G90)),$C$42-$H$40-$F$42,"""")"
Juin 2026;90;G;G90;Leclerc;
Juin 2026;90;H;H90;1.93;
Juin 2026;90;I;I90;x;
Juin 2026;90;J;J90;1.93;"=IF(I90=""x"",H90,0)"
Juin 2026;90;K;K90;Courses;
Juin 2026;91;A;A91;;"=IF(AND(NOT(ISBLANK(G90)),ISBLANK(G91)),""Reste prévu"","""")"
Juin 2026;91;B;B91;;"=IF(AND(NOT(ISBLANK($G90)),ISBLANK($G91)),$C$42-$F$40-$F$42,"""")"
Juin 2026;91;C;C91;;"=IF(AND(NOT(ISBLANK($G90)),ISBLANK($G91)),""Reste réel"","""")"
Juin 2026;91;D;D91;;"=IF(AND(NOT(ISBLANK($G90)),ISBLANK($G91)),$C$42-$H$40-$F$42,"""")"
Juin 2026;91;G;G91;Estivales Hugo;
Juin 2026;91;H;H91;45;
Juin 2026;91;I;I91;x;
Juin 2026;91;J;J91;45;"=IF(I91=""x"",H91,0)"
Juin 2026;91;K;K91;Loisirs;
Juin 2026;92;A;A92;;"=IF(AND(NOT(ISBLANK(G91)),ISBLANK(G92)),""Reste prévu"","""")"
Juin 2026;92;B;B92;;"=IF(AND(NOT(ISBLANK($G91)),ISBLANK($G92)),$C$42-$F$40-$F$42,"""")"
Juin 2026;92;C;C92;;"=IF(AND(NOT(ISBLANK($G91)),ISBLANK($G92)),""Reste réel"","""")"
Juin 2026;92;D;D92;;"=IF(AND(NOT(ISBLANK($G91)),ISBLANK($G92)),$C$42-$H$40-$F$42,"""")"
Juin 2026;92;G;G92;Estivales Ael;
Juin 2026;92;H;H92;39;
Juin 2026;92;I;I92;x;
Juin 2026;92;J;J92;39;"=IF(I92=""x"",H92,0)"
Juin 2026;92;K;K92;Loisirs;
Juin 2026;93;A;A93;;"=IF(AND(NOT(ISBLANK(G92)),ISBLANK(G93)),""Reste prévu"","""")"
Juin 2026;93;B;B93;;"=IF(AND(NOT(ISBLANK($G92)),ISBLANK($G93)),$C$42-$F$40-$F$42,"""")"
Juin 2026;93;C;C93;;"=IF(AND(NOT(ISBLANK($G92)),ISBLANK($G93)),""Reste réel"","""")"
Juin 2026;93;D;D93;;"=IF(AND(NOT(ISBLANK($G92)),ISBLANK($G93)),$C$42-$H$40-$F$42,"""")"
Juin 2026;93;G;G93;Repas AG Hand;
Juin 2026;93;H;H93;10;
Juin 2026;93;I;I93;x;
Juin 2026;93;J;J93;10;"=IF(I93=""x"",H93,0)"
Juin 2026;93;K;K93;Loisirs;
Juin 2026;94;A;A94;;"=IF(AND(NOT(ISBLANK(G93)),ISBLANK(G94)),""Reste prévu"","""")"
Juin 2026;94;B;B94;;"=IF(AND(NOT(ISBLANK($G93)),ISBLANK($G94)),$C$42-$F$40-$F$42,"""")"
Juin 2026;94;C;C94;;"=IF(AND(NOT(ISBLANK($G93)),ISBLANK($G94)),""Reste réel"","""")"
Juin 2026;94;D;D94;;"=IF(AND(NOT(ISBLANK($G93)),ISBLANK($G94)),$C$42-$H$40-$F$42,"""")"
Juin 2026;94;G;G94;Metro Rennes;
Juin 2026;94;H;H94;3.4;
Juin 2026;94;I;I94;x;
Juin 2026;94;J;J94;3.4;"=IF(I94=""x"",H94,0)"
Juin 2026;94;K;K94;Voiture/Déplacement;
Juin 2026;95;A;A95;;"=IF(AND(NOT(ISBLANK(G94)),ISBLANK(G95)),""Reste prévu"","""")"
Juin 2026;95;B;B95;;"=IF(AND(NOT(ISBLANK($G94)),ISBLANK($G95)),$C$42-$F$40-$F$42,"""")"
Juin 2026;95;C;C95;;"=IF(AND(NOT(ISBLANK($G94)),ISBLANK($G95)),""Reste réel"","""")"
Juin 2026;95;D;D95;;"=IF(AND(NOT(ISBLANK($G94)),ISBLANK($G95)),$C$42-$H$40-$F$42,"""")"
Juin 2026;95;G;G95;Apple;
Juin 2026;95;H;H95;0.99;
Juin 2026;95;I;I95;x;
Juin 2026;95;J;J95;0.99;"=IF(I95=""x"",H95,0)"
Juin 2026;95;K;K95;Internet/Téléphone;
Juin 2026;96;A;A96;;"=IF(AND(NOT(ISBLANK(G95)),ISBLANK(G96)),""Reste prévu"","""")"
Juin 2026;96;B;B96;;"=IF(AND(NOT(ISBLANK($G95)),ISBLANK($G96)),$C$42-$F$40-$F$42,"""")"
Juin 2026;96;C;C96;;"=IF(AND(NOT(ISBLANK($G95)),ISBLANK($G96)),""Reste réel"","""")"
Juin 2026;96;D;D96;;"=IF(AND(NOT(ISBLANK($G95)),ISBLANK($G96)),$C$42-$H$40-$F$42,"""")"
Juin 2026;96;G;G96;Snack Aeroport;
Juin 2026;96;H;H96;7.2;
Juin 2026;96;I;I96;x;
Juin 2026;96;J;J96;7.2;"=IF(I96=""x"",H96,0)"
Juin 2026;96;K;K96;Courses;
Juin 2026;97;A;A97;;"=IF(AND(NOT(ISBLANK(G96)),ISBLANK(G97)),""Reste prévu"","""")"
Juin 2026;97;B;B97;;"=IF(AND(NOT(ISBLANK($G96)),ISBLANK($G97)),$C$42-$F$40-$F$42,"""")"
Juin 2026;97;C;C97;;"=IF(AND(NOT(ISBLANK($G96)),ISBLANK($G97)),""Reste réel"","""")"
Juin 2026;97;D;D97;;"=IF(AND(NOT(ISBLANK($G96)),ISBLANK($G97)),$C$42-$H$40-$F$42,"""")"
Juin 2026;97;G;G97;Cigarettes;
Juin 2026;97;H;H97;15.6;
Juin 2026;97;I;I97;x;
Juin 2026;97;J;J97;15.6;"=IF(I97=""x"",H97,0)"
Juin 2026;97;K;K97;Divers;
Juin 2026;98;A;A98;;"=IF(AND(NOT(ISBLANK(G97)),ISBLANK(G98)),""Reste prévu"","""")"
Juin 2026;98;B;B98;;"=IF(AND(NOT(ISBLANK($G97)),ISBLANK($G98)),$C$42-$F$40-$F$42,"""")"
Juin 2026;98;C;C98;;"=IF(AND(NOT(ISBLANK($G97)),ISBLANK($G98)),""Reste réel"","""")"
Juin 2026;98;D;D98;;"=IF(AND(NOT(ISBLANK($G97)),ISBLANK($G98)),$C$42-$H$40-$F$42,"""")"
Juin 2026;98;G;G98;Apple Arthur;
Juin 2026;98;H;H98;16.99;
Juin 2026;98;I;I98;x;
Juin 2026;98;J;J98;16.99;"=IF(I98=""x"",H98,0)"
Juin 2026;98;K;K98;Divers;
Juin 2026;99;A;A99;;"=IF(AND(NOT(ISBLANK(G98)),ISBLANK(G99)),""Reste prévu"","""")"
Juin 2026;99;B;B99;;"=IF(AND(NOT(ISBLANK($G98)),ISBLANK($G99)),$C$42-$F$40-$F$42,"""")"
Juin 2026;99;C;C99;;"=IF(AND(NOT(ISBLANK($G98)),ISBLANK($G99)),""Reste réel"","""")"
Juin 2026;99;D;D99;;"=IF(AND(NOT(ISBLANK($G98)),ISBLANK($G99)),$C$42-$H$40-$F$42,"""")"
Juin 2026;99;G;G99;Repas Toulouse;
Juin 2026;99;H;H99;24.2;
Juin 2026;99;I;I99;x;
Juin 2026;99;J;J99;24.2;"=IF(I99=""x"",H99,0)"
Juin 2026;99;K;K99;Courses;
Juin 2026;100;A;A100;;"=IF(AND(NOT(ISBLANK(G99)),ISBLANK(G100)),""Reste prévu"","""")"
Juin 2026;100;B;B100;;"=IF(AND(NOT(ISBLANK($G99)),ISBLANK($G100)),$C$42-$F$40-$F$42,"""")"
Juin 2026;100;C;C100;;"=IF(AND(NOT(ISBLANK($G99)),ISBLANK($G100)),""Reste réel"","""")"
Juin 2026;100;D;D100;;"=IF(AND(NOT(ISBLANK($G99)),ISBLANK($G100)),$C$42-$H$40-$F$42,"""")"
Juin 2026;100;G;G100;Virement Stephanie Trelevern;
Juin 2026;100;H;H100;36.28;
Juin 2026;100;I;I100;x;
Juin 2026;100;J;J100;36.28;"=IF(I100=""x"",H100,0)"
Juin 2026;100;K;K100;Loisirs;
Juin 2026;101;A;A101;;"=IF(AND(NOT(ISBLANK(G100)),ISBLANK(G101)),""Reste prévu"","""")"
Juin 2026;101;B;B101;;"=IF(AND(NOT(ISBLANK($G100)),ISBLANK($G101)),$C$42-$F$40-$F$42,"""")"
Juin 2026;101;C;C101;;"=IF(AND(NOT(ISBLANK($G100)),ISBLANK($G101)),""Reste réel"","""")"
Juin 2026;101;D;D101;;"=IF(AND(NOT(ISBLANK($G100)),ISBLANK($G101)),$C$42-$H$40-$F$42,"""")"
Juin 2026;101;G;G101;Vinted;
Juin 2026;101;H;H101;26.09;
Juin 2026;101;I;I101;x;
Juin 2026;101;J;J101;26.09;"=IF(I101=""x"",H101,0)"
Juin 2026;101;K;K101;Vêtements;
Juin 2026;102;A;A102;;"=IF(AND(NOT(ISBLANK(G101)),ISBLANK(G102)),""Reste prévu"","""")"
Juin 2026;102;B;B102;;"=IF(AND(NOT(ISBLANK($G101)),ISBLANK($G102)),$C$42-$F$40-$F$42,"""")"
Juin 2026;102;C;C102;;"=IF(AND(NOT(ISBLANK($G101)),ISBLANK($G102)),""Reste réel"","""")"
Juin 2026;102;D;D102;;"=IF(AND(NOT(ISBLANK($G101)),ISBLANK($G102)),$C$42-$H$40-$F$42,"""")"
Juin 2026;102;G;G102;Apple Arthur;
Juin 2026;102;H;H102;2.99;
Juin 2026;102;I;I102;x;
Juin 2026;102;J;J102;2.99;"=IF(I102=""x"",H102,0)"
Juin 2026;102;K;K102;Internet/Téléphone;
Juin 2026;103;A;A103;;"=IF(AND(NOT(ISBLANK(G102)),ISBLANK(G103)),""Reste prévu"","""")"
Juin 2026;103;B;B103;;"=IF(AND(NOT(ISBLANK($G102)),ISBLANK($G103)),$C$42-$F$40-$F$42,"""")"
Juin 2026;103;C;C103;;"=IF(AND(NOT(ISBLANK($G102)),ISBLANK($G103)),""Reste réel"","""")"
Juin 2026;103;D;D103;;"=IF(AND(NOT(ISBLANK($G102)),ISBLANK($G103)),$C$42-$H$40-$F$42,"""")"
Juin 2026;103;G;G103;Apple Arthur;
Juin 2026;103;H;H103;3.99;
Juin 2026;103;I;I103;x;
Juin 2026;103;J;J103;3.99;"=IF(I103=""x"",H103,0)"
Juin 2026;103;K;K103;Internet/Téléphone;
Juin 2026;104;A;A104;;"=IF(AND(NOT(ISBLANK(G103)),ISBLANK(G104)),""Reste prévu"","""")"
Juin 2026;104;B;B104;;"=IF(AND(NOT(ISBLANK($G103)),ISBLANK($G104)),$C$42-$F$40-$F$42,"""")"
Juin 2026;104;C;C104;;"=IF(AND(NOT(ISBLANK($G103)),ISBLANK($G104)),""Reste réel"","""")"
Juin 2026;104;D;D104;;"=IF(AND(NOT(ISBLANK($G103)),ISBLANK($G104)),$C$42-$H$40-$F$42,"""")"
Juin 2026;104;G;G104;Apple Arthur;
Juin 2026;104;H;H104;3.99;
Juin 2026;104;I;I104;x;
Juin 2026;104;J;J104;3.99;"=IF(I104=""x"",H104,0)"
Juin 2026;104;K;K104;Internet/Téléphone;
Juin 2026;105;A;A105;;"=IF(AND(NOT(ISBLANK(G104)),ISBLANK(G105)),""Reste prévu"","""")"
Juin 2026;105;B;B105;;"=IF(AND(NOT(ISBLANK($G104)),ISBLANK($G105)),$C$42-$F$40-$F$42,"""")"
Juin 2026;105;C;C105;;"=IF(AND(NOT(ISBLANK($G104)),ISBLANK($G105)),""Reste réel"","""")"
Juin 2026;105;D;D105;;"=IF(AND(NOT(ISBLANK($G104)),ISBLANK($G105)),$C$42-$H$40-$F$42,"""")"
Juin 2026;105;G;G105;Apple Arthur;
Juin 2026;105;H;H105;5.99;
Juin 2026;105;I;I105;x;
Juin 2026;105;J;J105;5.99;"=IF(I105=""x"",H105,0)"
Juin 2026;105;K;K105;Internet/Téléphone;
Juin 2026;106;A;A106;;"=IF(AND(NOT(ISBLANK(G105)),ISBLANK(G106)),""Reste prévu"","""")"
Juin 2026;106;B;B106;;"=IF(AND(NOT(ISBLANK($G105)),ISBLANK($G106)),$C$42-$F$40-$F$42,"""")"
Juin 2026;106;C;C106;;"=IF(AND(NOT(ISBLANK($G105)),ISBLANK($G106)),""Reste réel"","""")"
Juin 2026;106;D;D106;;"=IF(AND(NOT(ISBLANK($G105)),ISBLANK($G106)),$C$42-$H$40-$F$42,"""")"
Juin 2026;106;G;G106;Apple Arthur;
Juin 2026;106;H;H106;5.99;
Juin 2026;106;I;I106;x;
Juin 2026;106;J;J106;5.99;"=IF(I106=""x"",H106,0)"
Juin 2026;106;K;K106;Internet/Téléphone;
Juin 2026;107;A;A107;;"=IF(AND(NOT(ISBLANK(G106)),ISBLANK(G107)),""Reste prévu"","""")"
Juin 2026;107;B;B107;;"=IF(AND(NOT(ISBLANK($G106)),ISBLANK($G107)),$C$42-$F$40-$F$42,"""")"
Juin 2026;107;C;C107;;"=IF(AND(NOT(ISBLANK($G106)),ISBLANK($G107)),""Reste réel"","""")"
Juin 2026;107;D;D107;;"=IF(AND(NOT(ISBLANK($G106)),ISBLANK($G107)),$C$42-$H$40-$F$42,"""")"
Juin 2026;107;G;G107;Repas JAG Toulouse;
Juin 2026;107;H;H107;21.65;
Juin 2026;107;I;I107;x;
Juin 2026;107;J;J107;21.65;"=IF(I107=""x"",H107,0)"
Juin 2026;107;K;K107;Loisirs;
Juin 2026;108;A;A108;;"=IF(AND(NOT(ISBLANK(G107)),ISBLANK(G108)),""Reste prévu"","""")"
Juin 2026;108;B;B108;;"=IF(AND(NOT(ISBLANK($G107)),ISBLANK($G108)),$C$42-$F$40-$F$42,"""")"
Juin 2026;108;C;C108;;"=IF(AND(NOT(ISBLANK($G107)),ISBLANK($G108)),""Reste réel"","""")"
Juin 2026;108;D;D108;;"=IF(AND(NOT(ISBLANK($G107)),ISBLANK($G108)),$C$42-$H$40-$F$42,"""")"
Juin 2026;108;G;G108;Lidl;
Juin 2026;108;H;H108;40.22;
Juin 2026;108;I;I108;x;
Juin 2026;108;J;J108;40.22;"=IF(I108=""x"",H108,0)"
Juin 2026;108;K;K108;Courses;
Juin 2026;109;A;A109;;"=IF(AND(NOT(ISBLANK(G108)),ISBLANK(G109)),""Reste prévu"","""")"
Juin 2026;109;B;B109;;"=IF(AND(NOT(ISBLANK($G108)),ISBLANK($G109)),$C$42-$F$40-$F$42,"""")"
Juin 2026;109;C;C109;;"=IF(AND(NOT(ISBLANK($G108)),ISBLANK($G109)),""Reste réel"","""")"
Juin 2026;109;D;D109;;"=IF(AND(NOT(ISBLANK($G108)),ISBLANK($G109)),$C$42-$H$40-$F$42,"""")"
Juin 2026;109;G;G109;Fleurs Delphine;
Juin 2026;109;H;H109;29.5;
Juin 2026;109;I;I109;x;
Juin 2026;109;J;J109;29.5;"=IF(I109=""x"",H109,0)"
Juin 2026;109;K;K109;Cadeau;
Juin 2026;110;A;A110;;"=IF(AND(NOT(ISBLANK(G109)),ISBLANK(G110)),""Reste prévu"","""")"
Juin 2026;110;B;B110;;"=IF(AND(NOT(ISBLANK($G109)),ISBLANK($G110)),$C$42-$F$40-$F$42,"""")"
Juin 2026;110;C;C110;;"=IF(AND(NOT(ISBLANK($G109)),ISBLANK($G110)),""Reste réel"","""")"
Juin 2026;110;D;D110;;"=IF(AND(NOT(ISBLANK($G109)),ISBLANK($G110)),$C$42-$H$40-$F$42,"""")"
Juin 2026;110;G;G110;Lecler;
Juin 2026;110;H;H110;28.11;
Juin 2026;110;I;I110;x;
Juin 2026;110;J;J110;28.11;"=IF(I110=""x"",H110,0)"
Juin 2026;110;K;K110;Courses;
Juin 2026;111;A;A111;;"=IF(AND(NOT(ISBLANK(G110)),ISBLANK(G111)),""Reste prévu"","""")"
Juin 2026;111;B;B111;;"=IF(AND(NOT(ISBLANK($G110)),ISBLANK($G111)),$C$42-$F$40-$F$42,"""")"
Juin 2026;111;C;C111;;"=IF(AND(NOT(ISBLANK($G110)),ISBLANK($G111)),""Reste réel"","""")"
Juin 2026;111;D;D111;;"=IF(AND(NOT(ISBLANK($G110)),ISBLANK($G111)),$C$42-$H$40-$F$42,"""")"
Juin 2026;111;G;G111;Metro Toulouse;
Juin 2026;111;H;H111;3.8;
Juin 2026;111;I;I111;x;
Juin 2026;111;J;J111;3.8;"=IF(I111=""x"",H111,0)"
Juin 2026;111;K;K111;Voiture/Déplacement;
Juin 2026;112;A;A112;;"=IF(AND(NOT(ISBLANK(G111)),ISBLANK(G112)),""Reste prévu"","""")"
Juin 2026;112;B;B112;;"=IF(AND(NOT(ISBLANK($G111)),ISBLANK($G112)),$C$42-$F$40-$F$42,"""")"
Juin 2026;112;C;C112;;"=IF(AND(NOT(ISBLANK($G111)),ISBLANK($G112)),""Reste réel"","""")"
Juin 2026;112;D;D112;;"=IF(AND(NOT(ISBLANK($G111)),ISBLANK($G112)),$C$42-$H$40-$F$42,"""")"
Juin 2026;112;G;G112;Bar JAG;
Juin 2026;112;H;H112;16;
Juin 2026;112;I;I112;x;
Juin 2026;112;J;J112;16;"=IF(I112=""x"",H112,0)"
Juin 2026;112;K;K112;Loisirs;
Juin 2026;113;A;A113;;"=IF(AND(NOT(ISBLANK(G112)),ISBLANK(G113)),""Reste prévu"","""")"
Juin 2026;113;B;B113;;"=IF(AND(NOT(ISBLANK($G112)),ISBLANK($G113)),$C$42-$F$40-$F$42,"""")"
Juin 2026;113;C;C113;;"=IF(AND(NOT(ISBLANK($G112)),ISBLANK($G113)),""Reste réel"","""")"
Juin 2026;113;D;D113;;"=IF(AND(NOT(ISBLANK($G112)),ISBLANK($G113)),$C$42-$H$40-$F$42,"""")"
Juin 2026;113;G;G113;Toilettes Toulouse;
Juin 2026;113;H;H113;1;
Juin 2026;113;I;I113;x;
Juin 2026;113;J;J113;1;"=IF(I113=""x"",H113,0)"
Juin 2026;113;K;K113;Divers;
Juin 2026;114;A;A114;;"=IF(AND(NOT(ISBLANK(G113)),ISBLANK(G114)),""Reste prévu"","""")"
Juin 2026;114;B;B114;;"=IF(AND(NOT(ISBLANK($G113)),ISBLANK($G114)),$C$42-$F$40-$F$42,"""")"
Juin 2026;114;C;C114;;"=IF(AND(NOT(ISBLANK($G113)),ISBLANK($G114)),""Reste réel"","""")"
Juin 2026;114;D;D114;;"=IF(AND(NOT(ISBLANK($G113)),ISBLANK($G114)),$C$42-$H$40-$F$42,"""")"
Juin 2026;114;G;G114;Apple Arthur;
Juin 2026;114;H;H114;3.99;
Juin 2026;114;I;I114;x;
Juin 2026;114;J;J114;3.99;"=IF(I114=""x"",H114,0)"
Juin 2026;114;K;K114;Internet/Téléphone;
Juin 2026;115;A;A115;;"=IF(AND(NOT(ISBLANK(G114)),ISBLANK(G115)),""Reste prévu"","""")"
Juin 2026;115;B;B115;;"=IF(AND(NOT(ISBLANK($G114)),ISBLANK($G115)),$C$42-$F$40-$F$42,"""")"
Juin 2026;115;C;C115;;"=IF(AND(NOT(ISBLANK($G114)),ISBLANK($G115)),""Reste réel"","""")"
Juin 2026;115;D;D115;;"=IF(AND(NOT(ISBLANK($G114)),ISBLANK($G115)),$C$42-$H$40-$F$42,"""")"
Juin 2026;115;G;G115;Apple Arthur;
Juin 2026;115;H;H115;3.99;
Juin 2026;115;I;I115;x;
Juin 2026;115;J;J115;3.99;"=IF(I115=""x"",H115,0)"
Juin 2026;115;K;K115;Internet/Téléphone;
Juin 2026;116;A;A116;;"=IF(AND(NOT(ISBLANK(G115)),ISBLANK(G116)),""Reste prévu"","""")"
Juin 2026;116;B;B116;;"=IF(AND(NOT(ISBLANK($G115)),ISBLANK($G116)),$C$42-$F$40-$F$42,"""")"
Juin 2026;116;C;C116;;"=IF(AND(NOT(ISBLANK($G115)),ISBLANK($G116)),""Reste réel"","""")"
Juin 2026;116;D;D116;;"=IF(AND(NOT(ISBLANK($G115)),ISBLANK($G116)),$C$42-$H$40-$F$42,"""")"
Juin 2026;116;G;G116;Apple Arthur;
Juin 2026;116;H;H116;5.99;
Juin 2026;116;I;I116;x;
Juin 2026;116;J;J116;5.99;"=IF(I116=""x"",H116,0)"
Juin 2026;116;K;K116;Internet/Téléphone;
Juin 2026;117;A;A117;;"=IF(AND(NOT(ISBLANK(G116)),ISBLANK(G117)),""Reste prévu"","""")"
Juin 2026;117;B;B117;;"=IF(AND(NOT(ISBLANK($G116)),ISBLANK($G117)),$C$42-$F$40-$F$42,"""")"
Juin 2026;117;C;C117;;"=IF(AND(NOT(ISBLANK($G116)),ISBLANK($G117)),""Reste réel"","""")"
Juin 2026;117;D;D117;;"=IF(AND(NOT(ISBLANK($G116)),ISBLANK($G117)),$C$42-$H$40-$F$42,"""")"
Juin 2026;117;G;G117;Apple Arthur;
Juin 2026;117;H;H117;6.99;
Juin 2026;117;I;I117;x;
Juin 2026;117;J;J117;6.99;"=IF(I117=""x"",H117,0)"
Juin 2026;117;K;K117;Internet/Téléphone;
Juin 2026;118;A;A118;;"=IF(AND(NOT(ISBLANK(G117)),ISBLANK(G118)),""Reste prévu"","""")"
Juin 2026;118;B;B118;;"=IF(AND(NOT(ISBLANK($G117)),ISBLANK($G118)),$C$42-$F$40-$F$42,"""")"
Juin 2026;118;C;C118;;"=IF(AND(NOT(ISBLANK($G117)),ISBLANK($G118)),""Reste réel"","""")"
Juin 2026;118;D;D118;;"=IF(AND(NOT(ISBLANK($G117)),ISBLANK($G118)),$C$42-$H$40-$F$42,"""")"
Juin 2026;118;G;G118;Apple Arthur;
Juin 2026;118;H;H118;6.99;
Juin 2026;118;I;I118;x;
Juin 2026;118;J;J118;6.99;"=IF(I118=""x"",H118,0)"
Juin 2026;118;K;K118;Internet/Téléphone;
Juin 2026;119;A;A119;;"=IF(AND(NOT(ISBLANK(G118)),ISBLANK(G119)),""Reste prévu"","""")"
Juin 2026;119;B;B119;;"=IF(AND(NOT(ISBLANK($G118)),ISBLANK($G119)),$C$42-$F$40-$F$42,"""")"
Juin 2026;119;C;C119;;"=IF(AND(NOT(ISBLANK($G118)),ISBLANK($G119)),""Reste réel"","""")"
Juin 2026;119;D;D119;;"=IF(AND(NOT(ISBLANK($G118)),ISBLANK($G119)),$C$42-$H$40-$F$42,"""")"
Juin 2026;119;G;G119;Apple Arthur;
Juin 2026;119;H;H119;6.99;
Juin 2026;119;I;I119;x;
Juin 2026;119;J;J119;6.99;"=IF(I119=""x"",H119,0)"
Juin 2026;119;K;K119;Internet/Téléphone;
Juin 2026;120;A;A120;;"=IF(AND(NOT(ISBLANK(G119)),ISBLANK(G120)),""Reste prévu"","""")"
Juin 2026;120;B;B120;;"=IF(AND(NOT(ISBLANK($G119)),ISBLANK($G120)),$C$42-$F$40-$F$42,"""")"
Juin 2026;120;C;C120;;"=IF(AND(NOT(ISBLANK($G119)),ISBLANK($G120)),""Reste réel"","""")"
Juin 2026;120;D;D120;;"=IF(AND(NOT(ISBLANK($G119)),ISBLANK($G120)),$C$42-$H$40-$F$42,"""")"
Juin 2026;120;G;G120;Apple Arthur;
Juin 2026;120;H;H120;6.99;
Juin 2026;120;I;I120;x;
Juin 2026;120;J;J120;6.99;"=IF(I120=""x"",H120,0)"
Juin 2026;120;K;K120;Internet/Téléphone;
Juin 2026;121;A;A121;;"=IF(AND(NOT(ISBLANK(G120)),ISBLANK(G121)),""Reste prévu"","""")"
Juin 2026;121;B;B121;;"=IF(AND(NOT(ISBLANK($G120)),ISBLANK($G121)),$C$42-$F$40-$F$42,"""")"
Juin 2026;121;C;C121;;"=IF(AND(NOT(ISBLANK($G120)),ISBLANK($G121)),""Reste réel"","""")"
Juin 2026;121;D;D121;;"=IF(AND(NOT(ISBLANK($G120)),ISBLANK($G121)),$C$42-$H$40-$F$42,"""")"
Juin 2026;121;G;G121;Autoroute;
Juin 2026;121;H;H121;88.6;
Juin 2026;121;I;I121;x;
Juin 2026;121;J;J121;88.6;"=IF(I121=""x"",H121,0)"
Juin 2026;121;K;K121;Voiture/Déplacement;
Juin 2026;122;A;A122;;"=IF(AND(NOT(ISBLANK(G121)),ISBLANK(G122)),""Reste prévu"","""")"
Juin 2026;122;B;B122;;"=IF(AND(NOT(ISBLANK($G121)),ISBLANK($G122)),$C$42-$F$40-$F$42,"""")"
Juin 2026;122;C;C122;;"=IF(AND(NOT(ISBLANK($G121)),ISBLANK($G122)),""Reste réel"","""")"
Juin 2026;122;D;D122;;"=IF(AND(NOT(ISBLANK($G121)),ISBLANK($G122)),$C$42-$H$40-$F$42,"""")"
Juin 2026;122;G;G122;Vinted;
Juin 2026;122;H;H122;19.33;
Juin 2026;122;I;I122;x;
Juin 2026;122;J;J122;19.33;"=IF(I122=""x"",H122,0)"
Juin 2026;122;K;K122;Vêtements;
Juin 2026;123;A;A123;;"=IF(AND(NOT(ISBLANK(G122)),ISBLANK(G123)),""Reste prévu"","""")"
Juin 2026;123;B;B123;;"=IF(AND(NOT(ISBLANK($G122)),ISBLANK($G123)),$C$42-$F$40-$F$42,"""")"
Juin 2026;123;C;C123;;"=IF(AND(NOT(ISBLANK($G122)),ISBLANK($G123)),""Reste réel"","""")"
Juin 2026;123;D;D123;;"=IF(AND(NOT(ISBLANK($G122)),ISBLANK($G123)),$C$42-$H$40-$F$42,"""")"
Juin 2026;123;G;G123;La Fabriq;
Juin 2026;123;H;H123;11;
Juin 2026;123;I;I123;x;
Juin 2026;123;J;J123;11;"=IF(I123=""x"",H123,0)"
Juin 2026;123;K;K123;Courses;
Juin 2026;124;A;A124;;"=IF(AND(NOT(ISBLANK(G123)),ISBLANK(G124)),""Reste prévu"","""")"
Juin 2026;124;B;B124;;"=IF(AND(NOT(ISBLANK($G123)),ISBLANK($G124)),$C$42-$F$40-$F$42,"""")"
Juin 2026;124;C;C124;;"=IF(AND(NOT(ISBLANK($G123)),ISBLANK($G124)),""Reste réel"","""")"
Juin 2026;124;D;D124;;"=IF(AND(NOT(ISBLANK($G123)),ISBLANK($G124)),$C$42-$H$40-$F$42,"""")"
Juin 2026;124;G;G124;Repas Toulouse;
Juin 2026;124;H;H124;32.6;
Juin 2026;124;I;I124;x;
Juin 2026;124;J;J124;32.6;"=IF(I124=""x"",H124,0)"
Juin 2026;124;K;K124;Courses;
Juin 2026;125;A;A125;;"=IF(AND(NOT(ISBLANK(G124)),ISBLANK(G125)),""Reste prévu"","""")"
Juin 2026;125;B;B125;;"=IF(AND(NOT(ISBLANK($G124)),ISBLANK($G125)),$C$42-$F$40-$F$42,"""")"
Juin 2026;125;C;C125;;"=IF(AND(NOT(ISBLANK($G124)),ISBLANK($G125)),""Reste réel"","""")"
Juin 2026;125;D;D125;;"=IF(AND(NOT(ISBLANK($G124)),ISBLANK($G125)),$C$42-$H$40-$F$42,"""")"
Juin 2026;125;G;G125;Leclerc;
Juin 2026;125;H;H125;20.77;
Juin 2026;125;I;I125;x;
Juin 2026;125;J;J125;20.77;"=IF(I125=""x"",H125,0)"
Juin 2026;125;K;K125;Courses;
Juin 2026;126;A;A126;;"=IF(AND(NOT(ISBLANK(G125)),ISBLANK(G126)),""Reste prévu"","""")"
Juin 2026;126;B;B126;;"=IF(AND(NOT(ISBLANK($G125)),ISBLANK($G126)),$C$42-$F$40-$F$42,"""")"
Juin 2026;126;C;C126;;"=IF(AND(NOT(ISBLANK($G125)),ISBLANK($G126)),""Reste réel"","""")"
Juin 2026;126;D;D126;;"=IF(AND(NOT(ISBLANK($G125)),ISBLANK($G126)),$C$42-$H$40-$F$42,"""")"
Juin 2026;126;G;G126;Leclerc;
Juin 2026;126;H;H126;34.42;
Juin 2026;126;I;I126;x;
Juin 2026;126;J;J126;34.42;"=IF(I126=""x"",H126,0)"
Juin 2026;126;K;K126;Courses;
Juin 2026;127;A;A127;;"=IF(AND(NOT(ISBLANK(G126)),ISBLANK(G127)),""Reste prévu"","""")"
Juin 2026;127;B;B127;;"=IF(AND(NOT(ISBLANK($G126)),ISBLANK($G127)),$C$42-$F$40-$F$42,"""")"
Juin 2026;127;C;C127;;"=IF(AND(NOT(ISBLANK($G126)),ISBLANK($G127)),""Reste réel"","""")"
Juin 2026;127;D;D127;;"=IF(AND(NOT(ISBLANK($G126)),ISBLANK($G127)),$C$42-$H$40-$F$42,"""")"
Juin 2026;127;G;G127;All Ocean;
Juin 2026;127;H;H127;49.9;
Juin 2026;127;I;I127;x;
Juin 2026;127;J;J127;49.9;"=IF(I127=""x"",H127,0)"
Juin 2026;127;K;K127;Cadeau;
Juin 2026;128;A;A128;;"=IF(AND(NOT(ISBLANK(G127)),ISBLANK(G128)),""Reste prévu"","""")"
Juin 2026;128;B;B128;;"=IF(AND(NOT(ISBLANK($G127)),ISBLANK($G128)),$C$42-$F$40-$F$42,"""")"
Juin 2026;128;C;C128;;"=IF(AND(NOT(ISBLANK($G127)),ISBLANK($G128)),""Reste réel"","""")"
Juin 2026;128;D;D128;;"=IF(AND(NOT(ISBLANK($G127)),ISBLANK($G128)),$C$42-$H$40-$F$42,"""")"
Juin 2026;128;G;G128;Nonnet;
Juin 2026;128;H;H128;29.45;
Juin 2026;128;I;I128;x;
Juin 2026;128;J;J128;29.45;"=IF(I128=""x"",H128,0)"
Juin 2026;128;K;K128;Courses;
Juin 2026;129;A;A129;;"=IF(AND(NOT(ISBLANK(G128)),ISBLANK(G129)),""Reste prévu"","""")"
Juin 2026;129;B;B129;;"=IF(AND(NOT(ISBLANK($G128)),ISBLANK($G129)),$C$42-$F$40-$F$42,"""")"
Juin 2026;129;C;C129;;"=IF(AND(NOT(ISBLANK($G128)),ISBLANK($G129)),""Reste réel"","""")"
Juin 2026;129;D;D129;;"=IF(AND(NOT(ISBLANK($G128)),ISBLANK($G129)),$C$42-$H$40-$F$42,"""")"
Juin 2026;129;G;G129;Leclerc;
Juin 2026;129;H;H129;4.62;
Juin 2026;129;I;I129;x;
Juin 2026;129;J;J129;4.62;"=IF(I129=""x"",H129,0)"
Juin 2026;129;K;K129;Courses;
Juin 2026;130;A;A130;;"=IF(AND(NOT(ISBLANK(G129)),ISBLANK(G130)),""Reste prévu"","""")"
Juin 2026;130;B;B130;;"=IF(AND(NOT(ISBLANK($G129)),ISBLANK($G130)),$C$42-$F$40-$F$42,"""")"
Juin 2026;130;C;C130;;"=IF(AND(NOT(ISBLANK($G129)),ISBLANK($G130)),""Reste réel"","""")"
Juin 2026;130;D;D130;;"=IF(AND(NOT(ISBLANK($G129)),ISBLANK($G130)),$C$42-$H$40-$F$42,"""")"
Juin 2026;130;G;G130;Boulangerie;
Juin 2026;130;H;H130;6.4;
Juin 2026;130;I;I130;x;
Juin 2026;130;J;J130;6.4;"=IF(I130=""x"",H130,0)"
Juin 2026;130;K;K130;Courses;
Juin 2026;131;A;A131;;"=IF(AND(NOT(ISBLANK(G130)),ISBLANK(G131)),""Reste prévu"","""")"
Juin 2026;131;B;B131;;"=IF(AND(NOT(ISBLANK($G130)),ISBLANK($G131)),$C$42-$F$40-$F$42,"""")"
Juin 2026;131;C;C131;;"=IF(AND(NOT(ISBLANK($G130)),ISBLANK($G131)),""Reste réel"","""")"
Juin 2026;131;D;D131;;"=IF(AND(NOT(ISBLANK($G130)),ISBLANK($G131)),$C$42-$H$40-$F$42,"""")"
Juin 2026;131;G;G131;Leclerc;
Juin 2026;131;H;H131;43.53;
Juin 2026;131;I;I131;x;
Juin 2026;131;J;J131;43.53;"=IF(I131=""x"",H131,0)"
Juin 2026;131;K;K131;Courses;
Juin 2026;132;A;A132;;"=IF(AND(NOT(ISBLANK(G131)),ISBLANK(G132)),""Reste prévu"","""")"
Juin 2026;132;B;B132;;"=IF(AND(NOT(ISBLANK($G131)),ISBLANK($G132)),$C$42-$F$40-$F$42,"""")"
Juin 2026;132;C;C132;;"=IF(AND(NOT(ISBLANK($G131)),ISBLANK($G132)),""Reste réel"","""")"
Juin 2026;132;D;D132;;"=IF(AND(NOT(ISBLANK($G131)),ISBLANK($G132)),$C$42-$H$40-$F$42,"""")"
Juin 2026;132;G;G132;Plumbago;
Juin 2026;132;H;H132;25;
Juin 2026;132;I;I132;x;
Juin 2026;132;J;J132;25;"=IF(I132=""x"",H132,0)"
Juin 2026;132;K;K132;Bricolage/Travaux;
Juin 2026;133;A;A133;;"=IF(AND(NOT(ISBLANK(G132)),ISBLANK(G133)),""Reste prévu"","""")"
Juin 2026;133;B;B133;;"=IF(AND(NOT(ISBLANK($G132)),ISBLANK($G133)),$C$42-$F$40-$F$42,"""")"
Juin 2026;133;C;C133;;"=IF(AND(NOT(ISBLANK($G132)),ISBLANK($G133)),""Reste réel"","""")"
Juin 2026;133;D;D133;;"=IF(AND(NOT(ISBLANK($G132)),ISBLANK($G133)),$C$42-$H$40-$F$42,"""")"
Juin 2026;133;G;G133;Coiffeur;
Juin 2026;133;H;H133;70;
Juin 2026;133;I;I133;x;
Juin 2026;133;J;J133;70;"=IF(I133=""x"",H133,0)"
Juin 2026;133;K;K133;Soins;
Juin 2026;134;A;A134;;"=IF(AND(NOT(ISBLANK(G133)),ISBLANK(G134)),""Reste prévu"","""")"
Juin 2026;134;B;B134;;"=IF(AND(NOT(ISBLANK($G133)),ISBLANK($G134)),$C$42-$F$40-$F$42,"""")"
Juin 2026;134;C;C134;;"=IF(AND(NOT(ISBLANK($G133)),ISBLANK($G134)),""Reste réel"","""")"
Juin 2026;134;D;D134;;"=IF(AND(NOT(ISBLANK($G133)),ISBLANK($G134)),$C$42-$H$40-$F$42,"""")"
Juin 2026;134;G;G134;Boulangerie;
Juin 2026;134;H;H134;11.4;
Juin 2026;134;I;I134;x;
Juin 2026;134;J;J134;11.4;"=IF(I134=""x"",H134,0)"
Juin 2026;134;K;K134;Courses;
Juin 2026;135;A;A135;;"=IF(AND(NOT(ISBLANK(G134)),ISBLANK(G135)),""Reste prévu"","""")"
Juin 2026;135;B;B135;;"=IF(AND(NOT(ISBLANK($G134)),ISBLANK($G135)),$C$42-$F$40-$F$42,"""")"
Juin 2026;135;C;C135;;"=IF(AND(NOT(ISBLANK($G134)),ISBLANK($G135)),""Reste réel"","""")"
Juin 2026;135;D;D135;;"=IF(AND(NOT(ISBLANK($G134)),ISBLANK($G135)),$C$42-$H$40-$F$42,"""")"
Juin 2026;135;G;G135;Intermarché Trégeux;
Juin 2026;135;H;H135;11.05;
Juin 2026;135;I;I135;x;
Juin 2026;135;J;J135;11.05;"=IF(I135=""x"",H135,0)"
Juin 2026;135;K;K135;Courses;
Juin 2026;136;A;A136;;"=IF(AND(NOT(ISBLANK(G135)),ISBLANK(G136)),""Reste prévu"","""")"
Juin 2026;136;B;B136;;"=IF(AND(NOT(ISBLANK($G135)),ISBLANK($G136)),$C$42-$F$40-$F$42,"""")"
Juin 2026;136;C;C136;;"=IF(AND(NOT(ISBLANK($G135)),ISBLANK($G136)),""Reste réel"","""")"
Juin 2026;136;D;D136;;"=IF(AND(NOT(ISBLANK($G135)),ISBLANK($G136)),$C$42-$H$40-$F$42,"""")"
Juin 2026;136;G;G136;PDFAid;
Juin 2026;136;H;H136;1;
Juin 2026;136;I;I136;x;
Juin 2026;136;J;J136;1;"=IF(I136=""x"",H136,0)"
Juin 2026;136;K;K136;Internet/Téléphone;
Juin 2026;137;A;A137;;"=IF(AND(NOT(ISBLANK(G136)),ISBLANK(G137)),""Reste prévu"","""")"
Juin 2026;137;B;B137;;"=IF(AND(NOT(ISBLANK($G136)),ISBLANK($G137)),$C$42-$F$40-$F$42,"""")"
Juin 2026;137;C;C137;;"=IF(AND(NOT(ISBLANK($G136)),ISBLANK($G137)),""Reste réel"","""")"
Juin 2026;137;D;D137;;"=IF(AND(NOT(ISBLANK($G136)),ISBLANK($G137)),$C$42-$H$40-$F$42,"""")"
Juin 2026;137;G;G137;Train Arthur;
Juin 2026;137;H;H137;9;
Juin 2026;137;I;I137;x;
Juin 2026;137;J;J137;9;"=IF(I137=""x"",H137,0)"
Juin 2026;137;K;K137;Voiture/Déplacement;
Juin 2026;138;A;A138;;"=IF(AND(NOT(ISBLANK(G137)),ISBLANK(G138)),""Reste prévu"","""")"
Juin 2026;138;B;B138;;"=IF(AND(NOT(ISBLANK($G137)),ISBLANK($G138)),$C$42-$F$40-$F$42,"""")"
Juin 2026;138;C;C138;;"=IF(AND(NOT(ISBLANK($G137)),ISBLANK($G138)),""Reste réel"","""")"
Juin 2026;138;D;D138;;"=IF(AND(NOT(ISBLANK($G137)),ISBLANK($G138)),$C$42-$H$40-$F$42,"""")"
Juin 2026;138;G;G138;Leclerc;
Juin 2026;138;H;H138;18;
Juin 2026;138;I;I138;x;
Juin 2026;138;J;J138;18;"=IF(I138=""x"",H138,0)"
Juin 2026;138;K;K138;Courses;
Juin 2026;139;A;A139;;"=IF(AND(NOT(ISBLANK(G138)),ISBLANK(G139)),""Reste prévu"","""")"
Juin 2026;139;B;B139;;"=IF(AND(NOT(ISBLANK($G138)),ISBLANK($G139)),$C$42-$F$40-$F$42,"""")"
Juin 2026;139;C;C139;;"=IF(AND(NOT(ISBLANK($G138)),ISBLANK($G139)),""Reste réel"","""")"
Juin 2026;139;D;D139;;"=IF(AND(NOT(ISBLANK($G138)),ISBLANK($G139)),$C$42-$H$40-$F$42,"""")"
Juin 2026;139;G;G139;But MicroOnde;
Juin 2026;139;H;H139;90.49;
Juin 2026;139;I;I139;x;
Juin 2026;139;J;J139;90.49;"=IF(I139=""x"",H139,0)"
Juin 2026;139;K;K139;Courses;
Juin 2026;140;A;A140;;"=IF(AND(NOT(ISBLANK(G139)),ISBLANK(G140)),""Reste prévu"","""")"
Juin 2026;140;B;B140;;"=IF(AND(NOT(ISBLANK($G139)),ISBLANK($G140)),$C$42-$F$40-$F$42,"""")"
Juin 2026;140;C;C140;;"=IF(AND(NOT(ISBLANK($G139)),ISBLANK($G140)),""Reste réel"","""")"
Juin 2026;140;D;D140;;"=IF(AND(NOT(ISBLANK($G139)),ISBLANK($G140)),$C$42-$H$40-$F$42,"""")"
Juin 2026;140;G;G140;Leclerc;
Juin 2026;140;H;H140;71.58;
Juin 2026;140;I;I140;x;
Juin 2026;140;J;J140;71.58;"=IF(I140=""x"",H140,0)"
Juin 2026;140;K;K140;Courses;
Juin 2026;141;A;A141;;"=IF(AND(NOT(ISBLANK(G140)),ISBLANK(G141)),""Reste prévu"","""")"
Juin 2026;141;B;B141;;"=IF(AND(NOT(ISBLANK($G140)),ISBLANK($G141)),$C$42-$F$40-$F$42,"""")"
Juin 2026;141;C;C141;;"=IF(AND(NOT(ISBLANK($G140)),ISBLANK($G141)),""Reste réel"","""")"
Juin 2026;141;D;D141;;"=IF(AND(NOT(ISBLANK($G140)),ISBLANK($G141)),$C$42-$H$40-$F$42,"""")"
Juin 2026;141;G;G141;Leclerc;
Juin 2026;141;H;H141;6.47;
Juin 2026;141;I;I141;x;
Juin 2026;141;J;J141;6.47;"=IF(I141=""x"",H141,0)"
Juin 2026;141;K;K141;Courses;
Juin 2026;142;A;A142;;"=IF(AND(NOT(ISBLANK(G141)),ISBLANK(G142)),""Reste prévu"","""")"
Juin 2026;142;B;B142;;"=IF(AND(NOT(ISBLANK($G141)),ISBLANK($G142)),$C$42-$F$40-$F$42,"""")"
Juin 2026;142;C;C142;;"=IF(AND(NOT(ISBLANK($G141)),ISBLANK($G142)),""Reste réel"","""")"
Juin 2026;142;D;D142;;"=IF(AND(NOT(ISBLANK($G141)),ISBLANK($G142)),$C$42-$H$40-$F$42,"""")"
Juin 2026;142;G;G142;Cube Gaz;
Juin 2026;142;H;H142;26.95;
Juin 2026;142;I;I142;x;
Juin 2026;142;J;J142;26.95;"=IF(I142=""x"",H142,0)"
Juin 2026;142;K;K142;Charges;
Juin 2026;143;A;A143;;"=IF(AND(NOT(ISBLANK(G142)),ISBLANK(G143)),""Reste prévu"","""")"
Juin 2026;143;B;B143;;"=IF(AND(NOT(ISBLANK($G142)),ISBLANK($G143)),$C$42-$F$40-$F$42,"""")"
Juin 2026;143;C;C143;;"=IF(AND(NOT(ISBLANK($G142)),ISBLANK($G143)),""Reste réel"","""")"
Juin 2026;143;D;D143;;"=IF(AND(NOT(ISBLANK($G142)),ISBLANK($G143)),$C$42-$H$40-$F$42,"""")"
Juin 2026;143;G;G143;Boulangerie Fanch;
Juin 2026;143;H;H143;6.6;
Juin 2026;143;I;I143;x;
Juin 2026;143;J;J143;6.6;"=IF(I143=""x"",H143,0)"
Juin 2026;143;K;K143;Courses;
Juin 2026;144;A;A144;;"=IF(AND(NOT(ISBLANK(G143)),ISBLANK(G144)),""Reste prévu"","""")"
Juin 2026;144;B;B144;;"=IF(AND(NOT(ISBLANK($G143)),ISBLANK($G144)),$C$42-$F$40-$F$42,"""")"
Juin 2026;144;C;C144;;"=IF(AND(NOT(ISBLANK($G143)),ISBLANK($G144)),""Reste réel"","""")"
Juin 2026;144;D;D144;;"=IF(AND(NOT(ISBLANK($G143)),ISBLANK($G144)),$C$42-$H$40-$F$42,"""")"
Juin 2026;144;G;G144;Train Arthur;
Juin 2026;144;H;H144;9;
Juin 2026;144;I;I144;x;
Juin 2026;144;J;J144;9;"=IF(I144=""x"",H144,0)"
Juin 2026;144;K;K144;Voiture/Déplacement;
Juin 2026;145;A;A145;;"=IF(AND(NOT(ISBLANK(G144)),ISBLANK(G145)),""Reste prévu"","""")"
Juin 2026;145;B;B145;;"=IF(AND(NOT(ISBLANK($G144)),ISBLANK($G145)),$C$42-$F$40-$F$42,"""")"
Juin 2026;145;C;C145;;"=IF(AND(NOT(ISBLANK($G144)),ISBLANK($G145)),""Reste réel"","""")"
Juin 2026;145;D;D145;;"=IF(AND(NOT(ISBLANK($G144)),ISBLANK($G145)),$C$42-$H$40-$F$42,"""")"
Juin 2026;145;G;G145;Leclerc;
Juin 2026;145;H;H145;42.43;
Juin 2026;145;I;I145;x;
Juin 2026;145;J;J145;42.43;"=IF(I145=""x"",H145,0)"
Juin 2026;145;K;K145;Courses;
Juin 2026;146;A;A146;;"=IF(AND(NOT(ISBLANK(G145)),ISBLANK(G146)),""Reste prévu"","""")"
Juin 2026;146;B;B146;;"=IF(AND(NOT(ISBLANK($G145)),ISBLANK($G146)),$C$42-$F$40-$F$42,"""")"
Juin 2026;146;C;C146;;"=IF(AND(NOT(ISBLANK($G145)),ISBLANK($G146)),""Reste réel"","""")"
Juin 2026;146;D;D146;;"=IF(AND(NOT(ISBLANK($G145)),ISBLANK($G146)),$C$42-$H$40-$F$42,"""")"
Juin 2026;146;G;G146;Amazon Disque ponçage;
Juin 2026;146;H;H146;30.9;
Juin 2026;146;I;I146;x;
Juin 2026;146;J;J146;30.9;"=IF(I146=""x"",H146,0)"
Juin 2026;146;K;K146;Bricolage/Travaux;
Juin 2026;147;A;A147;;"=IF(AND(NOT(ISBLANK(G146)),ISBLANK(G147)),""Reste prévu"","""")"
Juin 2026;147;B;B147;;"=IF(AND(NOT(ISBLANK($G146)),ISBLANK($G147)),$C$42-$F$40-$F$42,"""")"
Juin 2026;147;C;C147;;"=IF(AND(NOT(ISBLANK($G146)),ISBLANK($G147)),""Reste réel"","""")"
Juin 2026;147;D;D147;;"=IF(AND(NOT(ISBLANK($G146)),ISBLANK($G147)),$C$42-$H$40-$F$42,"""")"
Juin 2026;147;G;G147;Cigarettes;
Juin 2026;147;H;H147;13;
Juin 2026;147;I;I147;x;
Juin 2026;147;J;J147;13;"=IF(I147=""x"",H147,0)"
Juin 2026;147;K;K147;Divers;
Juin 2026;148;A;A148;;"=IF(AND(NOT(ISBLANK(G147)),ISBLANK(G148)),""Reste prévu"","""")"
Juin 2026;148;B;B148;;"=IF(AND(NOT(ISBLANK($G147)),ISBLANK($G148)),$C$42-$F$40-$F$42,"""")"
Juin 2026;148;C;C148;;"=IF(AND(NOT(ISBLANK($G147)),ISBLANK($G148)),""Reste réel"","""")"
Juin 2026;148;D;D148;;"=IF(AND(NOT(ISBLANK($G147)),ISBLANK($G148)),$C$42-$H$40-$F$42,"""")"
Juin 2026;148;G;G148;Leclerc;
Juin 2026;148;H;H148;45.45;
Juin 2026;148;I;I148;x;
Juin 2026;148;J;J148;45.45;"=IF(I148=""x"",H148,0)"
Juin 2026;148;K;K148;Courses;
Juin 2026;149;A;A149;;"=IF(AND(NOT(ISBLANK(G148)),ISBLANK(G149)),""Reste prévu"","""")"
Juin 2026;149;B;B149;;"=IF(AND(NOT(ISBLANK($G148)),ISBLANK($G149)),$C$42-$F$40-$F$42,"""")"
Juin 2026;149;C;C149;;"=IF(AND(NOT(ISBLANK($G148)),ISBLANK($G149)),""Reste réel"","""")"
Juin 2026;149;D;D149;;"=IF(AND(NOT(ISBLANK($G148)),ISBLANK($G149)),$C$42-$H$40-$F$42,"""")"
Juin 2026;149;G;G149;Toilettage;
Juin 2026;149;H;H149;55;
Juin 2026;149;I;I149;x;
Juin 2026;149;J;J149;55;"=IF(I149=""x"",H149,0)"
Juin 2026;149;K;K149;Divers;
Juin 2026;150;A;A150;;"=IF(AND(NOT(ISBLANK(G149)),ISBLANK(G150)),""Reste prévu"","""")"
Juin 2026;150;B;B150;;"=IF(AND(NOT(ISBLANK($G149)),ISBLANK($G150)),$C$42-$F$40-$F$42,"""")"
Juin 2026;150;C;C150;;"=IF(AND(NOT(ISBLANK($G149)),ISBLANK($G150)),""Reste réel"","""")"
Juin 2026;150;D;D150;;"=IF(AND(NOT(ISBLANK($G149)),ISBLANK($G150)),$C$42-$H$40-$F$42,"""")"
Juin 2026;150;G;G150;Boulangerie;
Juin 2026;150;H;H150;7.9;
Juin 2026;150;I;I150;x;
Juin 2026;150;J;J150;7.9;"=IF(I150=""x"",H150,0)"
Juin 2026;150;K;K150;Courses;
Juin 2026;151;A;A151;;"=IF(AND(NOT(ISBLANK(G150)),ISBLANK(G151)),""Reste prévu"","""")"
Juin 2026;151;B;B151;;"=IF(AND(NOT(ISBLANK($G150)),ISBLANK($G151)),$C$42-$F$40-$F$42,"""")"
Juin 2026;151;C;C151;;"=IF(AND(NOT(ISBLANK($G150)),ISBLANK($G151)),""Reste réel"","""")"
Juin 2026;151;D;D151;;"=IF(AND(NOT(ISBLANK($G150)),ISBLANK($G151)),$C$42-$H$40-$F$42,"""")"
Juin 2026;151;G;G151;Leclerc;
Juin 2026;151;H;H151;230.22;
Juin 2026;151;I;I151;x;
Juin 2026;151;J;J151;230.22;"=IF(I151=""x"",H151,0)"
Juin 2026;151;K;K151;Courses;
Juin 2026;152;A;A152;;"=IF(AND(NOT(ISBLANK(G151)),ISBLANK(G152)),""Reste prévu"","""")"
Juin 2026;152;B;B152;;"=IF(AND(NOT(ISBLANK($G151)),ISBLANK($G152)),$C$42-$F$40-$F$42,"""")"
Juin 2026;152;C;C152;;"=IF(AND(NOT(ISBLANK($G151)),ISBLANK($G152)),""Reste réel"","""")"
Juin 2026;152;D;D152;;"=IF(AND(NOT(ISBLANK($G151)),ISBLANK($G152)),$C$42-$H$40-$F$42,"""")"
Juin 2026;152;G;G152;Lidl;
Juin 2026;152;H;H152;148.17;
Juin 2026;152;I;I152;x;
Juin 2026;152;J;J152;148.17;"=IF(I152=""x"",H152,0)"
Juin 2026;152;K;K152;Courses;
Juin 2026;153;A;A153;;"=IF(AND(NOT(ISBLANK(G152)),ISBLANK(G153)),""Reste prévu"","""")"
Juin 2026;153;B;B153;;"=IF(AND(NOT(ISBLANK($G152)),ISBLANK($G153)),$C$42-$F$40-$F$42,"""")"
Juin 2026;153;C;C153;;"=IF(AND(NOT(ISBLANK($G152)),ISBLANK($G153)),""Reste réel"","""")"
Juin 2026;153;D;D153;;"=IF(AND(NOT(ISBLANK($G152)),ISBLANK($G153)),$C$42-$H$40-$F$42,"""")"
Juin 2026;153;G;G153;PDFAID;
Juin 2026;153;H;H153;49;
Juin 2026;153;I;I153;x;
Juin 2026;153;J;J153;49;"=IF(I153=""x"",H153,0)"
Juin 2026;153;K;K153;Divers;
Juin 2026;154;A;A154;;"=IF(AND(NOT(ISBLANK(G153)),ISBLANK(G154)),""Reste prévu"","""")"
Juin 2026;154;B;B154;;"=IF(AND(NOT(ISBLANK($G153)),ISBLANK($G154)),$C$42-$F$40-$F$42,"""")"
Juin 2026;154;C;C154;;"=IF(AND(NOT(ISBLANK($G153)),ISBLANK($G154)),""Reste réel"","""")"
Juin 2026;154;D;D154;;"=IF(AND(NOT(ISBLANK($G153)),ISBLANK($G154)),$C$42-$H$40-$F$42,"""")"
Juin 2026;154;G;G154;Leclerc;
Juin 2026;154;H;H154;18.12;
Juin 2026;154;I;I154;x;
Juin 2026;154;J;J154;18.12;"=IF(I154=""x"",H154,0)"
Juin 2026;154;K;K154;Courses;
Juin 2026;155;A;A155;;"=IF(AND(NOT(ISBLANK(G154)),ISBLANK(G155)),""Reste prévu"","""")"
Juin 2026;155;B;B155;;"=IF(AND(NOT(ISBLANK($G154)),ISBLANK($G155)),$C$42-$F$40-$F$42,"""")"
Juin 2026;155;C;C155;;"=IF(AND(NOT(ISBLANK($G154)),ISBLANK($G155)),""Reste réel"","""")"
Juin 2026;155;D;D155;;"=IF(AND(NOT(ISBLANK($G154)),ISBLANK($G155)),$C$42-$H$40-$F$42,"""")"
Juin 2026;155;G;G155;Leclerc;
Juin 2026;155;H;H155;26.33;
Juin 2026;155;I;I155;x;
Juin 2026;155;J;J155;26.33;"=IF(I155=""x"",H155,0)"
Juin 2026;155;K;K155;Courses;
Juin 2026;156;A;A156;Reste prévu;"=IF(AND(NOT(ISBLANK(G155)),ISBLANK(G156)),""Reste prévu"","""")"
Juin 2026;156;B;B156;#REF!;"=IF(AND(NOT(ISBLANK($G155)),ISBLANK($G156)),$C$42-$F$40-$F$42,"""")"
Juin 2026;156;C;C156;Reste réel;"=IF(AND(NOT(ISBLANK($G155)),ISBLANK($G156)),""Reste réel"","""")"
Juin 2026;156;D;D156;#REF!;"=IF(AND(NOT(ISBLANK($G155)),ISBLANK($G156)),$C$42-$H$40-$F$42,"""")"
Juin 2026;156;J;J156;0;"=IF(I156=""x"",H156,0)"
Juin 2026;157;A;A157;;"=IF(AND(NOT(ISBLANK(G156)),ISBLANK(G157)),""Reste prévu"","""")"
Juin 2026;157;B;B157;;"=IF(AND(NOT(ISBLANK($G156)),ISBLANK($G157)),$C$42-$F$40-$F$42,"""")"
Juin 2026;157;C;C157;;"=IF(AND(NOT(ISBLANK($G156)),ISBLANK($G157)),""Reste réel"","""")"
Juin 2026;157;D;D157;;"=IF(AND(NOT(ISBLANK($G156)),ISBLANK($G157)),$C$42-$H$40-$F$42,"""")"
Juin 2026;157;J;J157;0;"=IF(I157=""x"",H157,0)"
Juin 2026;158;A;A158;;"=IF(AND(NOT(ISBLANK(G157)),ISBLANK(G158)),""Reste prévu"","""")"
Juin 2026;158;B;B158;;"=IF(AND(NOT(ISBLANK($G157)),ISBLANK($G158)),$C$42-$F$40-$F$42,"""")"
Juin 2026;158;C;C158;;"=IF(AND(NOT(ISBLANK($G157)),ISBLANK($G158)),""Reste réel"","""")"
Juin 2026;158;D;D158;;"=IF(AND(NOT(ISBLANK($G157)),ISBLANK($G158)),$C$42-$H$40-$F$42,"""")"
Juin 2026;158;J;J158;0;"=IF(I158=""x"",H158,0)"
Juin 2026;159;A;A159;;"=IF(AND(NOT(ISBLANK(G158)),ISBLANK(G159)),""Reste prévu"","""")"
Juin 2026;159;B;B159;;"=IF(AND(NOT(ISBLANK($G158)),ISBLANK($G159)),$C$42-$F$40-$F$42,"""")"
Juin 2026;159;C;C159;;"=IF(AND(NOT(ISBLANK($G158)),ISBLANK($G159)),""Reste réel"","""")"
Juin 2026;159;D;D159;;"=IF(AND(NOT(ISBLANK($G158)),ISBLANK($G159)),$C$42-$H$40-$F$42,"""")"
Juin 2026;159;J;J159;0;"=IF(I159=""x"",H159,0)"
Juin 2026;160;A;A160;;"=IF(AND(NOT(ISBLANK(G159)),ISBLANK(G160)),""Reste prévu"","""")"
Juin 2026;160;B;B160;;"=IF(AND(NOT(ISBLANK($G159)),ISBLANK($G160)),$C$42-$F$40-$F$42,"""")"
Juin 2026;160;C;C160;;"=IF(AND(NOT(ISBLANK($G159)),ISBLANK($G160)),""Reste réel"","""")"
Juin 2026;160;D;D160;;"=IF(AND(NOT(ISBLANK($G159)),ISBLANK($G160)),$C$42-$H$40-$F$42,"""")"
Juin 2026;160;J;J160;0;"=IF(I160=""x"",H160,0)"
Juin 2026;161;A;A161;;"=IF(AND(NOT(ISBLANK(G160)),ISBLANK(G161)),""Reste prévu"","""")"
Juin 2026;161;B;B161;;"=IF(AND(NOT(ISBLANK($G160)),ISBLANK($G161)),$C$42-$F$40-$F$42,"""")"
Juin 2026;161;C;C161;;"=IF(AND(NOT(ISBLANK($G160)),ISBLANK($G161)),""Reste réel"","""")"
Juin 2026;161;D;D161;;"=IF(AND(NOT(ISBLANK($G160)),ISBLANK($G161)),$C$42-$H$40-$F$42,"""")"
Juin 2026;161;J;J161;0;"=IF(I161=""x"",H161,0)"
Juin 2026;162;A;A162;;"=IF(AND(NOT(ISBLANK(G161)),ISBLANK(G162)),""Reste prévu"","""")"
Juin 2026;162;B;B162;;"=IF(AND(NOT(ISBLANK($G161)),ISBLANK($G162)),$C$42-$F$40-$F$42,"""")"
Juin 2026;162;C;C162;;"=IF(AND(NOT(ISBLANK($G161)),ISBLANK($G162)),""Reste réel"","""")"
Juin 2026;162;D;D162;;"=IF(AND(NOT(ISBLANK($G161)),ISBLANK($G162)),$C$42-$H$40-$F$42,"""")"
Juin 2026;162;J;J162;0;"=IF(I162=""x"",H162,0)"
Juin 2026;163;A;A163;;"=IF(AND(NOT(ISBLANK(G162)),ISBLANK(G163)),""Reste prévu"","""")"
Juin 2026;163;B;B163;;"=IF(AND(NOT(ISBLANK($G162)),ISBLANK($G163)),$C$42-$F$40-$F$42,"""")"
Juin 2026;163;C;C163;;"=IF(AND(NOT(ISBLANK($G162)),ISBLANK($G163)),""Reste réel"","""")"
Juin 2026;163;D;D163;;"=IF(AND(NOT(ISBLANK($G162)),ISBLANK($G163)),$C$42-$H$40-$F$42,"""")"
Juin 2026;163;J;J163;0;"=IF(I163=""x"",H163,0)"
Juin 2026;164;A;A164;;"=IF(AND(NOT(ISBLANK(G163)),ISBLANK(G164)),""Reste prévu"","""")"
Juin 2026;164;B;B164;;"=IF(AND(NOT(ISBLANK($G163)),ISBLANK($G164)),$C$42-$F$40-$F$42,"""")"
Juin 2026;164;C;C164;;"=IF(AND(NOT(ISBLANK($G163)),ISBLANK($G164)),""Reste réel"","""")"
Juin 2026;164;D;D164;;"=IF(AND(NOT(ISBLANK($G163)),ISBLANK($G164)),$C$42-$H$40-$F$42,"""")"
Juin 2026;164;J;J164;0;"=IF(I164=""x"",H164,0)"
Juin 2026;165;A;A165;;"=IF(AND(NOT(ISBLANK(G164)),ISBLANK(G165)),""Reste prévu"","""")"
Juin 2026;165;B;B165;;"=IF(AND(NOT(ISBLANK($G164)),ISBLANK($G165)),$C$42-$F$40-$F$42,"""")"
Juin 2026;165;C;C165;;"=IF(AND(NOT(ISBLANK($G164)),ISBLANK($G165)),""Reste réel"","""")"
Juin 2026;165;D;D165;;"=IF(AND(NOT(ISBLANK($G164)),ISBLANK($G165)),$C$42-$H$40-$F$42,"""")"
Juin 2026;165;J;J165;0;"=IF(I165=""x"",H165,0)"
Juin 2026;166;A;A166;;"=IF(AND(NOT(ISBLANK(G165)),ISBLANK(G166)),""Reste prévu"","""")"
Juin 2026;166;B;B166;;"=IF(AND(NOT(ISBLANK($G165)),ISBLANK($G166)),$C$42-$F$40-$F$42,"""")"
Juin 2026;166;C;C166;;"=IF(AND(NOT(ISBLANK($G165)),ISBLANK($G166)),""Reste réel"","""")"
Juin 2026;166;D;D166;;"=IF(AND(NOT(ISBLANK($G165)),ISBLANK($G166)),$C$42-$H$40-$F$42,"""")"
Juin 2026;166;J;J166;0;"=IF(I166=""x"",H166,0)"
Juin 2026;167;A;A167;;"=IF(AND(NOT(ISBLANK(G166)),ISBLANK(G167)),""Reste prévu"","""")"
Juin 2026;167;B;B167;;"=IF(AND(NOT(ISBLANK($G166)),ISBLANK($G167)),$C$42-$F$40-$F$42,"""")"
Juin 2026;167;C;C167;;"=IF(AND(NOT(ISBLANK($G166)),ISBLANK($G167)),""Reste réel"","""")"
Juin 2026;167;D;D167;;"=IF(AND(NOT(ISBLANK($G166)),ISBLANK($G167)),$C$42-$H$40-$F$42,"""")"
Juin 2026;167;J;J167;0;"=IF(I167=""x"",H167,0)"
Juin 2026;168;A;A168;;"=IF(AND(NOT(ISBLANK(G167)),ISBLANK(G168)),""Reste prévu"","""")"
Juin 2026;168;B;B168;;"=IF(AND(NOT(ISBLANK($G167)),ISBLANK($G168)),$C$42-$F$40-$F$42,"""")"
Juin 2026;168;C;C168;;"=IF(AND(NOT(ISBLANK($G167)),ISBLANK($G168)),""Reste réel"","""")"
Juin 2026;168;D;D168;;"=IF(AND(NOT(ISBLANK($G167)),ISBLANK($G168)),$C$42-$H$40-$F$42,"""")"
Juin 2026;168;J;J168;0;"=IF(I168=""x"",H168,0)"
Juin 2026;169;A;A169;;"=IF(AND(NOT(ISBLANK(G168)),ISBLANK(G169)),""Reste prévu"","""")"
Juin 2026;169;B;B169;;"=IF(AND(NOT(ISBLANK($G168)),ISBLANK($G169)),$C$42-$F$40-$F$42,"""")"
Juin 2026;169;C;C169;;"=IF(AND(NOT(ISBLANK($G168)),ISBLANK($G169)),""Reste réel"","""")"
Juin 2026;169;D;D169;;"=IF(AND(NOT(ISBLANK($G168)),ISBLANK($G169)),$C$42-$H$40-$F$42,"""")"
Juin 2026;169;J;J169;0;"=IF(I169=""x"",H169,0)"
Juin 2026;170;A;A170;;"=IF(AND(NOT(ISBLANK(G169)),ISBLANK(G170)),""Reste prévu"","""")"
Juin 2026;170;B;B170;;"=IF(AND(NOT(ISBLANK($G169)),ISBLANK($G170)),$C$42-$F$40-$F$42,"""")"
Juin 2026;170;C;C170;;"=IF(AND(NOT(ISBLANK($G169)),ISBLANK($G170)),""Reste réel"","""")"
Juin 2026;170;D;D170;;"=IF(AND(NOT(ISBLANK($G169)),ISBLANK($G170)),$C$42-$H$40-$F$42,"""")"
Juin 2026;170;J;J170;0;"=IF(I170=""x"",H170,0)"
Juin 2026;171;A;A171;;"=IF(AND(NOT(ISBLANK(G170)),ISBLANK(G171)),""Reste prévu"","""")"
Juin 2026;171;B;B171;;"=IF(AND(NOT(ISBLANK($G170)),ISBLANK($G171)),$C$42-$F$40-$F$42,"""")"
Juin 2026;171;C;C171;;"=IF(AND(NOT(ISBLANK($G170)),ISBLANK($G171)),""Reste réel"","""")"
Juin 2026;171;D;D171;;"=IF(AND(NOT(ISBLANK($G170)),ISBLANK($G171)),$C$42-$H$40-$F$42,"""")"
Juin 2026;171;J;J171;0;"=IF(I171=""x"",H171,0)"
Juin 2026;172;A;A172;;"=IF(AND(NOT(ISBLANK(G171)),ISBLANK(G172)),""Reste prévu"","""")"
Juin 2026;172;B;B172;;"=IF(AND(NOT(ISBLANK($G171)),ISBLANK($G172)),$C$42-$F$40-$F$42,"""")"
Juin 2026;172;C;C172;;"=IF(AND(NOT(ISBLANK($G171)),ISBLANK($G172)),""Reste réel"","""")"
Juin 2026;172;D;D172;;"=IF(AND(NOT(ISBLANK($G171)),ISBLANK($G172)),$C$42-$H$40-$F$42,"""")"
Juin 2026;172;J;J172;0;"=IF(I172=""x"",H172,0)"
Juin 2026;173;A;A173;;"=IF(AND(NOT(ISBLANK(G172)),ISBLANK(G173)),""Reste prévu"","""")"
Juin 2026;173;B;B173;;"=IF(AND(NOT(ISBLANK($G172)),ISBLANK($G173)),$C$42-$F$40-$F$42,"""")"
Juin 2026;173;C;C173;;"=IF(AND(NOT(ISBLANK($G172)),ISBLANK($G173)),""Reste réel"","""")"
Juin 2026;173;D;D173;;"=IF(AND(NOT(ISBLANK($G172)),ISBLANK($G173)),$C$42-$H$40-$F$42,"""")"
Juin 2026;173;J;J173;0;"=IF(I173=""x"",H173,0)"
Juin 2026;174;A;A174;;"=IF(AND(NOT(ISBLANK(G173)),ISBLANK(G174)),""Reste prévu"","""")"
Juin 2026;174;B;B174;;"=IF(AND(NOT(ISBLANK($G173)),ISBLANK($G174)),$C$42-$F$40-$F$42,"""")"
Juin 2026;174;C;C174;;"=IF(AND(NOT(ISBLANK($G173)),ISBLANK($G174)),""Reste réel"","""")"
Juin 2026;174;D;D174;;"=IF(AND(NOT(ISBLANK($G173)),ISBLANK($G174)),$C$42-$H$40-$F$42,"""")"
Juin 2026;174;J;J174;0;"=IF(I174=""x"",H174,0)"
Juin 2026;175;A;A175;;"=IF(AND(NOT(ISBLANK(G174)),ISBLANK(G175)),""Reste prévu"","""")"
Juin 2026;175;B;B175;;"=IF(AND(NOT(ISBLANK($G174)),ISBLANK($G175)),$C$42-$F$40-$F$42,"""")"
Juin 2026;175;C;C175;;"=IF(AND(NOT(ISBLANK($G174)),ISBLANK($G175)),""Reste réel"","""")"
Juin 2026;175;D;D175;;"=IF(AND(NOT(ISBLANK($G174)),ISBLANK($G175)),$C$42-$H$40-$F$42,"""")"
Juin 2026;175;J;J175;0;"=IF(I175=""x"",H175,0)"
Juin 2026;176;A;A176;;"=IF(AND(NOT(ISBLANK(G175)),ISBLANK(G176)),""Reste prévu"","""")"
Juin 2026;176;B;B176;;"=IF(AND(NOT(ISBLANK($G175)),ISBLANK($G176)),$C$42-$F$40-$F$42,"""")"
Juin 2026;176;C;C176;;"=IF(AND(NOT(ISBLANK($G175)),ISBLANK($G176)),""Reste réel"","""")"
Juin 2026;176;D;D176;;"=IF(AND(NOT(ISBLANK($G175)),ISBLANK($G176)),$C$42-$H$40-$F$42,"""")"
Juin 2026;176;J;J176;0;"=IF(I176=""x"",H176,0)"
Juin 2026;177;A;A177;;"=IF(AND(NOT(ISBLANK(G176)),ISBLANK(G177)),""Reste prévu"","""")"
Juin 2026;177;B;B177;;"=IF(AND(NOT(ISBLANK($G176)),ISBLANK($G177)),$C$42-$F$40-$F$42,"""")"
Juin 2026;177;C;C177;;"=IF(AND(NOT(ISBLANK($G176)),ISBLANK($G177)),""Reste réel"","""")"
Juin 2026;177;D;D177;;"=IF(AND(NOT(ISBLANK($G176)),ISBLANK($G177)),$C$42-$H$40-$F$42,"""")"
Juin 2026;177;J;J177;0;"=IF(I177=""x"",H177,0)"
Juin 2026;178;A;A178;;"=IF(AND(NOT(ISBLANK(G177)),ISBLANK(G178)),""Reste prévu"","""")"
Juin 2026;178;B;B178;;"=IF(AND(NOT(ISBLANK($G177)),ISBLANK($G178)),$C$42-$F$40-$F$42,"""")"
Juin 2026;178;C;C178;;"=IF(AND(NOT(ISBLANK($G177)),ISBLANK($G178)),""Reste réel"","""")"
Juin 2026;178;D;D178;;"=IF(AND(NOT(ISBLANK($G177)),ISBLANK($G178)),$C$42-$H$40-$F$42,"""")"
Juin 2026;178;J;J178;0;"=IF(I178=""x"",H178,0)"
Juin 2026;179;A;A179;;"=IF(AND(NOT(ISBLANK(G178)),ISBLANK(G179)),""Reste prévu"","""")"
Juin 2026;179;B;B179;;"=IF(AND(NOT(ISBLANK($G178)),ISBLANK($G179)),$C$42-$F$40-$F$42,"""")"
Juin 2026;179;C;C179;;"=IF(AND(NOT(ISBLANK($G178)),ISBLANK($G179)),""Reste réel"","""")"
Juin 2026;179;D;D179;;"=IF(AND(NOT(ISBLANK($G178)),ISBLANK($G179)),$C$42-$H$40-$F$42,"""")"
Juin 2026;179;J;J179;0;"=IF(I179=""x"",H179,0)"
Juin 2026;180;A;A180;;"=IF(AND(NOT(ISBLANK(G179)),ISBLANK(G180)),""Reste prévu"","""")"
Juin 2026;180;B;B180;;"=IF(AND(NOT(ISBLANK($G179)),ISBLANK($G180)),$C$42-$F$40-$F$42,"""")"
Juin 2026;180;C;C180;;"=IF(AND(NOT(ISBLANK($G179)),ISBLANK($G180)),""Reste réel"","""")"
Juin 2026;180;D;D180;;"=IF(AND(NOT(ISBLANK($G179)),ISBLANK($G180)),$C$42-$H$40-$F$42,"""")"
Juin 2026;180;J;J180;0;"=IF(I180=""x"",H180,0)"
Juin 2026;181;A;A181;;"=IF(AND(NOT(ISBLANK(G180)),ISBLANK(G181)),""Reste prévu"","""")"
Juin 2026;181;B;B181;;"=IF(AND(NOT(ISBLANK($G180)),ISBLANK($G181)),$C$42-$F$40-$F$42,"""")"
Juin 2026;181;C;C181;;"=IF(AND(NOT(ISBLANK($G180)),ISBLANK($G181)),""Reste réel"","""")"
Juin 2026;181;D;D181;;"=IF(AND(NOT(ISBLANK($G180)),ISBLANK($G181)),$C$42-$H$40-$F$42,"""")"
Juin 2026;181;J;J181;0;"=IF(I181=""x"",H181,0)"
Juin 2026;182;A;A182;;"=IF(AND(NOT(ISBLANK(G181)),ISBLANK(G182)),""Reste prévu"","""")"
Juin 2026;182;B;B182;;"=IF(AND(NOT(ISBLANK($G181)),ISBLANK($G182)),$C$42-$F$40-$F$42,"""")"
Juin 2026;182;C;C182;;"=IF(AND(NOT(ISBLANK($G181)),ISBLANK($G182)),""Reste réel"","""")"
Juin 2026;182;D;D182;;"=IF(AND(NOT(ISBLANK($G181)),ISBLANK($G182)),$C$42-$H$40-$F$42,"""")"
Juin 2026;182;J;J182;0;"=IF(I182=""x"",H182,0)"
Juin 2026;183;A;A183;;"=IF(AND(NOT(ISBLANK(G182)),ISBLANK(G183)),""Reste prévu"","""")"
Juin 2026;183;B;B183;;"=IF(AND(NOT(ISBLANK($G182)),ISBLANK($G183)),$C$42-$F$40-$F$42,"""")"
Juin 2026;183;C;C183;;"=IF(AND(NOT(ISBLANK($G182)),ISBLANK($G183)),""Reste réel"","""")"
Juin 2026;183;D;D183;;"=IF(AND(NOT(ISBLANK($G182)),ISBLANK($G183)),$C$42-$H$40-$F$42,"""")"
Juin 2026;183;J;J183;0;"=IF(I183=""x"",H183,0)"
Juin 2026;184;A;A184;;"=IF(AND(NOT(ISBLANK(G183)),ISBLANK(G184)),""Reste prévu"","""")"
Juin 2026;184;B;B184;;"=IF(AND(NOT(ISBLANK($G183)),ISBLANK($G184)),$C$42-$F$40-$F$42,"""")"
Juin 2026;184;C;C184;;"=IF(AND(NOT(ISBLANK($G183)),ISBLANK($G184)),""Reste réel"","""")"
Juin 2026;184;D;D184;;"=IF(AND(NOT(ISBLANK($G183)),ISBLANK($G184)),$C$42-$H$40-$F$42,"""")"
Juin 2026;184;J;J184;0;"=IF(I184=""x"",H184,0)"
Juin 2026;185;A;A185;;"=IF(AND(NOT(ISBLANK(G184)),ISBLANK(G185)),""Reste prévu"","""")"
Juin 2026;185;B;B185;;"=IF(AND(NOT(ISBLANK($G184)),ISBLANK($G185)),$C$42-$F$40-$F$42,"""")"
Juin 2026;185;C;C185;;"=IF(AND(NOT(ISBLANK($G184)),ISBLANK($G185)),""Reste réel"","""")"
Juin 2026;185;D;D185;;"=IF(AND(NOT(ISBLANK($G184)),ISBLANK($G185)),$C$42-$H$40-$F$42,"""")"
Juin 2026;185;J;J185;0;"=IF(I185=""x"",H185,0)"
Juin 2026;186;A;A186;;"=IF(AND(NOT(ISBLANK(G185)),ISBLANK(G186)),""Reste prévu"","""")"
Juin 2026;186;B;B186;;"=IF(AND(NOT(ISBLANK($G185)),ISBLANK($G186)),$C$42-$F$40-$F$42,"""")"
Juin 2026;186;C;C186;;"=IF(AND(NOT(ISBLANK($G185)),ISBLANK($G186)),""Reste réel"","""")"
Juin 2026;186;D;D186;;"=IF(AND(NOT(ISBLANK($G185)),ISBLANK($G186)),$C$42-$H$40-$F$42,"""")"
Juin 2026;186;J;J186;0;"=IF(I186=""x"",H186,0)"
Juin 2026;187;A;A187;;"=IF(AND(NOT(ISBLANK(G186)),ISBLANK(G187)),""Reste prévu"","""")"
Juin 2026;187;B;B187;;"=IF(AND(NOT(ISBLANK($G186)),ISBLANK($G187)),$C$42-$F$40-$F$42,"""")"
Juin 2026;187;C;C187;;"=IF(AND(NOT(ISBLANK($G186)),ISBLANK($G187)),""Reste réel"","""")"
Juin 2026;187;D;D187;;"=IF(AND(NOT(ISBLANK($G186)),ISBLANK($G187)),$C$42-$H$40-$F$42,"""")"
Juin 2026;187;J;J187;0;"=IF(I187=""x"",H187,0)"
Juin 2026;188;A;A188;;"=IF(AND(NOT(ISBLANK(G187)),ISBLANK(G188)),""Reste prévu"","""")"
Juin 2026;188;B;B188;;"=IF(AND(NOT(ISBLANK($G187)),ISBLANK($G188)),$C$42-$F$40-$F$42,"""")"
Juin 2026;188;C;C188;;"=IF(AND(NOT(ISBLANK($G187)),ISBLANK($G188)),""Reste réel"","""")"
Juin 2026;188;D;D188;;"=IF(AND(NOT(ISBLANK($G187)),ISBLANK($G188)),$C$42-$H$40-$F$42,"""")"
Juin 2026;188;J;J188;0;"=IF(I188=""x"",H188,0)"
Juin 2026;189;A;A189;;"=IF(AND(NOT(ISBLANK(G188)),ISBLANK(G189)),""Reste prévu"","""")"
Juin 2026;189;B;B189;;"=IF(AND(NOT(ISBLANK($G188)),ISBLANK($G189)),$C$42-$F$40-$F$42,"""")"
Juin 2026;189;C;C189;;"=IF(AND(NOT(ISBLANK($G188)),ISBLANK($G189)),""Reste réel"","""")"
Juin 2026;189;D;D189;;"=IF(AND(NOT(ISBLANK($G188)),ISBLANK($G189)),$C$42-$H$40-$F$42,"""")"
Juin 2026;189;J;J189;0;"=IF(I189=""x"",H189,0)"
Juin 2026;190;A;A190;;"=IF(AND(NOT(ISBLANK(G189)),ISBLANK(G190)),""Reste prévu"","""")"
Juin 2026;190;B;B190;;"=IF(AND(NOT(ISBLANK($G189)),ISBLANK($G190)),$C$42-$F$40-$F$42,"""")"
Juin 2026;190;C;C190;;"=IF(AND(NOT(ISBLANK($G189)),ISBLANK($G190)),""Reste réel"","""")"
Juin 2026;190;D;D190;;"=IF(AND(NOT(ISBLANK($G189)),ISBLANK($G190)),$C$42-$H$40-$F$42,"""")"
Juin 2026;190;J;J190;0;"=IF(I190=""x"",H190,0)"
Juin 2026;191;A;A191;;"=IF(AND(NOT(ISBLANK(G190)),ISBLANK(G191)),""Reste prévu"","""")"
Juin 2026;191;B;B191;;"=IF(AND(NOT(ISBLANK($G190)),ISBLANK($G191)),$C$42-$F$40-$F$42,"""")"
Juin 2026;191;C;C191;;"=IF(AND(NOT(ISBLANK($G190)),ISBLANK($G191)),""Reste réel"","""")"
Juin 2026;191;D;D191;;"=IF(AND(NOT(ISBLANK($G190)),ISBLANK($G191)),$C$42-$H$40-$F$42,"""")"
Juin 2026;191;J;J191;0;"=IF(I191=""x"",H191,0)"
Juin 2026;192;A;A192;;"=IF(AND(NOT(ISBLANK(G191)),ISBLANK(G192)),""Reste prévu"","""")"
Juin 2026;192;B;B192;;"=IF(AND(NOT(ISBLANK($G191)),ISBLANK($G192)),$C$42-$F$40-$F$42,"""")"
Juin 2026;192;C;C192;;"=IF(AND(NOT(ISBLANK($G191)),ISBLANK($G192)),""Reste réel"","""")"
Juin 2026;192;D;D192;;"=IF(AND(NOT(ISBLANK($G191)),ISBLANK($G192)),$C$42-$H$40-$F$42,"""")"
Juin 2026;192;J;J192;0;"=IF(I192=""x"",H192,0)"
Juin 2026;193;A;A193;;"=IF(AND(NOT(ISBLANK(G192)),ISBLANK(G193)),""Reste prévu"","""")"
Juin 2026;193;B;B193;;"=IF(AND(NOT(ISBLANK($G192)),ISBLANK($G193)),$C$42-$F$40-$F$42,"""")"
Juin 2026;193;C;C193;;"=IF(AND(NOT(ISBLANK($G192)),ISBLANK($G193)),""Reste réel"","""")"
Juin 2026;193;D;D193;;"=IF(AND(NOT(ISBLANK($G192)),ISBLANK($G193)),$C$42-$H$40-$F$42,"""")"
Juin 2026;193;J;J193;0;"=IF(I193=""x"",H193,0)"
Juin 2026;194;A;A194;;"=IF(AND(NOT(ISBLANK(G193)),ISBLANK(G194)),""Reste prévu"","""")"
Juin 2026;194;B;B194;;"=IF(AND(NOT(ISBLANK($G193)),ISBLANK($G194)),$C$42-$F$40-$F$42,"""")"
Juin 2026;194;C;C194;;"=IF(AND(NOT(ISBLANK($G193)),ISBLANK($G194)),""Reste réel"","""")"
Juin 2026;194;D;D194;;"=IF(AND(NOT(ISBLANK($G193)),ISBLANK($G194)),$C$42-$H$40-$F$42,"""")"
Juin 2026;194;J;J194;0;"=IF(I194=""x"",H194,0)"
Juin 2026;195;A;A195;;"=IF(AND(NOT(ISBLANK(G194)),ISBLANK(G195)),""Reste prévu"","""")"
Juin 2026;195;B;B195;;"=IF(AND(NOT(ISBLANK($G194)),ISBLANK($G195)),$C$42-$F$40-$F$42,"""")"
Juin 2026;195;C;C195;;"=IF(AND(NOT(ISBLANK($G194)),ISBLANK($G195)),""Reste réel"","""")"
Juin 2026;195;D;D195;;"=IF(AND(NOT(ISBLANK($G194)),ISBLANK($G195)),$C$42-$H$40-$F$42,"""")"
Juin 2026;195;J;J195;0;"=IF(I195=""x"",H195,0)"
Juin 2026;196;A;A196;;"=IF(AND(NOT(ISBLANK(G195)),ISBLANK(G196)),""Reste prévu"","""")"
Juin 2026;196;B;B196;;"=IF(AND(NOT(ISBLANK($G195)),ISBLANK($G196)),$C$42-$F$40-$F$42,"""")"
Juin 2026;196;C;C196;;"=IF(AND(NOT(ISBLANK($G195)),ISBLANK($G196)),""Reste réel"","""")"
Juin 2026;196;D;D196;;"=IF(AND(NOT(ISBLANK($G195)),ISBLANK($G196)),$C$42-$H$40-$F$42,"""")"
Juin 2026;196;J;J196;0;"=IF(I196=""x"",H196,0)"
Juin 2026;197;A;A197;;"=IF(AND(NOT(ISBLANK(G196)),ISBLANK(G197)),""Reste prévu"","""")"
Juin 2026;197;B;B197;;"=IF(AND(NOT(ISBLANK($G196)),ISBLANK($G197)),$C$42-$F$40-$F$42,"""")"
Juin 2026;197;C;C197;;"=IF(AND(NOT(ISBLANK($G196)),ISBLANK($G197)),""Reste réel"","""")"
Juin 2026;197;D;D197;;"=IF(AND(NOT(ISBLANK($G196)),ISBLANK($G197)),$C$42-$H$40-$F$42,"""")"
Juin 2026;197;J;J197;0;"=IF(I197=""x"",H197,0)"
Juin 2026;198;A;A198;;"=IF(AND(NOT(ISBLANK(G197)),ISBLANK(G198)),""Reste prévu"","""")"
Juin 2026;198;B;B198;;"=IF(AND(NOT(ISBLANK($G197)),ISBLANK($G198)),$C$42-$F$40-$F$42,"""")"
Juin 2026;198;C;C198;;"=IF(AND(NOT(ISBLANK($G197)),ISBLANK($G198)),""Reste réel"","""")"
Juin 2026;198;D;D198;;"=IF(AND(NOT(ISBLANK($G197)),ISBLANK($G198)),$C$42-$H$40-$F$42,"""")"
Juin 2026;198;J;J198;0;"=IF(I198=""x"",H198,0)"
Juin 2026;199;A;A199;;"=IF(AND(NOT(ISBLANK(G198)),ISBLANK(G199)),""Reste prévu"","""")"
Juin 2026;199;B;B199;;"=IF(AND(NOT(ISBLANK($G198)),ISBLANK($G199)),$C$42-$F$40-$F$42,"""")"
Juin 2026;199;C;C199;;"=IF(AND(NOT(ISBLANK($G198)),ISBLANK($G199)),""Reste réel"","""")"
Juin 2026;199;D;D199;;"=IF(AND(NOT(ISBLANK($G198)),ISBLANK($G199)),$C$42-$H$40-$F$42,"""")"
Juin 2026;199;J;J199;0;"=IF(I199=""x"",H199,0)"
Juin 2026;200;A;A200;;"=IF(AND(NOT(ISBLANK(G199)),ISBLANK(G200)),""Reste prévu"","""")"
Juin 2026;200;B;B200;;"=IF(AND(NOT(ISBLANK($G199)),ISBLANK($G200)),$C$42-$F$40-$F$42,"""")"
Juin 2026;200;C;C200;;"=IF(AND(NOT(ISBLANK($G199)),ISBLANK($G200)),""Reste réel"","""")"
Juin 2026;200;D;D200;;"=IF(AND(NOT(ISBLANK($G199)),ISBLANK($G200)),$C$42-$H$40-$F$42,"""")"
Juin 2026;200;J;J200;0;"=IF(I200=""x"",H200,0)"
Juin 2026;201;A;A201;;"=IF(AND(NOT(ISBLANK(G200)),ISBLANK(G201)),""Reste prévu"","""")"
Juin 2026;201;B;B201;;"=IF(AND(NOT(ISBLANK($G200)),ISBLANK($G201)),$C$42-$F$40-$F$42,"""")"
Juin 2026;201;C;C201;;"=IF(AND(NOT(ISBLANK($G200)),ISBLANK($G201)),""Reste réel"","""")"
Juin 2026;201;D;D201;;"=IF(AND(NOT(ISBLANK($G200)),ISBLANK($G201)),$C$42-$H$40-$F$42,"""")"
Juin 2026;201;J;J201;0;"=IF(I201=""x"",H201,0)"
Juin 2026;202;A;A202;;"=IF(AND(NOT(ISBLANK(G201)),ISBLANK(G202)),""Reste prévu"","""")"
Juin 2026;202;B;B202;;"=IF(AND(NOT(ISBLANK($G201)),ISBLANK($G202)),$C$42-$F$40-$F$42,"""")"
Juin 2026;202;C;C202;;"=IF(AND(NOT(ISBLANK($G201)),ISBLANK($G202)),""Reste réel"","""")"
Juin 2026;202;D;D202;;"=IF(AND(NOT(ISBLANK($G201)),ISBLANK($G202)),$C$42-$H$40-$F$42,"""")"
Juin 2026;202;J;J202;0;"=IF(I202=""x"",H202,0)"
Juin 2026;203;A;A203;;"=IF(AND(NOT(ISBLANK(G202)),ISBLANK(G203)),""Reste prévu"","""")"
Juin 2026;203;B;B203;;"=IF(AND(NOT(ISBLANK($G202)),ISBLANK($G203)),$C$42-$F$40-$F$42,"""")"
Juin 2026;203;C;C203;;"=IF(AND(NOT(ISBLANK($G202)),ISBLANK($G203)),""Reste réel"","""")"
Juin 2026;203;D;D203;;"=IF(AND(NOT(ISBLANK($G202)),ISBLANK($G203)),$C$42-$H$40-$F$42,"""")"
Juin 2026;203;J;J203;0;"=IF(I203=""x"",H203,0)"
Juin 2026;204;A;A204;;"=IF(AND(NOT(ISBLANK(G203)),ISBLANK(G204)),""Reste prévu"","""")"
Juin 2026;204;B;B204;;"=IF(AND(NOT(ISBLANK($G203)),ISBLANK($G204)),$C$42-$F$40-$F$42,"""")"
Juin 2026;204;C;C204;;"=IF(AND(NOT(ISBLANK($G203)),ISBLANK($G204)),""Reste réel"","""")"
Juin 2026;204;D;D204;;"=IF(AND(NOT(ISBLANK($G203)),ISBLANK($G204)),$C$42-$H$40-$F$42,"""")"
Juin 2026;204;J;J204;0;"=IF(I204=""x"",H204,0)"
Juin 2026;205;A;A205;;"=IF(AND(NOT(ISBLANK(G204)),ISBLANK(G205)),""Reste prévu"","""")"
Juin 2026;205;B;B205;;"=IF(AND(NOT(ISBLANK($G204)),ISBLANK($G205)),$C$42-$F$40-$F$42,"""")"
Juin 2026;205;C;C205;;"=IF(AND(NOT(ISBLANK($G204)),ISBLANK($G205)),""Reste réel"","""")"
Juin 2026;205;D;D205;;"=IF(AND(NOT(ISBLANK($G204)),ISBLANK($G205)),$C$42-$H$40-$F$42,"""")"
Juin 2026;205;J;J205;0;"=IF(I205=""x"",H205,0)"
Juin 2026;206;A;A206;;"=IF(AND(NOT(ISBLANK(G205)),ISBLANK(G206)),""Reste prévu"","""")"
Juin 2026;206;B;B206;;"=IF(AND(NOT(ISBLANK($G205)),ISBLANK($G206)),$C$42-$F$40-$F$42,"""")"
Juin 2026;206;C;C206;;"=IF(AND(NOT(ISBLANK($G205)),ISBLANK($G206)),""Reste réel"","""")"
Juin 2026;206;D;D206;;"=IF(AND(NOT(ISBLANK($G205)),ISBLANK($G206)),$C$42-$H$40-$F$42,"""")"
Juin 2026;206;J;J206;0;"=IF(I206=""x"",H206,0)"
Juin 2026;207;A;A207;;"=IF(AND(NOT(ISBLANK(G206)),ISBLANK(G207)),""Reste prévu"","""")"
Juin 2026;207;B;B207;;"=IF(AND(NOT(ISBLANK($G206)),ISBLANK($G207)),$C$42-$F$40-$F$42,"""")"
Juin 2026;207;C;C207;;"=IF(AND(NOT(ISBLANK($G206)),ISBLANK($G207)),""Reste réel"","""")"
Juin 2026;207;D;D207;;"=IF(AND(NOT(ISBLANK($G206)),ISBLANK($G207)),$C$42-$H$40-$F$42,"""")"
Juin 2026;207;J;J207;0;"=IF(I207=""x"",H207,0)"
Juin 2026;208;A;A208;;"=IF(AND(NOT(ISBLANK(G207)),ISBLANK(G208)),""Reste prévu"","""")"
Juin 2026;208;B;B208;;"=IF(AND(NOT(ISBLANK($G207)),ISBLANK($G208)),$C$42-$F$40-$F$42,"""")"
Juin 2026;208;C;C208;;"=IF(AND(NOT(ISBLANK($G207)),ISBLANK($G208)),""Reste réel"","""")"
Juin 2026;208;D;D208;;"=IF(AND(NOT(ISBLANK($G207)),ISBLANK($G208)),$C$42-$H$40-$F$42,"""")"
Juin 2026;208;J;J208;0;"=IF(I208=""x"",H208,0)"
Juin 2026;209;A;A209;;"=IF(AND(NOT(ISBLANK(G208)),ISBLANK(G209)),""Reste prévu"","""")"
Juin 2026;209;B;B209;;"=IF(AND(NOT(ISBLANK($G208)),ISBLANK($G209)),$C$42-$F$40-$F$42,"""")"
Juin 2026;209;C;C209;;"=IF(AND(NOT(ISBLANK($G208)),ISBLANK($G209)),""Reste réel"","""")"
Juin 2026;209;D;D209;;"=IF(AND(NOT(ISBLANK($G208)),ISBLANK($G209)),$C$42-$H$40-$F$42,"""")"
Juin 2026;209;J;J209;0;"=IF(I209=""x"",H209,0)"
Juin 2026;210;A;A210;;"=IF(AND(NOT(ISBLANK(G209)),ISBLANK(G210)),""Reste prévu"","""")"
Juin 2026;210;B;B210;;"=IF(AND(NOT(ISBLANK($G209)),ISBLANK($G210)),$C$42-$F$40-$F$42,"""")"
Juin 2026;210;C;C210;;"=IF(AND(NOT(ISBLANK($G209)),ISBLANK($G210)),""Reste réel"","""")"
Juin 2026;210;D;D210;;"=IF(AND(NOT(ISBLANK($G209)),ISBLANK($G210)),$C$42-$H$40-$F$42,"""")"
Juin 2026;210;J;J210;0;"=IF(I210=""x"",H210,0)"
Juin 2026;211;A;A211;;"=IF(AND(NOT(ISBLANK(G210)),ISBLANK(G211)),""Reste prévu"","""")"
Juin 2026;211;B;B211;;"=IF(AND(NOT(ISBLANK($G210)),ISBLANK($G211)),$C$42-$F$40-$F$42,"""")"
Juin 2026;211;C;C211;;"=IF(AND(NOT(ISBLANK($G210)),ISBLANK($G211)),""Reste réel"","""")"
Juin 2026;211;D;D211;;"=IF(AND(NOT(ISBLANK($G210)),ISBLANK($G211)),$C$42-$H$40-$F$42,"""")"
Juin 2026;211;J;J211;0;"=IF(I211=""x"",H211,0)"
Juin 2026;212;A;A212;;"=IF(AND(NOT(ISBLANK(G211)),ISBLANK(G212)),""Reste prévu"","""")"
Juin 2026;212;B;B212;;"=IF(AND(NOT(ISBLANK($G211)),ISBLANK($G212)),$C$42-$F$40-$F$42,"""")"
Juin 2026;212;C;C212;;"=IF(AND(NOT(ISBLANK($G211)),ISBLANK($G212)),""Reste réel"","""")"
Juin 2026;212;D;D212;;"=IF(AND(NOT(ISBLANK($G211)),ISBLANK($G212)),$C$42-$H$40-$F$42,"""")"
Juin 2026;212;J;J212;0;"=IF(I212=""x"",H212,0)"
Juin 2026;213;A;A213;;"=IF(AND(NOT(ISBLANK(G212)),ISBLANK(G213)),""Reste prévu"","""")"
Juin 2026;213;B;B213;;"=IF(AND(NOT(ISBLANK($G212)),ISBLANK($G213)),$C$42-$F$40-$F$42,"""")"
Juin 2026;213;C;C213;;"=IF(AND(NOT(ISBLANK($G212)),ISBLANK($G213)),""Reste réel"","""")"
Juin 2026;213;D;D213;;"=IF(AND(NOT(ISBLANK($G212)),ISBLANK($G213)),$C$42-$H$40-$F$42,"""")"
Juin 2026;213;J;J213;0;"=IF(I213=""x"",H213,0)"
Juin 2026;214;A;A214;;"=IF(AND(NOT(ISBLANK(G213)),ISBLANK(G214)),""Reste prévu"","""")"
Juin 2026;214;B;B214;;"=IF(AND(NOT(ISBLANK($G213)),ISBLANK($G214)),$C$42-$F$40-$F$42,"""")"
Juin 2026;214;C;C214;;"=IF(AND(NOT(ISBLANK($G213)),ISBLANK($G214)),""Reste réel"","""")"
Juin 2026;214;D;D214;;"=IF(AND(NOT(ISBLANK($G213)),ISBLANK($G214)),$C$42-$H$40-$F$42,"""")"
Juin 2026;214;J;J214;0;"=IF(I214=""x"",H214,0)"
Juin 2026;215;A;A215;;"=IF(AND(NOT(ISBLANK(G214)),ISBLANK(G215)),""Reste prévu"","""")"
Juin 2026;215;B;B215;;"=IF(AND(NOT(ISBLANK($G214)),ISBLANK($G215)),$C$42-$F$40-$F$42,"""")"
Juin 2026;215;C;C215;;"=IF(AND(NOT(ISBLANK($G214)),ISBLANK($G215)),""Reste réel"","""")"
Juin 2026;215;D;D215;;"=IF(AND(NOT(ISBLANK($G214)),ISBLANK($G215)),$C$42-$H$40-$F$42,"""")"
Juin 2026;216;A;A216;;"=IF(AND(NOT(ISBLANK(G215)),ISBLANK(G216)),""Reste prévu"","""")"
Juin 2026;216;B;B216;;"=IF(AND(NOT(ISBLANK($G215)),ISBLANK($G216)),$C$42-$F$40-$F$42,"""")"
Juin 2026;216;C;C216;;"=IF(AND(NOT(ISBLANK($G215)),ISBLANK($G216)),""Reste réel"","""")"
Juin 2026;216;D;D216;;"=IF(AND(NOT(ISBLANK($G215)),ISBLANK($G216)),$C$42-$H$40-$F$42,"""")"
Juin 2026;217;A;A217;;"=IF(AND(NOT(ISBLANK(G216)),ISBLANK(G217)),""Reste prévu"","""")"
Juin 2026;217;B;B217;;"=IF(AND(NOT(ISBLANK($G216)),ISBLANK($G217)),$C$42-$F$40-$F$42,"""")"
Juin 2026;217;C;C217;;"=IF(AND(NOT(ISBLANK($G216)),ISBLANK($G217)),""Reste réel"","""")"
Juin 2026;217;D;D217;;"=IF(AND(NOT(ISBLANK($G216)),ISBLANK($G217)),$C$42-$H$40-$F$42,"""")"
Juin 2026;218;A;A218;;"=IF(AND(NOT(ISBLANK(G217)),ISBLANK(G218)),""Reste prévu"","""")"
Juin 2026;218;B;B218;;"=IF(AND(NOT(ISBLANK($G217)),ISBLANK($G218)),$C$42-$F$40-$F$42,"""")"
Juin 2026;218;C;C218;;"=IF(AND(NOT(ISBLANK($G217)),ISBLANK($G218)),""Reste réel"","""")"
Juin 2026;218;D;D218;;"=IF(AND(NOT(ISBLANK($G217)),ISBLANK($G218)),$C$42-$H$40-$F$42,"""")"
Juin 2026;219;A;A219;;"=IF(AND(NOT(ISBLANK(G218)),ISBLANK(G219)),""Reste prévu"","""")"
Juin 2026;219;B;B219;;"=IF(AND(NOT(ISBLANK($G218)),ISBLANK($G219)),$C$42-$F$40-$F$42,"""")"
Juin 2026;219;C;C219;;"=IF(AND(NOT(ISBLANK($G218)),ISBLANK($G219)),""Reste réel"","""")"
Juin 2026;219;D;D219;;"=IF(AND(NOT(ISBLANK($G218)),ISBLANK($G219)),$C$42-$H$40-$F$42,"""")"
Juin 2026;220;A;A220;;"=IF(AND(NOT(ISBLANK(G219)),ISBLANK(G220)),""Reste prévu"","""")"
Juin 2026;220;B;B220;;"=IF(AND(NOT(ISBLANK($G219)),ISBLANK($G220)),$C$42-$F$40-$F$42,"""")"
Juin 2026;220;C;C220;;"=IF(AND(NOT(ISBLANK($G219)),ISBLANK($G220)),""Reste réel"","""")"
Juin 2026;220;D;D220;;"=IF(AND(NOT(ISBLANK($G219)),ISBLANK($G220)),$C$42-$H$40-$F$42,"""")"
Juin 2026;221;A;A221;;"=IF(AND(NOT(ISBLANK(G220)),ISBLANK(G221)),""Reste prévu"","""")"
Juin 2026;221;B;B221;;"=IF(AND(NOT(ISBLANK($G220)),ISBLANK($G221)),$C$42-$F$40-$F$42,"""")"
Juin 2026;221;C;C221;;"=IF(AND(NOT(ISBLANK($G220)),ISBLANK($G221)),""Reste réel"","""")"
Juin 2026;221;D;D221;;"=IF(AND(NOT(ISBLANK($G220)),ISBLANK($G221)),$C$42-$H$40-$F$42,"""")"
Juin 2026;222;A;A222;;"=IF(AND(NOT(ISBLANK(G221)),ISBLANK(G222)),""Reste prévu"","""")"
Juin 2026;222;B;B222;;"=IF(AND(NOT(ISBLANK($G221)),ISBLANK($G222)),$C$42-$F$40-$F$42,"""")"
Juin 2026;222;C;C222;;"=IF(AND(NOT(ISBLANK($G221)),ISBLANK($G222)),""Reste réel"","""")"
Juin 2026;222;D;D222;;"=IF(AND(NOT(ISBLANK($G221)),ISBLANK($G222)),$C$42-$H$40-$F$42,"""")"
Juin 2026;223;A;A223;;"=IF(AND(NOT(ISBLANK(G222)),ISBLANK(G223)),""Reste prévu"","""")"
Juin 2026;223;B;B223;;"=IF(AND(NOT(ISBLANK($G222)),ISBLANK($G223)),$C$42-$F$40-$F$42,"""")"
Juin 2026;223;C;C223;;"=IF(AND(NOT(ISBLANK($G222)),ISBLANK($G223)),""Reste réel"","""")"
Juin 2026;223;D;D223;;"=IF(AND(NOT(ISBLANK($G222)),ISBLANK($G223)),$C$42-$H$40-$F$42,"""")"
Juin 2026;224;A;A224;;"=IF(AND(NOT(ISBLANK(G223)),ISBLANK(G224)),""Reste prévu"","""")"
Juin 2026;224;B;B224;;"=IF(AND(NOT(ISBLANK($G223)),ISBLANK($G224)),$C$42-$F$40-$F$42,"""")"
Juin 2026;224;C;C224;;"=IF(AND(NOT(ISBLANK($G223)),ISBLANK($G224)),""Reste réel"","""")"
Juin 2026;224;D;D224;;"=IF(AND(NOT(ISBLANK($G223)),ISBLANK($G224)),$C$42-$H$40-$F$42,"""")"
Juin 2026;225;A;A225;;"=IF(AND(NOT(ISBLANK(G224)),ISBLANK(G225)),""Reste prévu"","""")"
Juin 2026;225;B;B225;;"=IF(AND(NOT(ISBLANK($G224)),ISBLANK($G225)),$C$42-$F$40-$F$42,"""")"
Juin 2026;225;C;C225;;"=IF(AND(NOT(ISBLANK($G224)),ISBLANK($G225)),""Reste réel"","""")"
Juin 2026;225;D;D225;;"=IF(AND(NOT(ISBLANK($G224)),ISBLANK($G225)),$C$42-$H$40-$F$42,"""")"
Juin 2026;226;A;A226;;"=IF(AND(NOT(ISBLANK(G225)),ISBLANK(G226)),""Reste prévu"","""")"
Juin 2026;226;B;B226;;"=IF(AND(NOT(ISBLANK($G225)),ISBLANK($G226)),$C$42-$F$40-$F$42,"""")"
Juin 2026;226;C;C226;;"=IF(AND(NOT(ISBLANK($G225)),ISBLANK($G226)),""Reste réel"","""")"
Juin 2026;226;D;D226;;"=IF(AND(NOT(ISBLANK($G225)),ISBLANK($G226)),$C$42-$H$40-$F$42,"""")"
Juin 2026;227;A;A227;;"=IF(AND(NOT(ISBLANK(G226)),ISBLANK(G227)),""Reste prévu"","""")"
Juin 2026;227;B;B227;;"=IF(AND(NOT(ISBLANK($G226)),ISBLANK($G227)),$C$42-$F$40-$F$42,"""")"
Juin 2026;227;C;C227;;"=IF(AND(NOT(ISBLANK($G226)),ISBLANK($G227)),""Reste réel"","""")"
Juin 2026;227;D;D227;;"=IF(AND(NOT(ISBLANK($G226)),ISBLANK($G227)),$C$42-$H$40-$F$42,"""")"
Juin 2026;228;A;A228;;"=IF(AND(NOT(ISBLANK(G227)),ISBLANK(G228)),""Reste prévu"","""")"
Juin 2026;228;B;B228;;"=IF(AND(NOT(ISBLANK($G227)),ISBLANK($G228)),$C$42-$F$40-$F$42,"""")"
Juin 2026;228;C;C228;;"=IF(AND(NOT(ISBLANK($G227)),ISBLANK($G228)),""Reste réel"","""")"
Juin 2026;228;D;D228;;"=IF(AND(NOT(ISBLANK($G227)),ISBLANK($G228)),$C$42-$H$40-$F$42,"""")"
Juin 2026;229;A;A229;;"=IF(AND(NOT(ISBLANK(G228)),ISBLANK(G229)),""Reste prévu"","""")"
Juin 2026;229;B;B229;;"=IF(AND(NOT(ISBLANK($G228)),ISBLANK($G229)),$C$42-$F$40-$F$42,"""")"
Juin 2026;229;C;C229;;"=IF(AND(NOT(ISBLANK($G228)),ISBLANK($G229)),""Reste réel"","""")"
Juin 2026;229;D;D229;;"=IF(AND(NOT(ISBLANK($G228)),ISBLANK($G229)),$C$42-$H$40-$F$42,"""")"
Juin 2026;230;A;A230;;"=IF(AND(NOT(ISBLANK(G229)),ISBLANK(G230)),""Reste prévu"","""")"
Juin 2026;230;B;B230;;"=IF(AND(NOT(ISBLANK($G229)),ISBLANK($G230)),$C$42-$F$40-$F$42,"""")"
Juin 2026;230;C;C230;;"=IF(AND(NOT(ISBLANK($G229)),ISBLANK($G230)),""Reste réel"","""")"
Juin 2026;230;D;D230;;"=IF(AND(NOT(ISBLANK($G229)),ISBLANK($G230)),$C$42-$H$40-$F$42,"""")"
Juin 2026;231;A;A231;;"=IF(AND(NOT(ISBLANK(G230)),ISBLANK(G231)),""Reste prévu"","""")"
Juin 2026;231;B;B231;;"=IF(AND(NOT(ISBLANK($G230)),ISBLANK($G231)),$C$42-$F$40-$F$42,"""")"
Juin 2026;231;C;C231;;"=IF(AND(NOT(ISBLANK($G230)),ISBLANK($G231)),""Reste réel"","""")"
Juin 2026;231;D;D231;;"=IF(AND(NOT(ISBLANK($G230)),ISBLANK($G231)),$C$42-$H$40-$F$42,"""")"
Juin 2026;232;A;A232;;"=IF(AND(NOT(ISBLANK(G231)),ISBLANK(G232)),""Reste prévu"","""")"
Juin 2026;232;B;B232;;"=IF(AND(NOT(ISBLANK($G231)),ISBLANK($G232)),$C$42-$F$40-$F$42,"""")"
Juin 2026;232;C;C232;;"=IF(AND(NOT(ISBLANK($G231)),ISBLANK($G232)),""Reste réel"","""")"
Juin 2026;232;D;D232;;"=IF(AND(NOT(ISBLANK($G231)),ISBLANK($G232)),$C$42-$H$40-$F$42,"""")"
Juin 2026;233;A;A233;;"=IF(AND(NOT(ISBLANK(G232)),ISBLANK(G233)),""Reste prévu"","""")"
Juin 2026;233;B;B233;;"=IF(AND(NOT(ISBLANK($G232)),ISBLANK($G233)),$C$42-$F$40-$F$42,"""")"
Juin 2026;233;C;C233;;"=IF(AND(NOT(ISBLANK($G232)),ISBLANK($G233)),""Reste réel"","""")"
Juin 2026;233;D;D233;;"=IF(AND(NOT(ISBLANK($G232)),ISBLANK($G233)),$C$42-$H$40-$F$42,"""")"
Juin 2026;234;A;A234;;"=IF(AND(NOT(ISBLANK(G233)),ISBLANK(G234)),""Reste prévu"","""")"
Juin 2026;234;B;B234;;"=IF(AND(NOT(ISBLANK($G233)),ISBLANK($G234)),$C$42-$F$40-$F$42,"""")"
Juin 2026;234;C;C234;;"=IF(AND(NOT(ISBLANK($G233)),ISBLANK($G234)),""Reste réel"","""")"
Juin 2026;234;D;D234;;"=IF(AND(NOT(ISBLANK($G233)),ISBLANK($G234)),$C$42-$H$40-$F$42,"""")"
Juin 2026;235;A;A235;;"=IF(AND(NOT(ISBLANK(G234)),ISBLANK(G235)),""Reste prévu"","""")"
Juin 2026;235;B;B235;;"=IF(AND(NOT(ISBLANK($G234)),ISBLANK($G235)),$C$42-$F$40-$F$42,"""")"
Juin 2026;235;C;C235;;"=IF(AND(NOT(ISBLANK($G234)),ISBLANK($G235)),""Reste réel"","""")"
Juin 2026;235;D;D235;;"=IF(AND(NOT(ISBLANK($G234)),ISBLANK($G235)),$C$42-$H$40-$F$42,"""")"
Juin 2026;236;A;A236;;"=IF(AND(NOT(ISBLANK(G235)),ISBLANK(G236)),""Reste prévu"","""")"
Juin 2026;236;B;B236;;"=IF(AND(NOT(ISBLANK($G235)),ISBLANK($G236)),$C$42-$F$40-$F$42,"""")"
Juin 2026;236;C;C236;;"=IF(AND(NOT(ISBLANK($G235)),ISBLANK($G236)),""Reste réel"","""")"
Juin 2026;236;D;D236;;"=IF(AND(NOT(ISBLANK($G235)),ISBLANK($G236)),$C$42-$H$40-$F$42,"""")"
Juin 2026;237;A;A237;;"=IF(AND(NOT(ISBLANK(G236)),ISBLANK(G237)),""Reste prévu"","""")"
Juin 2026;237;B;B237;;"=IF(AND(NOT(ISBLANK($G236)),ISBLANK($G237)),$C$42-$F$40-$F$42,"""")"
Juin 2026;237;C;C237;;"=IF(AND(NOT(ISBLANK($G236)),ISBLANK($G237)),""Reste réel"","""")"
Juin 2026;237;D;D237;;"=IF(AND(NOT(ISBLANK($G236)),ISBLANK($G237)),$C$42-$H$40-$F$42,"""")"
Mai 2026;1;B;B1;Recettes;
Mai 2026;1;E;E1;Dépenses;
Mai 2026;1;K;K1;Cadeau;
Mai 2026;3;B;B3;Salaire Pierre;
Mai 2026;3;C;C3;5357.67;
Mai 2026;3;E;E3;Loyer Elouen;
Mai 2026;3;F;F3;669.7;
Mai 2026;3;G;G3;x;
Mai 2026;3;H;H3;669.7;"=IF(G3=""x"",F3,0)"
Mai 2026;3;K;K3;Logement;
Mai 2026;4;B;B4;Salaire Sterenn;
Mai 2026;4;C;C4;2011.6;
Mai 2026;4;E;E4;Argent de poche Elouen;
Mai 2026;4;H;H4;0;"=IF(G4=""x"",F4,0)"
Mai 2026;4;K;K4;Charges;
Mai 2026;5;B;B5;CAF;
Mai 2026;5;C;C5;114.19;
Mai 2026;5;E;E5;Engie Elouen;
Mai 2026;5;F;F5;70;
Mai 2026;5;G;G5;x;
Mai 2026;5;H;H5;70;"=IF(G5=""x"",F5,0)"
Mai 2026;5;K;K5;Charges;
Mai 2026;6;E;E6;Argent de poche Arthur;
Mai 2026;6;F;F6;164.99;
Mai 2026;6;G;G6;x;
Mai 2026;6;H;H6;164.99;"=IF(G6=""x"",F6,0)"
Mai 2026;6;K;K6;Charges;
Mai 2026;7;E;E7;Prêt 25 ;
Mai 2026;7;F;F7;995.15;
Mai 2026;7;G;G7;x;
Mai 2026;7;H;H7;995.15;"=IF(G7=""x"",F7,0)"
Mai 2026;7;K;K7;Logement;
Mai 2026;8;E;E8;Prêt 15;
Mai 2026;8;F;F8;883.42;
Mai 2026;8;G;G8;x;
Mai 2026;8;H;H8;883.42;"=IF(G8=""x"",F8,0)"
Mai 2026;8;K;K8;Logement;
Mai 2026;9;B;B9;Remboursement Suravenir;
Mai 2026;9;C;C9;51.15;
Mai 2026;9;E;E9;Assurances prêt;
Mai 2026;9;F;F9;11.46;
Mai 2026;9;G;G9;x;
Mai 2026;9;H;H9;11.46;"=IF(G9=""x"",F9,0)"
Mai 2026;9;K;K9;Logement;
Mai 2026;10;B;B10;Note de frais CAP;
Mai 2026;10;C;C10;55.3;
Mai 2026;10;E;E10;Assurances prêt;
Mai 2026;10;F;F10;32.57;
Mai 2026;10;G;G10;x;
Mai 2026;10;H;H10;32.57;"=IF(G10=""x"",F10,0)"
Mai 2026;10;K;K10;Logement;
Mai 2026;11;B;B11;Remboursement La Redoute;
Mai 2026;11;C;C11;39.99;
Mai 2026;11;E;E11;Assurances prêt;
Mai 2026;11;F;F11;79.98;
Mai 2026;11;G;G11;x;
Mai 2026;11;H;H11;79.98;"=IF(G11=""x"",F11,0)"
Mai 2026;11;K;K11;Logement;
Mai 2026;12;B;B12;Colle Nolwenn;
Mai 2026;12;C;C12;5;
Mai 2026;12;E;E12;Assurances prêt;
Mai 2026;12;F;F12;28.49;
Mai 2026;12;G;G12;x;
Mai 2026;12;H;H12;28.49;"=IF(G12=""x"",F12,0)"
Mai 2026;12;K;K12;Logement;
Mai 2026;13;B;B13;Remboursement mutuelle;
Mai 2026;13;C;C13;9;
Mai 2026;13;E;E13;Disney;
Mai 2026;13;F;F13;6.99;
Mai 2026;13;G;G13;x;
Mai 2026;13;H;H13;6.99;"=IF(G13=""x"",F13,0)"
Mai 2026;13;K;K13;Internet/Téléphone;
Mai 2026;14;B;B14;Epargne;
Mai 2026;14;C;C14;1000;
Mai 2026;14;E;E14;EDF Arthur;
Mai 2026;14;F;F14;65;
Mai 2026;14;G;G14;x;
Mai 2026;14;H;H14;65;"=IF(G14=""x"",F14,0)"
Mai 2026;14;K;K14;Charges;
Mai 2026;15;B;B15;CPAM;
Mai 2026;15;C;C15;17;
Mai 2026;15;E;E15;EkWateur;
Mai 2026;15;F;F15;208;
Mai 2026;15;G;G15;x;
Mai 2026;15;H;H15;208;"=IF(G15=""x"",F15,0)"
Mai 2026;15;K;K15;Charges;
Mai 2026;16;B;B16;CPAM;
Mai 2026;16;C;C16;12;
Mai 2026;16;E;E16;Sosh Maison;
Mai 2026;16;F;F16;24.99;
Mai 2026;16;G;G16;x;
Mai 2026;16;H;H16;24.99;"=IF(G16=""x"",F16,0)"
Mai 2026;16;K;K16;Internet/Téléphone;
Mai 2026;17;B;B17;Mutuelle;
Mai 2026;17;C;C17;18;
Mai 2026;17;E;E17;Sosh Arthur;
Mai 2026;17;F;F17;14.99;
Mai 2026;17;G;G17;x;
Mai 2026;17;H;H17;14.99;"=IF(G17=""x"",F17,0)"
Mai 2026;17;K;K17;Internet/Téléphone;
Mai 2026;18;B;B18;Mutuelle;
Mai 2026;18;C;C18;9;
Mai 2026;18;E;E18;Sosh Ael;
Mai 2026;18;F;F18;14.99;
Mai 2026;18;H;H18;0;"=IF(G18=""x"",F18,0)"
Mai 2026;18;K;K18;Internet/Téléphone;
Mai 2026;19;B;B19;CPAM;
Mai 2026;19;C;C19;20.05;
Mai 2026;19;E;E19;Sosh Elouen;
Mai 2026;19;F;F19;14.99;
Mai 2026;19;G;G19;x;
Mai 2026;19;H;H19;14.99;"=IF(G19=""x"",F19,0)"
Mai 2026;19;K;K19;Internet/Téléphone;
Mai 2026;20;E;E20;Sosh Sterenn;
Mai 2026;20;F;F20;10.99;
Mai 2026;20;G;G20;x;
Mai 2026;20;H;H20;10.99;"=IF(G20=""x"",F20,0)"
Mai 2026;20;K;K20;Internet/Téléphone;
Mai 2026;21;E;E21;Mutuelle;
Mai 2026;21;F;F21;104.98;
Mai 2026;21;G;G21;x;
Mai 2026;21;H;H21;104.98;"=IF(G21=""x"",F21,0)"
Mai 2026;21;K;K21;Assurances/Mutuelle;
Mai 2026;23;E;E23;AxaHabitation;
Mai 2026;23;F;F23;69.38;
Mai 2026;23;G;G23;x;
Mai 2026;23;H;H23;69.38;"=IF(G23=""x"",F23,0)"
Mai 2026;23;K;K23;Assurances/Mutuelle;
Mai 2026;24;E;E24;VW LDD;
Mai 2026;24;F;F24;331.65;
Mai 2026;24;G;G24;x;
Mai 2026;24;H;H24;331.65;"=IF(G24=""x"",F24,0)"
Mai 2026;24;K;K24;Voiture/Déplacement;
Mai 2026;25;E;E25;Suravenir Voiture;
Mai 2026;25;F;F25;94.53;
Mai 2026;25;G;G25;x;
Mai 2026;25;H;H25;94.53;"=IF(G25=""x"",F25,0)"
Mai 2026;25;K;K25;Assurances/Mutuelle;
Mai 2026;26;E;E26;Suravenir Garanties Vie;
Mai 2026;26;F;F26;19;
Mai 2026;26;H;H26;0;"=IF(G26=""x"",F26,0)"
Mai 2026;26;K;K26;Assurances/Mutuelle;
Mai 2026;27;E;E27;Joséphine;
Mai 2026;27;F;F27;20;
Mai 2026;27;G;G27;x;
Mai 2026;27;H;H27;20;"=IF(G27=""x"",F27,0)"
Mai 2026;27;K;K27;Divers;
Mai 2026;28;E;E28;Canal Plus;
Mai 2026;28;F;F28;21.99;
Mai 2026;28;G;G28;x;
Mai 2026;28;H;H28;21.99;"=IF(G28=""x"",F28,0)"
Mai 2026;28;K;K28;Internet/Téléphone;
Mai 2026;29;H;H29;0;"=IF(G29=""x"",F29,0)"
Mai 2026;29;K;K29;Voiture/Déplacement;
Mai 2026;30;E;E30;Keolis Elouen;
Mai 2026;30;F;F30;21.4;
Mai 2026;30;G;G30;x;
Mai 2026;30;H;H30;21.4;"=IF(G30=""x"",F30,0)"
Mai 2026;30;K;K30;Voiture/Déplacement;
Mai 2026;31;E;E31;Apple;
Mai 2026;31;F;F31;0.99;
Mai 2026;31;G;G31;x;
Mai 2026;31;H;H31;0.99;"=IF(G31=""x"",F31,0)"
Mai 2026;31;K;K31;Internet/Téléphone;
Mai 2026;32;E;E32;Apple;
Mai 2026;32;F;F32;0.99;
Mai 2026;32;G;G32;x;
Mai 2026;32;H;H32;0.99;"=IF(G32=""x"",F32,0)"
Mai 2026;32;K;K32;Internet/Téléphone;
Mai 2026;33;E;E33;Apple;
Mai 2026;33;F;F33;16.99;
Mai 2026;33;G;G33;x;
Mai 2026;33;H;H33;16.99;"=IF(G33=""x"",F33,0)"
Mai 2026;33;K;K33;Internet/Téléphone;
Mai 2026;34;E;E34;St Charles;
Mai 2026;34;F;F34;278.3;
Mai 2026;34;G;G34;x;
Mai 2026;34;H;H34;278.3;"=IF(G34=""x"",F34,0)"
Mai 2026;34;K;K34;Scolarité;
Mai 2026;35;E;E35;Ménage;
Mai 2026;35;F;F35;102;
Mai 2026;35;G;G35;x;
Mai 2026;35;H;H35;102;"=IF(G35=""x"",F35,0)"
Mai 2026;35;K;K35;Logement;
Mai 2026;36;E;E36;Urssaaf;
Mai 2026;36;F;F36;129.86;
Mai 2026;36;G;G36;x;
Mai 2026;36;H;H36;129.86;"=IF(G36=""x"",F36,0)"
Mai 2026;36;K;K36;Logement;
Mai 2026;37;E;E37;Cotisation Eurocompte;
Mai 2026;37;F;F37;19.03;
Mai 2026;37;G;G37;x;
Mai 2026;37;H;H37;19.03;"=IF(G37=""x"",F37,0)"
Mai 2026;37;K;K37;Charges;
Mai 2026;38;E;E38;Indivision;
Mai 2026;38;F;F38;33.89;
Mai 2026;38;G;G38;x;
Mai 2026;38;H;H38;33.89;"=IF(G38=""x"",F38,0)"
Mai 2026;38;K;K38;Charges;
Mai 2026;39;A;A39;Etat mois précédent;
Mai 2026;39;C;C39;#REF!;='Avril 2026'!D43
Mai 2026;40;A;A40;Recettes fixes;
Mai 2026;40;C;C40;7483.46;=SUM(C2:C6)
Mai 2026;40;E;E40;Somme dépenses prévues;
Mai 2026;40;F;F40;4561.6799999999985;=SUM(F2:F38)
Mai 2026;40;G;G40;Somme dépenses réelles;
Mai 2026;40;H;H40;4527.689999999999;=SUM(H2:H38)
Mai 2026;40;I;I40;Delta moins les exceptions;
Mai 2026;41;A;A41;Recettes additionnelles du mois;
Mai 2026;41;C;C41;1236.49;=SUM(C8:C35)
Mai 2026;41;E;E41;Reste previsionnel;
Mai 2026;41;F;F41;#REF!;=C42-F40
Mai 2026;41;G;G41;Delta du mois;
Mai 2026;41;H;H41;#REF!;=C39+C40+C41-H40-F42
Mai 2026;42;A;A42;Total Recettes;
Mai 2026;42;C;C42;#REF!;=SUM(C39:C41)
Mai 2026;42;E;E42;Somme dépenses non prévues;
Mai 2026;42;F;F42;4646.710000000001;=SUM(J44:J246)
Mai 2026;43;A;A43;Reste prévu;
Mai 2026;43;B;B43;#REF!;=$C$42-$F$40-$F$42
Mai 2026;43;C;C43;Reste réel;
Mai 2026;43;D;D43;#REF!;=$C$42-$H$40-$F$42
Mai 2026;44;A;A44;Reste prévu;"=IF(AND(NOT(ISBLANK(#REF!)),ISBLANK(G44)),""Reste prévu"","""")"
Mai 2026;44;B;B44;#REF!;"=IF(AND(NOT(ISBLANK(#REF!)),ISBLANK($G44)),$C$42-$F$40-$F$42,"""")"
Mai 2026;44;C;C44;Reste réel;"=IF(AND(NOT(ISBLANK(#REF!)),ISBLANK($G44)),""Reste réel"","""")"
Mai 2026;44;D;D44;#REF!;"=IF(AND(NOT(ISBLANK(#REF!)),ISBLANK($G44)),$C$42-$H$40-$F$42,"""")"
Mai 2026;44;J;J44;0;"=IF(I44=""x"",H44,0)"
Mai 2026;44;K;K44;Loisirs;
Mai 2026;45;A;A45;;"=IF(AND(NOT(ISBLANK(G44)),ISBLANK(G45)),""Reste prévu"","""")"
Mai 2026;45;B;B45;;"=IF(AND(NOT(ISBLANK($G44)),ISBLANK($G45)),$C$42-$F$40-$F$42,"""")"
Mai 2026;45;C;C45;;"=IF(AND(NOT(ISBLANK($G44)),ISBLANK($G45)),""Reste réel"","""")"
Mai 2026;45;D;D45;;"=IF(AND(NOT(ISBLANK($G44)),ISBLANK($G45)),$C$42-$H$40-$F$42,"""")"
Mai 2026;45;J;J45;0;"=IF(I45=""x"",H45,0)"
Mai 2026;45;K;K45;Divers;
Mai 2026;46;A;A46;;"=IF(AND(NOT(ISBLANK(G45)),ISBLANK(G46)),""Reste prévu"","""")"
Mai 2026;46;B;B46;;"=IF(AND(NOT(ISBLANK($G45)),ISBLANK($G46)),$C$42-$F$40-$F$42,"""")"
Mai 2026;46;C;C46;;"=IF(AND(NOT(ISBLANK($G45)),ISBLANK($G46)),""Reste réel"","""")"
Mai 2026;46;D;D46;;"=IF(AND(NOT(ISBLANK($G45)),ISBLANK($G46)),$C$42-$H$40-$F$42,"""")"
Mai 2026;46;G;G46;FoireFouille;
Mai 2026;46;H;H46;12.98;
Mai 2026;46;I;I46;x;
Mai 2026;46;J;J46;12.98;"=IF(I46=""x"",H46,0)"
Mai 2026;46;K;K46;Divers;
Mai 2026;47;A;A47;;"=IF(AND(NOT(ISBLANK(G46)),ISBLANK(G47)),""Reste prévu"","""")"
Mai 2026;47;B;B47;;"=IF(AND(NOT(ISBLANK($G46)),ISBLANK($G47)),$C$42-$F$40-$F$42,"""")"
Mai 2026;47;C;C47;;"=IF(AND(NOT(ISBLANK($G46)),ISBLANK($G47)),""Reste réel"","""")"
Mai 2026;47;D;D47;;"=IF(AND(NOT(ISBLANK($G46)),ISBLANK($G47)),$C$42-$H$40-$F$42,"""")"
Mai 2026;47;G;G47;Leclerc;
Mai 2026;47;H;H47;66.4;
Mai 2026;47;I;I47;x;
Mai 2026;47;J;J47;66.4;"=IF(I47=""x"",H47,0)"
Mai 2026;47;K;K47;Courses;
Mai 2026;48;A;A48;;"=IF(AND(NOT(ISBLANK(G47)),ISBLANK(G48)),""Reste prévu"","""")"
Mai 2026;48;B;B48;;"=IF(AND(NOT(ISBLANK($G47)),ISBLANK($G48)),$C$42-$F$40-$F$42,"""")"
Mai 2026;48;C;C48;;"=IF(AND(NOT(ISBLANK($G47)),ISBLANK($G48)),""Reste réel"","""")"
Mai 2026;48;D;D48;;"=IF(AND(NOT(ISBLANK($G47)),ISBLANK($G48)),$C$42-$H$40-$F$42,"""")"
Mai 2026;48;G;G48;Leclerc;
Mai 2026;48;H;H48;84.83;
Mai 2026;48;I;I48;x;
Mai 2026;48;J;J48;84.83;"=IF(I48=""x"",H48,0)"
Mai 2026;48;K;K48;Courses;
Mai 2026;49;A;A49;;"=IF(AND(NOT(ISBLANK(G48)),ISBLANK(G49)),""Reste prévu"","""")"
Mai 2026;49;B;B49;;"=IF(AND(NOT(ISBLANK($G48)),ISBLANK($G49)),$C$42-$F$40-$F$42,"""")"
Mai 2026;49;C;C49;;"=IF(AND(NOT(ISBLANK($G48)),ISBLANK($G49)),""Reste réel"","""")"
Mai 2026;49;D;D49;;"=IF(AND(NOT(ISBLANK($G48)),ISBLANK($G49)),$C$42-$H$40-$F$42,"""")"
Mai 2026;49;G;G49;Decathlon;
Mai 2026;49;H;H49;21.98;
Mai 2026;49;I;I49;x;
Mai 2026;49;J;J49;21.98;"=IF(I49=""x"",H49,0)"
Mai 2026;49;K;K49;Vêtements;
Mai 2026;50;A;A50;;"=IF(AND(NOT(ISBLANK(G49)),ISBLANK(G50)),""Reste prévu"","""")"
Mai 2026;50;B;B50;;"=IF(AND(NOT(ISBLANK($G49)),ISBLANK($G50)),$C$42-$F$40-$F$42,"""")"
Mai 2026;50;C;C50;;"=IF(AND(NOT(ISBLANK($G49)),ISBLANK($G50)),""Reste réel"","""")"
Mai 2026;50;D;D50;;"=IF(AND(NOT(ISBLANK($G49)),ISBLANK($G50)),$C$42-$H$40-$F$42,"""")"
Mai 2026;50;G;G50;Decathlon Colle Hand;
Mai 2026;50;H;H50;49.98;
Mai 2026;50;I;I50;x;
Mai 2026;50;J;J50;49.98;"=IF(I50=""x"",H50,0)"
Mai 2026;50;K;K50;Divers;
Mai 2026;51;A;A51;;"=IF(AND(NOT(ISBLANK(G50)),ISBLANK(G51)),""Reste prévu"","""")"
Mai 2026;51;B;B51;;"=IF(AND(NOT(ISBLANK($G50)),ISBLANK($G51)),$C$42-$F$40-$F$42,"""")"
Mai 2026;51;C;C51;;"=IF(AND(NOT(ISBLANK($G50)),ISBLANK($G51)),""Reste réel"","""")"
Mai 2026;51;D;D51;;"=IF(AND(NOT(ISBLANK($G50)),ISBLANK($G51)),$C$42-$H$40-$F$42,"""")"
Mai 2026;51;G;G51;Café Station;
Mai 2026;51;H;H51;1.9;
Mai 2026;51;I;I51;x;
Mai 2026;51;J;J51;1.9;"=IF(I51=""x"",H51,0)"
Mai 2026;51;K;K51;Courses;
Mai 2026;52;A;A52;;"=IF(AND(NOT(ISBLANK(G51)),ISBLANK(G52)),""Reste prévu"","""")"
Mai 2026;52;B;B52;;"=IF(AND(NOT(ISBLANK($G51)),ISBLANK($G52)),$C$42-$F$40-$F$42,"""")"
Mai 2026;52;C;C52;;"=IF(AND(NOT(ISBLANK($G51)),ISBLANK($G52)),""Reste réel"","""")"
Mai 2026;52;D;D52;;"=IF(AND(NOT(ISBLANK($G51)),ISBLANK($G52)),$C$42-$H$40-$F$42,"""")"
Mai 2026;52;G;G52;Café Station;
Mai 2026;52;H;H52;2.7;
Mai 2026;52;I;I52;x;
Mai 2026;52;J;J52;2.7;"=IF(I52=""x"",H52,0)"
Mai 2026;52;K;K52;Courses;
Mai 2026;53;A;A53;;"=IF(AND(NOT(ISBLANK(G52)),ISBLANK(G53)),""Reste prévu"","""")"
Mai 2026;53;B;B53;;"=IF(AND(NOT(ISBLANK($G52)),ISBLANK($G53)),$C$42-$F$40-$F$42,"""")"
Mai 2026;53;C;C53;;"=IF(AND(NOT(ISBLANK($G52)),ISBLANK($G53)),""Reste réel"","""")"
Mai 2026;53;D;D53;;"=IF(AND(NOT(ISBLANK($G52)),ISBLANK($G53)),$C$42-$H$40-$F$42,"""")"
Mai 2026;53;G;G53;Café Station;
Mai 2026;53;H;H53;3.5;
Mai 2026;53;I;I53;x;
Mai 2026;53;J;J53;3.5;"=IF(I53=""x"",H53,0)"
Mai 2026;53;K;K53;Courses;
Mai 2026;54;A;A54;;"=IF(AND(NOT(ISBLANK(G53)),ISBLANK(G54)),""Reste prévu"","""")"
Mai 2026;54;B;B54;;"=IF(AND(NOT(ISBLANK($G53)),ISBLANK($G54)),$C$42-$F$40-$F$42,"""")"
Mai 2026;54;C;C54;;"=IF(AND(NOT(ISBLANK($G53)),ISBLANK($G54)),""Reste réel"","""")"
Mai 2026;54;D;D54;;"=IF(AND(NOT(ISBLANK($G53)),ISBLANK($G54)),$C$42-$H$40-$F$42,"""")"
Mai 2026;54;G;G54;Traversée Bac;
Mai 2026;54;H;H54;11;
Mai 2026;54;I;I54;x;
Mai 2026;54;J;J54;11;"=IF(I54=""x"",H54,0)"
Mai 2026;54;K;K54;Voiture/Déplacement;
Mai 2026;55;A;A55;;"=IF(AND(NOT(ISBLANK(G54)),ISBLANK(G55)),""Reste prévu"","""")"
Mai 2026;55;B;B55;;"=IF(AND(NOT(ISBLANK($G54)),ISBLANK($G55)),$C$42-$F$40-$F$42,"""")"
Mai 2026;55;C;C55;;"=IF(AND(NOT(ISBLANK($G54)),ISBLANK($G55)),""Reste réel"","""")"
Mai 2026;55;D;D55;;"=IF(AND(NOT(ISBLANK($G54)),ISBLANK($G55)),$C$42-$H$40-$F$42,"""")"
Mai 2026;55;G;G55;Station;
Mai 2026;55;H;H55;22.4;
Mai 2026;55;I;I55;x;
Mai 2026;55;J;J55;22.4;"=IF(I55=""x"",H55,0)"
Mai 2026;55;K;K55;Courses;
Mai 2026;56;A;A56;;"=IF(AND(NOT(ISBLANK(G55)),ISBLANK(G56)),""Reste prévu"","""")"
Mai 2026;56;B;B56;;"=IF(AND(NOT(ISBLANK($G55)),ISBLANK($G56)),$C$42-$F$40-$F$42,"""")"
Mai 2026;56;C;C56;;"=IF(AND(NOT(ISBLANK($G55)),ISBLANK($G56)),""Reste réel"","""")"
Mai 2026;56;D;D56;;"=IF(AND(NOT(ISBLANK($G55)),ISBLANK($G56)),$C$42-$H$40-$F$42,"""")"
Mai 2026;56;G;G56;Bac Royan;
Mai 2026;56;H;H56;44;
Mai 2026;56;I;I56;x;
Mai 2026;56;J;J56;44;"=IF(I56=""x"",H56,0)"
Mai 2026;56;K;K56;Voiture/Déplacement;
Mai 2026;57;A;A57;;"=IF(AND(NOT(ISBLANK(G56)),ISBLANK(G57)),""Reste prévu"","""")"
Mai 2026;57;B;B57;;"=IF(AND(NOT(ISBLANK($G56)),ISBLANK($G57)),$C$42-$F$40-$F$42,"""")"
Mai 2026;57;C;C57;;"=IF(AND(NOT(ISBLANK($G56)),ISBLANK($G57)),""Reste réel"","""")"
Mai 2026;57;D;D57;;"=IF(AND(NOT(ISBLANK($G56)),ISBLANK($G57)),$C$42-$H$40-$F$42,"""")"
Mai 2026;57;G;G57;Grand Frais;
Mai 2026;57;H;H57;15.78;
Mai 2026;57;I;I57;x;
Mai 2026;57;J;J57;15.78;"=IF(I57=""x"",H57,0)"
Mai 2026;57;K;K57;Courses;
Mai 2026;58;A;A58;;"=IF(AND(NOT(ISBLANK(G57)),ISBLANK(G58)),""Reste prévu"","""")"
Mai 2026;58;B;B58;;"=IF(AND(NOT(ISBLANK($G57)),ISBLANK($G58)),$C$42-$F$40-$F$42,"""")"
Mai 2026;58;C;C58;;"=IF(AND(NOT(ISBLANK($G57)),ISBLANK($G58)),""Reste réel"","""")"
Mai 2026;58;D;D58;;"=IF(AND(NOT(ISBLANK($G57)),ISBLANK($G58)),$C$42-$H$40-$F$42,"""")"
Mai 2026;58;G;G58;Dr Apel;
Mai 2026;58;H;H58;30;
Mai 2026;58;I;I58;x;
Mai 2026;58;J;J58;30;"=IF(I58=""x"",H58,0)"
Mai 2026;58;K;K58;Soins;
Mai 2026;59;A;A59;;"=IF(AND(NOT(ISBLANK(G58)),ISBLANK(G59)),""Reste prévu"","""")"
Mai 2026;59;B;B59;;"=IF(AND(NOT(ISBLANK($G58)),ISBLANK($G59)),$C$42-$F$40-$F$42,"""")"
Mai 2026;59;C;C59;;"=IF(AND(NOT(ISBLANK($G58)),ISBLANK($G59)),""Reste réel"","""")"
Mai 2026;59;D;D59;;"=IF(AND(NOT(ISBLANK($G58)),ISBLANK($G59)),$C$42-$H$40-$F$42,"""")"
Mai 2026;59;G;G59;Pharamacie;
Mai 2026;59;H;H59;58.9;
Mai 2026;59;I;I59;x;
Mai 2026;59;J;J59;58.9;"=IF(I59=""x"",H59,0)"
Mai 2026;59;K;K59;Soins;
Mai 2026;60;A;A60;;"=IF(AND(NOT(ISBLANK(G59)),ISBLANK(G60)),""Reste prévu"","""")"
Mai 2026;60;B;B60;;"=IF(AND(NOT(ISBLANK($G59)),ISBLANK($G60)),$C$42-$F$40-$F$42,"""")"
Mai 2026;60;C;C60;;"=IF(AND(NOT(ISBLANK($G59)),ISBLANK($G60)),""Reste réel"","""")"
Mai 2026;60;D;D60;;"=IF(AND(NOT(ISBLANK($G59)),ISBLANK($G60)),$C$42-$H$40-$F$42,"""")"
Mai 2026;60;G;G60;BAr du Bac Royan;
Mai 2026;60;H;H60;70.5;
Mai 2026;60;I;I60;x;
Mai 2026;60;J;J60;70.5;"=IF(I60=""x"",H60,0)"
Mai 2026;60;K;K60;Loisirs;
Mai 2026;61;A;A61;;"=IF(AND(NOT(ISBLANK(G60)),ISBLANK(G61)),""Reste prévu"","""")"
Mai 2026;61;B;B61;;"=IF(AND(NOT(ISBLANK($G60)),ISBLANK($G61)),$C$42-$F$40-$F$42,"""")"
Mai 2026;61;C;C61;;"=IF(AND(NOT(ISBLANK($G60)),ISBLANK($G61)),""Reste réel"","""")"
Mai 2026;61;D;D61;;"=IF(AND(NOT(ISBLANK($G60)),ISBLANK($G61)),$C$42-$H$40-$F$42,"""")"
Mai 2026;61;G;G61;Avia;
Mai 2026;61;H;H61;2.7;
Mai 2026;61;I;I61;x;
Mai 2026;61;J;J61;2.7;"=IF(I61=""x"",H61,0)"
Mai 2026;61;K;K61;Courses;
Mai 2026;62;A;A62;;"=IF(AND(NOT(ISBLANK(G61)),ISBLANK(G62)),""Reste prévu"","""")"
Mai 2026;62;B;B62;;"=IF(AND(NOT(ISBLANK($G61)),ISBLANK($G62)),$C$42-$F$40-$F$42,"""")"
Mai 2026;62;C;C62;;"=IF(AND(NOT(ISBLANK($G61)),ISBLANK($G62)),""Reste réel"","""")"
Mai 2026;62;D;D62;;"=IF(AND(NOT(ISBLANK($G61)),ISBLANK($G62)),$C$42-$H$40-$F$42,"""")"
Mai 2026;62;G;G62;Avia;
Mai 2026;62;H;H62;2.7;
Mai 2026;62;I;I62;x;
Mai 2026;62;J;J62;2.7;"=IF(I62=""x"",H62,0)"
Mai 2026;62;K;K62;Courses;
Mai 2026;63;A;A63;;"=IF(AND(NOT(ISBLANK(G62)),ISBLANK(G63)),""Reste prévu"","""")"
Mai 2026;63;B;B63;;"=IF(AND(NOT(ISBLANK($G62)),ISBLANK($G63)),$C$42-$F$40-$F$42,"""")"
Mai 2026;63;C;C63;;"=IF(AND(NOT(ISBLANK($G62)),ISBLANK($G63)),""Reste réel"","""")"
Mai 2026;63;D;D63;;"=IF(AND(NOT(ISBLANK($G62)),ISBLANK($G63)),$C$42-$H$40-$F$42,"""")"
Mai 2026;63;G;G63;Avia;
Mai 2026;63;H;H63;1.9;
Mai 2026;63;I;I63;x;
Mai 2026;63;J;J63;1.9;"=IF(I63=""x"",H63,0)"
Mai 2026;63;K;K63;Courses;
Mai 2026;64;A;A64;;"=IF(AND(NOT(ISBLANK(G63)),ISBLANK(G64)),""Reste prévu"","""")"
Mai 2026;64;B;B64;;"=IF(AND(NOT(ISBLANK($G63)),ISBLANK($G64)),$C$42-$F$40-$F$42,"""")"
Mai 2026;64;C;C64;;"=IF(AND(NOT(ISBLANK($G63)),ISBLANK($G64)),""Reste réel"","""")"
Mai 2026;64;D;D64;;"=IF(AND(NOT(ISBLANK($G63)),ISBLANK($G64)),$C$42-$H$40-$F$42,"""")"
Mai 2026;64;G;G64;Avia;
Mai 2026;64;H;H64;20.7;
Mai 2026;64;I;I64;x;
Mai 2026;64;J;J64;20.7;"=IF(I64=""x"",H64,0)"
Mai 2026;64;K;K64;Courses;
Mai 2026;65;A;A65;;"=IF(AND(NOT(ISBLANK(G64)),ISBLANK(G65)),""Reste prévu"","""")"
Mai 2026;65;B;B65;;"=IF(AND(NOT(ISBLANK($G64)),ISBLANK($G65)),$C$42-$F$40-$F$42,"""")"
Mai 2026;65;C;C65;;"=IF(AND(NOT(ISBLANK($G64)),ISBLANK($G65)),""Reste réel"","""")"
Mai 2026;65;D;D65;;"=IF(AND(NOT(ISBLANK($G64)),ISBLANK($G65)),$C$42-$H$40-$F$42,"""")"
Mai 2026;65;G;G65;Traversée Bac;
Mai 2026;65;H;H65;55;
Mai 2026;65;I;I65;x;
Mai 2026;65;J;J65;55;"=IF(I65=""x"",H65,0)"
Mai 2026;65;K;K65;Voiture/Déplacement;
Mai 2026;66;A;A66;;"=IF(AND(NOT(ISBLANK(G65)),ISBLANK(G66)),""Reste prévu"","""")"
Mai 2026;66;B;B66;;"=IF(AND(NOT(ISBLANK($G65)),ISBLANK($G66)),$C$42-$F$40-$F$42,"""")"
Mai 2026;66;C;C66;;"=IF(AND(NOT(ISBLANK($G65)),ISBLANK($G66)),""Reste réel"","""")"
Mai 2026;66;D;D66;;"=IF(AND(NOT(ISBLANK($G65)),ISBLANK($G66)),$C$42-$H$40-$F$42,"""")"
Mai 2026;66;G;G66;La Fabrique Ploufragan;
Mai 2026;66;H;H66;9.8;
Mai 2026;66;I;I66;x;
Mai 2026;66;J;J66;9.8;"=IF(I66=""x"",H66,0)"
Mai 2026;66;K;K66;Courses;
Mai 2026;67;A;A67;;"=IF(AND(NOT(ISBLANK(G66)),ISBLANK(G67)),""Reste prévu"","""")"
Mai 2026;67;B;B67;;"=IF(AND(NOT(ISBLANK($G66)),ISBLANK($G67)),$C$42-$F$40-$F$42,"""")"
Mai 2026;67;C;C67;;"=IF(AND(NOT(ISBLANK($G66)),ISBLANK($G67)),""Reste réel"","""")"
Mai 2026;67;D;D67;;"=IF(AND(NOT(ISBLANK($G66)),ISBLANK($G67)),$C$42-$H$40-$F$42,"""")"
Mai 2026;67;G;G67;Suravenir;
Mai 2026;67;H;H67;0.42;
Mai 2026;67;I;I67;x;
Mai 2026;67;J;J67;0.42;"=IF(I67=""x"",H67,0)"
Mai 2026;67;K;K67;Assurances/Mutuelle;
Mai 2026;68;A;A68;;"=IF(AND(NOT(ISBLANK(G67)),ISBLANK(G68)),""Reste prévu"","""")"
Mai 2026;68;B;B68;;"=IF(AND(NOT(ISBLANK($G67)),ISBLANK($G68)),$C$42-$F$40-$F$42,"""")"
Mai 2026;68;C;C68;;"=IF(AND(NOT(ISBLANK($G67)),ISBLANK($G68)),""Reste réel"","""")"
Mai 2026;68;D;D68;;"=IF(AND(NOT(ISBLANK($G67)),ISBLANK($G68)),$C$42-$H$40-$F$42,"""")"
Mai 2026;68;G;G68;Metro Rennes;
Mai 2026;68;H;H68;3.4;
Mai 2026;68;I;I68;x;
Mai 2026;68;J;J68;3.4;"=IF(I68=""x"",H68,0)"
Mai 2026;68;K;K68;Voiture/Déplacement;
Mai 2026;69;A;A69;;"=IF(AND(NOT(ISBLANK(G68)),ISBLANK(G69)),""Reste prévu"","""")"
Mai 2026;69;B;B69;;"=IF(AND(NOT(ISBLANK($G68)),ISBLANK($G69)),$C$42-$F$40-$F$42,"""")"
Mai 2026;69;C;C69;;"=IF(AND(NOT(ISBLANK($G68)),ISBLANK($G69)),""Reste réel"","""")"
Mai 2026;69;D;D69;;"=IF(AND(NOT(ISBLANK($G68)),ISBLANK($G69)),$C$42-$H$40-$F$42,"""")"
Mai 2026;69;G;G69;Café CAPG;
Mai 2026;69;H;H69;0.5;
Mai 2026;69;I;I69;x;
Mai 2026;69;J;J69;0.5;"=IF(I69=""x"",H69,0)"
Mai 2026;69;K;K69;Courses;
Mai 2026;70;A;A70;;"=IF(AND(NOT(ISBLANK(G69)),ISBLANK(G70)),""Reste prévu"","""")"
Mai 2026;70;B;B70;;"=IF(AND(NOT(ISBLANK($G69)),ISBLANK($G70)),$C$42-$F$40-$F$42,"""")"
Mai 2026;70;C;C70;;"=IF(AND(NOT(ISBLANK($G69)),ISBLANK($G70)),""Reste réel"","""")"
Mai 2026;70;D;D70;;"=IF(AND(NOT(ISBLANK($G69)),ISBLANK($G70)),$C$42-$H$40-$F$42,"""")"
Mai 2026;70;G;G70;Gouter Rennes;
Mai 2026;70;H;H70;11.4;
Mai 2026;70;I;I70;x;
Mai 2026;70;J;J70;11.4;"=IF(I70=""x"",H70,0)"
Mai 2026;70;K;K70;Courses;
Mai 2026;71;A;A71;;"=IF(AND(NOT(ISBLANK(G70)),ISBLANK(G71)),""Reste prévu"","""")"
Mai 2026;71;B;B71;;"=IF(AND(NOT(ISBLANK($G70)),ISBLANK($G71)),$C$42-$F$40-$F$42,"""")"
Mai 2026;71;C;C71;;"=IF(AND(NOT(ISBLANK($G70)),ISBLANK($G71)),""Reste réel"","""")"
Mai 2026;71;D;D71;;"=IF(AND(NOT(ISBLANK($G70)),ISBLANK($G71)),$C$42-$H$40-$F$42,"""")"
Mai 2026;71;G;G71;Cigarettes;
Mai 2026;71;H;H71;13;
Mai 2026;71;I;I71;x;
Mai 2026;71;J;J71;13;"=IF(I71=""x"",H71,0)"
Mai 2026;71;K;K71;Divers;
Mai 2026;72;A;A72;;"=IF(AND(NOT(ISBLANK(G71)),ISBLANK(G72)),""Reste prévu"","""")"
Mai 2026;72;B;B72;;"=IF(AND(NOT(ISBLANK($G71)),ISBLANK($G72)),$C$42-$F$40-$F$42,"""")"
Mai 2026;72;C;C72;;"=IF(AND(NOT(ISBLANK($G71)),ISBLANK($G72)),""Reste réel"","""")"
Mai 2026;72;D;D72;;"=IF(AND(NOT(ISBLANK($G71)),ISBLANK($G72)),$C$42-$H$40-$F$42,"""")"
Mai 2026;72;G;G72;Train Rennes;
Mai 2026;72;H;H72;34;
Mai 2026;72;I;I72;x;
Mai 2026;72;J;J72;34;"=IF(I72=""x"",H72,0)"
Mai 2026;72;K;K72;Voiture/Déplacement;
Mai 2026;73;A;A73;;"=IF(AND(NOT(ISBLANK(G72)),ISBLANK(G73)),""Reste prévu"","""")"
Mai 2026;73;B;B73;;"=IF(AND(NOT(ISBLANK($G72)),ISBLANK($G73)),$C$42-$F$40-$F$42,"""")"
Mai 2026;73;C;C73;;"=IF(AND(NOT(ISBLANK($G72)),ISBLANK($G73)),""Reste réel"","""")"
Mai 2026;73;D;D73;;"=IF(AND(NOT(ISBLANK($G72)),ISBLANK($G73)),$C$42-$H$40-$F$42,"""")"
Mai 2026;73;G;G73;Commande Focus;
Mai 2026;73;H;H73;77;
Mai 2026;73;I;I73;x;
Mai 2026;73;J;J73;77;"=IF(I73=""x"",H73,0)"
Mai 2026;73;K;K73;Divers;
Mai 2026;74;A;A74;;"=IF(AND(NOT(ISBLANK(G73)),ISBLANK(G74)),""Reste prévu"","""")"
Mai 2026;74;B;B74;;"=IF(AND(NOT(ISBLANK($G73)),ISBLANK($G74)),$C$42-$F$40-$F$42,"""")"
Mai 2026;74;C;C74;;"=IF(AND(NOT(ISBLANK($G73)),ISBLANK($G74)),""Reste réel"","""")"
Mai 2026;74;D;D74;;"=IF(AND(NOT(ISBLANK($G73)),ISBLANK($G74)),$C$42-$H$40-$F$42,"""")"
Mai 2026;74;G;G74;Coiffeur;
Mai 2026;74;H;H74;100;
Mai 2026;74;I;I74;x;
Mai 2026;74;J;J74;100;"=IF(I74=""x"",H74,0)"
Mai 2026;74;K;K74;Soins;
Mai 2026;75;A;A75;;"=IF(AND(NOT(ISBLANK(G74)),ISBLANK(G75)),""Reste prévu"","""")"
Mai 2026;75;B;B75;;"=IF(AND(NOT(ISBLANK($G74)),ISBLANK($G75)),$C$42-$F$40-$F$42,"""")"
Mai 2026;75;C;C75;;"=IF(AND(NOT(ISBLANK($G74)),ISBLANK($G75)),""Reste réel"","""")"
Mai 2026;75;D;D75;;"=IF(AND(NOT(ISBLANK($G74)),ISBLANK($G75)),$C$42-$H$40-$F$42,"""")"
Mai 2026;75;G;G75;Boulangerie;
Mai 2026;75;H;H75;6.27;
Mai 2026;75;I;I75;x;
Mai 2026;75;J;J75;6.27;"=IF(I75=""x"",H75,0)"
Mai 2026;75;K;K75;Courses;
Mai 2026;76;A;A76;;"=IF(AND(NOT(ISBLANK(G75)),ISBLANK(G76)),""Reste prévu"","""")"
Mai 2026;76;B;B76;;"=IF(AND(NOT(ISBLANK($G75)),ISBLANK($G76)),$C$42-$F$40-$F$42,"""")"
Mai 2026;76;C;C76;;"=IF(AND(NOT(ISBLANK($G75)),ISBLANK($G76)),""Reste réel"","""")"
Mai 2026;76;D;D76;;"=IF(AND(NOT(ISBLANK($G75)),ISBLANK($G76)),$C$42-$H$40-$F$42,"""")"
Mai 2026;76;G;G76;Leclerc;
Mai 2026;76;H;H76;201.42;
Mai 2026;76;I;I76;x;
Mai 2026;76;J;J76;201.42;"=IF(I76=""x"",H76,0)"
Mai 2026;76;K;K76;Courses;
Mai 2026;77;A;A77;;"=IF(AND(NOT(ISBLANK(G76)),ISBLANK(G77)),""Reste prévu"","""")"
Mai 2026;77;B;B77;;"=IF(AND(NOT(ISBLANK($G76)),ISBLANK($G77)),$C$42-$F$40-$F$42,"""")"
Mai 2026;77;C;C77;;"=IF(AND(NOT(ISBLANK($G76)),ISBLANK($G77)),""Reste réel"","""")"
Mai 2026;77;D;D77;;"=IF(AND(NOT(ISBLANK($G76)),ISBLANK($G77)),$C$42-$H$40-$F$42,"""")"
Mai 2026;77;G;G77;FDJ;
Mai 2026;77;H;H77;25;
Mai 2026;77;I;I77;x;
Mai 2026;77;J;J77;25;"=IF(I77=""x"",H77,0)"
Mai 2026;77;K;K77;Divers;
Mai 2026;78;A;A78;;"=IF(AND(NOT(ISBLANK(G77)),ISBLANK(G78)),""Reste prévu"","""")"
Mai 2026;78;B;B78;;"=IF(AND(NOT(ISBLANK($G77)),ISBLANK($G78)),$C$42-$F$40-$F$42,"""")"
Mai 2026;78;C;C78;;"=IF(AND(NOT(ISBLANK($G77)),ISBLANK($G78)),""Reste réel"","""")"
Mai 2026;78;D;D78;;"=IF(AND(NOT(ISBLANK($G77)),ISBLANK($G78)),$C$42-$H$40-$F$42,"""")"
Mai 2026;78;G;G78;Leclerc;
Mai 2026;78;H;H78;36.81;
Mai 2026;78;I;I78;x;
Mai 2026;78;J;J78;36.81;"=IF(I78=""x"",H78,0)"
Mai 2026;78;K;K78;Courses;
Mai 2026;79;A;A79;;"=IF(AND(NOT(ISBLANK(G78)),ISBLANK(G79)),""Reste prévu"","""")"
Mai 2026;79;B;B79;;"=IF(AND(NOT(ISBLANK($G78)),ISBLANK($G79)),$C$42-$F$40-$F$42,"""")"
Mai 2026;79;C;C79;;"=IF(AND(NOT(ISBLANK($G78)),ISBLANK($G79)),""Reste réel"","""")"
Mai 2026;79;D;D79;;"=IF(AND(NOT(ISBLANK($G78)),ISBLANK($G79)),$C$42-$H$40-$F$42,"""")"
Mai 2026;79;G;G79;Parfum Ael;
Mai 2026;79;H;H79;87.9;
Mai 2026;79;I;I79;x;
Mai 2026;79;J;J79;87.9;"=IF(I79=""x"",H79,0)"
Mai 2026;79;K;K79;Cadeau;
Mai 2026;80;A;A80;;"=IF(AND(NOT(ISBLANK(G79)),ISBLANK(G80)),""Reste prévu"","""")"
Mai 2026;80;B;B80;;"=IF(AND(NOT(ISBLANK($G79)),ISBLANK($G80)),$C$42-$F$40-$F$42,"""")"
Mai 2026;80;C;C80;;"=IF(AND(NOT(ISBLANK($G79)),ISBLANK($G80)),""Reste réel"","""")"
Mai 2026;80;D;D80;;"=IF(AND(NOT(ISBLANK($G79)),ISBLANK($G80)),$C$42-$H$40-$F$42,"""")"
Mai 2026;80;G;G80;Enceinte Ael;
Mai 2026;80;H;H80;109.99;
Mai 2026;80;I;I80;x;
Mai 2026;80;J;J80;109.99;"=IF(I80=""x"",H80,0)"
Mai 2026;80;K;K80;Cadeau;
Mai 2026;81;A;A81;;"=IF(AND(NOT(ISBLANK(G80)),ISBLANK(G81)),""Reste prévu"","""")"
Mai 2026;81;B;B81;;"=IF(AND(NOT(ISBLANK($G80)),ISBLANK($G81)),$C$42-$F$40-$F$42,"""")"
Mai 2026;81;C;C81;;"=IF(AND(NOT(ISBLANK($G80)),ISBLANK($G81)),""Reste réel"","""")"
Mai 2026;81;D;D81;;"=IF(AND(NOT(ISBLANK($G80)),ISBLANK($G81)),$C$42-$H$40-$F$42,"""")"
Mai 2026;81;G;G81;Bureau Vallée;
Mai 2026;81;H;H81;6.38;
Mai 2026;81;I;I81;x;
Mai 2026;81;J;J81;6.38;"=IF(I81=""x"",H81,0)"
Mai 2026;81;K;K81;Divers;
Mai 2026;82;A;A82;;"=IF(AND(NOT(ISBLANK(G81)),ISBLANK(G82)),""Reste prévu"","""")"
Mai 2026;82;B;B82;;"=IF(AND(NOT(ISBLANK($G81)),ISBLANK($G82)),$C$42-$F$40-$F$42,"""")"
Mai 2026;82;C;C82;;"=IF(AND(NOT(ISBLANK($G81)),ISBLANK($G82)),""Reste réel"","""")"
Mai 2026;82;D;D82;;"=IF(AND(NOT(ISBLANK($G81)),ISBLANK($G82)),$C$42-$H$40-$F$42,"""")"
Mai 2026;82;G;G82;Bureau Vallée;
Mai 2026;82;H;H82;19.64;
Mai 2026;82;I;I82;x;
Mai 2026;82;J;J82;19.64;"=IF(I82=""x"",H82,0)"
Mai 2026;82;K;K82;Divers;
Mai 2026;83;A;A83;;"=IF(AND(NOT(ISBLANK(G82)),ISBLANK(G83)),""Reste prévu"","""")"
Mai 2026;83;B;B83;;"=IF(AND(NOT(ISBLANK($G82)),ISBLANK($G83)),$C$42-$F$40-$F$42,"""")"
Mai 2026;83;C;C83;;"=IF(AND(NOT(ISBLANK($G82)),ISBLANK($G83)),""Reste réel"","""")"
Mai 2026;83;D;D83;;"=IF(AND(NOT(ISBLANK($G82)),ISBLANK($G83)),$C$42-$H$40-$F$42,"""")"
Mai 2026;83;G;G83;Retrait Marché;
Mai 2026;83;H;H83;50;
Mai 2026;83;I;I83;x;
Mai 2026;83;J;J83;50;"=IF(I83=""x"",H83,0)"
Mai 2026;83;K;K83;Courses;
Mai 2026;84;A;A84;;"=IF(AND(NOT(ISBLANK(G83)),ISBLANK(G84)),""Reste prévu"","""")"
Mai 2026;84;B;B84;;"=IF(AND(NOT(ISBLANK($G83)),ISBLANK($G84)),$C$42-$F$40-$F$42,"""")"
Mai 2026;84;C;C84;;"=IF(AND(NOT(ISBLANK($G83)),ISBLANK($G84)),""Reste réel"","""")"
Mai 2026;84;D;D84;;"=IF(AND(NOT(ISBLANK($G83)),ISBLANK($G84)),$C$42-$H$40-$F$42,"""")"
Mai 2026;84;G;G84;Sushi;
Mai 2026;84;H;H84;53;
Mai 2026;84;I;I84;x;
Mai 2026;84;J;J84;53;"=IF(I84=""x"",H84,0)"
Mai 2026;84;K;K84;Courses;
Mai 2026;85;A;A85;;"=IF(AND(NOT(ISBLANK(G84)),ISBLANK(G85)),""Reste prévu"","""")"
Mai 2026;85;B;B85;;"=IF(AND(NOT(ISBLANK($G84)),ISBLANK($G85)),$C$42-$F$40-$F$42,"""")"
Mai 2026;85;C;C85;;"=IF(AND(NOT(ISBLANK($G84)),ISBLANK($G85)),""Reste réel"","""")"
Mai 2026;85;D;D85;;"=IF(AND(NOT(ISBLANK($G84)),ISBLANK($G85)),$C$42-$H$40-$F$42,"""")"
Mai 2026;85;G;G85;Cultura;
Mai 2026;85;H;H85;46.39;
Mai 2026;85;I;I85;x;
Mai 2026;85;J;J85;46.39;"=IF(I85=""x"",H85,0)"
Mai 2026;85;K;K85;Loisirs;
Mai 2026;86;A;A86;;"=IF(AND(NOT(ISBLANK(G85)),ISBLANK(G86)),""Reste prévu"","""")"
Mai 2026;86;B;B86;;"=IF(AND(NOT(ISBLANK($G85)),ISBLANK($G86)),$C$42-$F$40-$F$42,"""")"
Mai 2026;86;C;C86;;"=IF(AND(NOT(ISBLANK($G85)),ISBLANK($G86)),""Reste réel"","""")"
Mai 2026;86;D;D86;;"=IF(AND(NOT(ISBLANK($G85)),ISBLANK($G86)),$C$42-$H$40-$F$42,"""")"
Mai 2026;86;G;G86;MArché;
Mai 2026;86;H;H86;10.25;
Mai 2026;86;I;I86;x;
Mai 2026;86;J;J86;10.25;"=IF(I86=""x"",H86,0)"
Mai 2026;86;K;K86;Courses;
Mai 2026;87;A;A87;;"=IF(AND(NOT(ISBLANK(G86)),ISBLANK(G87)),""Reste prévu"","""")"
Mai 2026;87;B;B87;;"=IF(AND(NOT(ISBLANK($G86)),ISBLANK($G87)),$C$42-$F$40-$F$42,"""")"
Mai 2026;87;C;C87;;"=IF(AND(NOT(ISBLANK($G86)),ISBLANK($G87)),""Reste réel"","""")"
Mai 2026;87;D;D87;;"=IF(AND(NOT(ISBLANK($G86)),ISBLANK($G87)),$C$42-$H$40-$F$42,"""")"
Mai 2026;87;G;G87;Vaumadeuc;
Mai 2026;87;H;H87;26.2;
Mai 2026;87;I;I87;x;
Mai 2026;87;J;J87;26.2;"=IF(I87=""x"",H87,0)"
Mai 2026;87;K;K87;Courses;
Mai 2026;88;A;A88;;"=IF(AND(NOT(ISBLANK(G87)),ISBLANK(G88)),""Reste prévu"","""")"
Mai 2026;88;B;B88;;"=IF(AND(NOT(ISBLANK($G87)),ISBLANK($G88)),$C$42-$F$40-$F$42,"""")"
Mai 2026;88;C;C88;;"=IF(AND(NOT(ISBLANK($G87)),ISBLANK($G88)),""Reste réel"","""")"
Mai 2026;88;D;D88;;"=IF(AND(NOT(ISBLANK($G87)),ISBLANK($G88)),$C$42-$H$40-$F$42,"""")"
Mai 2026;88;G;G88;Bisou Salé;
Mai 2026;88;H;H88;39;
Mai 2026;88;I;I88;x;
Mai 2026;88;J;J88;39;"=IF(I88=""x"",H88,0)"
Mai 2026;88;K;K88;Divers;
Mai 2026;89;A;A89;;"=IF(AND(NOT(ISBLANK(G88)),ISBLANK(G89)),""Reste prévu"","""")"
Mai 2026;89;B;B89;;"=IF(AND(NOT(ISBLANK($G88)),ISBLANK($G89)),$C$42-$F$40-$F$42,"""")"
Mai 2026;89;C;C89;;"=IF(AND(NOT(ISBLANK($G88)),ISBLANK($G89)),""Reste réel"","""")"
Mai 2026;89;D;D89;;"=IF(AND(NOT(ISBLANK($G88)),ISBLANK($G89)),$C$42-$H$40-$F$42,"""")"
Mai 2026;89;G;G89;Train Arthur;
Mai 2026;89;H;H89;9;
Mai 2026;89;I;I89;x;
Mai 2026;89;J;J89;9;"=IF(I89=""x"",H89,0)"
Mai 2026;89;K;K89;Voiture/Déplacement;
Mai 2026;90;A;A90;;"=IF(AND(NOT(ISBLANK(G89)),ISBLANK(G90)),""Reste prévu"","""")"
Mai 2026;90;B;B90;;"=IF(AND(NOT(ISBLANK($G89)),ISBLANK($G90)),$C$42-$F$40-$F$42,"""")"
Mai 2026;90;C;C90;;"=IF(AND(NOT(ISBLANK($G89)),ISBLANK($G90)),""Reste réel"","""")"
Mai 2026;90;D;D90;;"=IF(AND(NOT(ISBLANK($G89)),ISBLANK($G90)),$C$42-$H$40-$F$42,"""")"
Mai 2026;90;G;G90;Boulangerie;
Mai 2026;90;H;H90;6;
Mai 2026;90;I;I90;x;
Mai 2026;90;J;J90;6;"=IF(I90=""x"",H90,0)"
Mai 2026;90;K;K90;Courses;
Mai 2026;91;A;A91;;"=IF(AND(NOT(ISBLANK(G90)),ISBLANK(G91)),""Reste prévu"","""")"
Mai 2026;91;B;B91;;"=IF(AND(NOT(ISBLANK($G90)),ISBLANK($G91)),$C$42-$F$40-$F$42,"""")"
Mai 2026;91;C;C91;;"=IF(AND(NOT(ISBLANK($G90)),ISBLANK($G91)),""Reste réel"","""")"
Mai 2026;91;D;D91;;"=IF(AND(NOT(ISBLANK($G90)),ISBLANK($G91)),$C$42-$H$40-$F$42,"""")"
Mai 2026;91;G;G91;Remboursement Ael;
Mai 2026;91;H;H91;63.79;
Mai 2026;91;I;I91;x;
Mai 2026;91;J;J91;63.79;"=IF(I91=""x"",H91,0)"
Mai 2026;91;K;K91;Divers;
Mai 2026;92;A;A92;;"=IF(AND(NOT(ISBLANK(G91)),ISBLANK(G92)),""Reste prévu"","""")"
Mai 2026;92;B;B92;;"=IF(AND(NOT(ISBLANK($G91)),ISBLANK($G92)),$C$42-$F$40-$F$42,"""")"
Mai 2026;92;C;C92;;"=IF(AND(NOT(ISBLANK($G91)),ISBLANK($G92)),""Reste réel"","""")"
Mai 2026;92;D;D92;;"=IF(AND(NOT(ISBLANK($G91)),ISBLANK($G92)),$C$42-$H$40-$F$42,"""")"
Mai 2026;92;G;G92;Leclerc;
Mai 2026;92;H;H92;42.45;
Mai 2026;92;I;I92;x;
Mai 2026;92;J;J92;42.45;"=IF(I92=""x"",H92,0)"
Mai 2026;92;K;K92;Courses;
Mai 2026;93;A;A93;;"=IF(AND(NOT(ISBLANK(G92)),ISBLANK(G93)),""Reste prévu"","""")"
Mai 2026;93;B;B93;;"=IF(AND(NOT(ISBLANK($G92)),ISBLANK($G93)),$C$42-$F$40-$F$42,"""")"
Mai 2026;93;C;C93;;"=IF(AND(NOT(ISBLANK($G92)),ISBLANK($G93)),""Reste réel"","""")"
Mai 2026;93;D;D93;;"=IF(AND(NOT(ISBLANK($G92)),ISBLANK($G93)),$C$42-$H$40-$F$42,"""")"
Mai 2026;93;G;G93;Boulangerie;
Mai 2026;93;H;H93;7.3;
Mai 2026;93;I;I93;x;
Mai 2026;93;J;J93;7.3;"=IF(I93=""x"",H93,0)"
Mai 2026;93;K;K93;Courses;
Mai 2026;94;A;A94;;"=IF(AND(NOT(ISBLANK(G93)),ISBLANK(G94)),""Reste prévu"","""")"
Mai 2026;94;B;B94;;"=IF(AND(NOT(ISBLANK($G93)),ISBLANK($G94)),$C$42-$F$40-$F$42,"""")"
Mai 2026;94;C;C94;;"=IF(AND(NOT(ISBLANK($G93)),ISBLANK($G94)),""Reste réel"","""")"
Mai 2026;94;D;D94;;"=IF(AND(NOT(ISBLANK($G93)),ISBLANK($G94)),$C$42-$H$40-$F$42,"""")"
Mai 2026;94;G;G94;Leroy MErlin;
Mai 2026;94;H;H94;29.9;
Mai 2026;94;I;I94;x;
Mai 2026;94;J;J94;29.9;"=IF(I94=""x"",H94,0)"
Mai 2026;94;K;K94;Bricolage/Travaux;
Mai 2026;95;A;A95;;"=IF(AND(NOT(ISBLANK(G94)),ISBLANK(G95)),""Reste prévu"","""")"
Mai 2026;95;B;B95;;"=IF(AND(NOT(ISBLANK($G94)),ISBLANK($G95)),$C$42-$F$40-$F$42,"""")"
Mai 2026;95;C;C95;;"=IF(AND(NOT(ISBLANK($G94)),ISBLANK($G95)),""Reste réel"","""")"
Mai 2026;95;D;D95;;"=IF(AND(NOT(ISBLANK($G94)),ISBLANK($G95)),$C$42-$H$40-$F$42,"""")"
Mai 2026;95;G;G95;Leroy MErlin;
Mai 2026;95;H;H95;236.28;
Mai 2026;95;I;I95;x;
Mai 2026;95;J;J95;236.28;"=IF(I95=""x"",H95,0)"
Mai 2026;95;K;K95;Bricolage/Travaux;
Mai 2026;96;A;A96;;"=IF(AND(NOT(ISBLANK(G95)),ISBLANK(G96)),""Reste prévu"","""")"
Mai 2026;96;B;B96;;"=IF(AND(NOT(ISBLANK($G95)),ISBLANK($G96)),$C$42-$F$40-$F$42,"""")"
Mai 2026;96;C;C96;;"=IF(AND(NOT(ISBLANK($G95)),ISBLANK($G96)),""Reste réel"","""")"
Mai 2026;96;D;D96;;"=IF(AND(NOT(ISBLANK($G95)),ISBLANK($G96)),$C$42-$H$40-$F$42,"""")"
Mai 2026;96;G;G96;Boulangerie;
Mai 2026;96;H;H96;11;
Mai 2026;96;I;I96;x;
Mai 2026;96;J;J96;11;"=IF(I96=""x"",H96,0)"
Mai 2026;96;K;K96;Courses;
Mai 2026;97;A;A97;;"=IF(AND(NOT(ISBLANK(G96)),ISBLANK(G97)),""Reste prévu"","""")"
Mai 2026;97;B;B97;;"=IF(AND(NOT(ISBLANK($G96)),ISBLANK($G97)),$C$42-$F$40-$F$42,"""")"
Mai 2026;97;C;C97;;"=IF(AND(NOT(ISBLANK($G96)),ISBLANK($G97)),""Reste réel"","""")"
Mai 2026;97;D;D97;;"=IF(AND(NOT(ISBLANK($G96)),ISBLANK($G97)),$C$42-$H$40-$F$42,"""")"
Mai 2026;97;G;G97;Dr Apel;
Mai 2026;97;H;H97;30;
Mai 2026;97;I;I97;x;
Mai 2026;97;J;J97;30;"=IF(I97=""x"",H97,0)"
Mai 2026;97;K;K97;Medical;
Mai 2026;98;A;A98;;"=IF(AND(NOT(ISBLANK(G97)),ISBLANK(G98)),""Reste prévu"","""")"
Mai 2026;98;B;B98;;"=IF(AND(NOT(ISBLANK($G97)),ISBLANK($G98)),$C$42-$F$40-$F$42,"""")"
Mai 2026;98;C;C98;;"=IF(AND(NOT(ISBLANK($G97)),ISBLANK($G98)),""Reste réel"","""")"
Mai 2026;98;D;D98;;"=IF(AND(NOT(ISBLANK($G97)),ISBLANK($G98)),$C$42-$H$40-$F$42,"""")"
Mai 2026;98;G;G98;Leclerc;
Mai 2026;98;H;H98;13.73;
Mai 2026;98;I;I98;x;
Mai 2026;98;J;J98;13.73;"=IF(I98=""x"",H98,0)"
Mai 2026;98;K;K98;Courses;
Mai 2026;99;A;A99;;"=IF(AND(NOT(ISBLANK(G98)),ISBLANK(G99)),""Reste prévu"","""")"
Mai 2026;99;B;B99;;"=IF(AND(NOT(ISBLANK($G98)),ISBLANK($G99)),$C$42-$F$40-$F$42,"""")"
Mai 2026;99;C;C99;;"=IF(AND(NOT(ISBLANK($G98)),ISBLANK($G99)),""Reste réel"","""")"
Mai 2026;99;D;D99;;"=IF(AND(NOT(ISBLANK($G98)),ISBLANK($G99)),$C$42-$H$40-$F$42,"""")"
Mai 2026;99;G;G99;Assurance Appart Arthur;
Mai 2026;99;H;H99;93.31;
Mai 2026;99;I;I99;x;
Mai 2026;99;J;J99;93.31;"=IF(I99=""x"",H99,0)"
Mai 2026;99;K;K99;Charges;
Mai 2026;100;A;A100;;"=IF(AND(NOT(ISBLANK(G99)),ISBLANK(G100)),""Reste prévu"","""")"
Mai 2026;100;B;B100;;"=IF(AND(NOT(ISBLANK($G99)),ISBLANK($G100)),$C$42-$F$40-$F$42,"""")"
Mai 2026;100;C;C100;;"=IF(AND(NOT(ISBLANK($G99)),ISBLANK($G100)),""Reste réel"","""")"
Mai 2026;100;D;D100;;"=IF(AND(NOT(ISBLANK($G99)),ISBLANK($G100)),$C$42-$H$40-$F$42,"""")"
Mai 2026;100;G;G100;Grain de Malice;
Mai 2026;100;H;H100;112.97;
Mai 2026;100;I;I100;x;
Mai 2026;100;J;J100;112.97;"=IF(I100=""x"",H100,0)"
Mai 2026;100;K;K100;Divers;
Mai 2026;101;A;A101;;"=IF(AND(NOT(ISBLANK(G100)),ISBLANK(G101)),""Reste prévu"","""")"
Mai 2026;101;B;B101;;"=IF(AND(NOT(ISBLANK($G100)),ISBLANK($G101)),$C$42-$F$40-$F$42,"""")"
Mai 2026;101;C;C101;;"=IF(AND(NOT(ISBLANK($G100)),ISBLANK($G101)),""Reste réel"","""")"
Mai 2026;101;D;D101;;"=IF(AND(NOT(ISBLANK($G100)),ISBLANK($G101)),$C$42-$H$40-$F$42,"""")"
Mai 2026;101;G;G101;La Ruche;
Mai 2026;101;H;H101;29.5;
Mai 2026;101;I;I101;x;
Mai 2026;101;J;J101;29.5;"=IF(I101=""x"",H101,0)"
Mai 2026;101;K;K101;Courses;
Mai 2026;102;A;A102;;"=IF(AND(NOT(ISBLANK(G101)),ISBLANK(G102)),""Reste prévu"","""")"
Mai 2026;102;B;B102;;"=IF(AND(NOT(ISBLANK($G101)),ISBLANK($G102)),$C$42-$F$40-$F$42,"""")"
Mai 2026;102;C;C102;;"=IF(AND(NOT(ISBLANK($G101)),ISBLANK($G102)),""Reste réel"","""")"
Mai 2026;102;D;D102;;"=IF(AND(NOT(ISBLANK($G101)),ISBLANK($G102)),$C$42-$H$40-$F$42,"""")"
Mai 2026;102;G;G102;Leclerc;
Mai 2026;102;H;H102;51.03;
Mai 2026;102;I;I102;x;
Mai 2026;102;J;J102;51.03;"=IF(I102=""x"",H102,0)"
Mai 2026;102;K;K102;Courses;
Mai 2026;103;A;A103;;"=IF(AND(NOT(ISBLANK(G102)),ISBLANK(G103)),""Reste prévu"","""")"
Mai 2026;103;B;B103;;"=IF(AND(NOT(ISBLANK($G102)),ISBLANK($G103)),$C$42-$F$40-$F$42,"""")"
Mai 2026;103;C;C103;;"=IF(AND(NOT(ISBLANK($G102)),ISBLANK($G103)),""Reste réel"","""")"
Mai 2026;103;D;D103;;"=IF(AND(NOT(ISBLANK($G102)),ISBLANK($G103)),$C$42-$H$40-$F$42,"""")"
Mai 2026;103;G;G103;Chèque;
Mai 2026;103;H;H103;18.25;
Mai 2026;103;I;I103;x;
Mai 2026;103;J;J103;18.25;"=IF(I103=""x"",H103,0)"
Mai 2026;103;K;K103;Divers;
Mai 2026;104;A;A104;;"=IF(AND(NOT(ISBLANK(G103)),ISBLANK(G104)),""Reste prévu"","""")"
Mai 2026;104;B;B104;;"=IF(AND(NOT(ISBLANK($G103)),ISBLANK($G104)),$C$42-$F$40-$F$42,"""")"
Mai 2026;104;C;C104;;"=IF(AND(NOT(ISBLANK($G103)),ISBLANK($G104)),""Reste réel"","""")"
Mai 2026;104;D;D104;;"=IF(AND(NOT(ISBLANK($G103)),ISBLANK($G104)),$C$42-$H$40-$F$42,"""")"
Mai 2026;104;G;G104;Café;
Mai 2026;104;H;H104;2.7;
Mai 2026;104;I;I104;x;
Mai 2026;104;J;J104;2.7;"=IF(I104=""x"",H104,0)"
Mai 2026;104;K;K104;Courses;
Mai 2026;105;A;A105;;"=IF(AND(NOT(ISBLANK(G104)),ISBLANK(G105)),""Reste prévu"","""")"
Mai 2026;105;B;B105;;"=IF(AND(NOT(ISBLANK($G104)),ISBLANK($G105)),$C$42-$F$40-$F$42,"""")"
Mai 2026;105;C;C105;;"=IF(AND(NOT(ISBLANK($G104)),ISBLANK($G105)),""Reste réel"","""")"
Mai 2026;105;D;D105;;"=IF(AND(NOT(ISBLANK($G104)),ISBLANK($G105)),$C$42-$H$40-$F$42,"""")"
Mai 2026;105;G;G105;Café;
Mai 2026;105;H;H105;2.7;
Mai 2026;105;I;I105;x;
Mai 2026;105;J;J105;2.7;"=IF(I105=""x"",H105,0)"
Mai 2026;105;K;K105;Courses;
Mai 2026;106;A;A106;;"=IF(AND(NOT(ISBLANK(G105)),ISBLANK(G106)),""Reste prévu"","""")"
Mai 2026;106;B;B106;;"=IF(AND(NOT(ISBLANK($G105)),ISBLANK($G106)),$C$42-$F$40-$F$42,"""")"
Mai 2026;106;C;C106;;"=IF(AND(NOT(ISBLANK($G105)),ISBLANK($G106)),""Reste réel"","""")"
Mai 2026;106;D;D106;;"=IF(AND(NOT(ISBLANK($G105)),ISBLANK($G106)),$C$42-$H$40-$F$42,"""")"
Mai 2026;106;G;G106;Survet Ael;
Mai 2026;106;H;H106;35;
Mai 2026;106;I;I106;x;
Mai 2026;106;J;J106;35;"=IF(I106=""x"",H106,0)"
Mai 2026;106;K;K106;Vêtements;
Mai 2026;107;A;A107;;"=IF(AND(NOT(ISBLANK(G106)),ISBLANK(G107)),""Reste prévu"","""")"
Mai 2026;107;B;B107;;"=IF(AND(NOT(ISBLANK($G106)),ISBLANK($G107)),$C$42-$F$40-$F$42,"""")"
Mai 2026;107;C;C107;;"=IF(AND(NOT(ISBLANK($G106)),ISBLANK($G107)),""Reste réel"","""")"
Mai 2026;107;D;D107;;"=IF(AND(NOT(ISBLANK($G106)),ISBLANK($G107)),$C$42-$H$40-$F$42,"""")"
Mai 2026;107;G;G107;Café;
Mai 2026;107;H;H107;1.9;
Mai 2026;107;I;I107;x;
Mai 2026;107;J;J107;1.9;"=IF(I107=""x"",H107,0)"
Mai 2026;107;K;K107;Courses;
Mai 2026;108;A;A108;;"=IF(AND(NOT(ISBLANK(G107)),ISBLANK(G108)),""Reste prévu"","""")"
Mai 2026;108;B;B108;;"=IF(AND(NOT(ISBLANK($G107)),ISBLANK($G108)),$C$42-$F$40-$F$42,"""")"
Mai 2026;108;C;C108;;"=IF(AND(NOT(ISBLANK($G107)),ISBLANK($G108)),""Reste réel"","""")"
Mai 2026;108;D;D108;;"=IF(AND(NOT(ISBLANK($G107)),ISBLANK($G108)),$C$42-$H$40-$F$42,"""")"
Mai 2026;108;G;G108;Station;
Mai 2026;108;H;H108;16.3;
Mai 2026;108;I;I108;x;
Mai 2026;108;J;J108;16.3;"=IF(I108=""x"",H108,0)"
Mai 2026;108;K;K108;Courses;
Mai 2026;109;A;A109;;"=IF(AND(NOT(ISBLANK(G108)),ISBLANK(G109)),""Reste prévu"","""")"
Mai 2026;109;B;B109;;"=IF(AND(NOT(ISBLANK($G108)),ISBLANK($G109)),$C$42-$F$40-$F$42,"""")"
Mai 2026;109;C;C109;;"=IF(AND(NOT(ISBLANK($G108)),ISBLANK($G109)),""Reste réel"","""")"
Mai 2026;109;D;D109;;"=IF(AND(NOT(ISBLANK($G108)),ISBLANK($G109)),$C$42-$H$40-$F$42,"""")"
Mai 2026;109;G;G109;Leclerc;
Mai 2026;109;H;H109;65.83;
Mai 2026;109;I;I109;x;
Mai 2026;109;J;J109;65.83;"=IF(I109=""x"",H109,0)"
Mai 2026;109;K;K109;Courses;
Mai 2026;110;A;A110;;"=IF(AND(NOT(ISBLANK(G109)),ISBLANK(G110)),""Reste prévu"","""")"
Mai 2026;110;B;B110;;"=IF(AND(NOT(ISBLANK($G109)),ISBLANK($G110)),$C$42-$F$40-$F$42,"""")"
Mai 2026;110;C;C110;;"=IF(AND(NOT(ISBLANK($G109)),ISBLANK($G110)),""Reste réel"","""")"
Mai 2026;110;D;D110;;"=IF(AND(NOT(ISBLANK($G109)),ISBLANK($G110)),$C$42-$H$40-$F$42,"""")"
Mai 2026;110;G;G110;Carrefour Mérignac;
Mai 2026;110;H;H110;89.68;
Mai 2026;110;I;I110;x;
Mai 2026;110;J;J110;89.68;"=IF(I110=""x"",H110,0)"
Mai 2026;110;K;K110;Courses;
Mai 2026;111;A;A111;;"=IF(AND(NOT(ISBLANK(G110)),ISBLANK(G111)),""Reste prévu"","""")"
Mai 2026;111;B;B111;;"=IF(AND(NOT(ISBLANK($G110)),ISBLANK($G111)),$C$42-$F$40-$F$42,"""")"
Mai 2026;111;C;C111;;"=IF(AND(NOT(ISBLANK($G110)),ISBLANK($G111)),""Reste réel"","""")"
Mai 2026;111;D;D111;;"=IF(AND(NOT(ISBLANK($G110)),ISBLANK($G111)),$C$42-$H$40-$F$42,"""")"
Mai 2026;111;G;G111;Pharmacie St Sulpice;
Mai 2026;111;H;H111;7.98;
Mai 2026;111;I;I111;x;
Mai 2026;111;J;J111;7.98;"=IF(I111=""x"",H111,0)"
Mai 2026;111;K;K111;Medical;
Mai 2026;112;A;A112;;"=IF(AND(NOT(ISBLANK(G111)),ISBLANK(G112)),""Reste prévu"","""")"
Mai 2026;112;B;B112;;"=IF(AND(NOT(ISBLANK($G111)),ISBLANK($G112)),$C$42-$F$40-$F$42,"""")"
Mai 2026;112;C;C112;;"=IF(AND(NOT(ISBLANK($G111)),ISBLANK($G112)),""Reste réel"","""")"
Mai 2026;112;D;D112;;"=IF(AND(NOT(ISBLANK($G111)),ISBLANK($G112)),$C$42-$H$40-$F$42,"""")"
Mai 2026;112;G;G112;Cigarettes;
Mai 2026;112;H;H112;27;
Mai 2026;112;I;I112;x;
Mai 2026;112;J;J112;27;"=IF(I112=""x"",H112,0)"
Mai 2026;112;K;K112;Divers;
Mai 2026;113;A;A113;;"=IF(AND(NOT(ISBLANK(G112)),ISBLANK(G113)),""Reste prévu"","""")"
Mai 2026;113;B;B113;;"=IF(AND(NOT(ISBLANK($G112)),ISBLANK($G113)),$C$42-$F$40-$F$42,"""")"
Mai 2026;113;C;C113;;"=IF(AND(NOT(ISBLANK($G112)),ISBLANK($G113)),""Reste réel"","""")"
Mai 2026;113;D;D113;;"=IF(AND(NOT(ISBLANK($G112)),ISBLANK($G113)),$C$42-$H$40-$F$42,"""")"
Mai 2026;113;G;G113;Courses Anniversaire;
Mai 2026;113;H;H113;385.39;
Mai 2026;113;I;I113;x;
Mai 2026;113;J;J113;385.39;"=IF(I113=""x"",H113,0)"
Mai 2026;113;K;K113;Courses;
Mai 2026;114;A;A114;;"=IF(AND(NOT(ISBLANK(G113)),ISBLANK(G114)),""Reste prévu"","""")"
Mai 2026;114;B;B114;;"=IF(AND(NOT(ISBLANK($G113)),ISBLANK($G114)),$C$42-$F$40-$F$42,"""")"
Mai 2026;114;C;C114;;"=IF(AND(NOT(ISBLANK($G113)),ISBLANK($G114)),""Reste réel"","""")"
Mai 2026;114;D;D114;;"=IF(AND(NOT(ISBLANK($G113)),ISBLANK($G114)),$C$42-$H$40-$F$42,"""")"
Mai 2026;114;G;G114;FDJ;
Mai 2026;114;H;H114;25;
Mai 2026;114;I;I114;x;
Mai 2026;114;J;J114;25;"=IF(I114=""x"",H114,0)"
Mai 2026;114;K;K114;Divers;
Mai 2026;115;A;A115;;"=IF(AND(NOT(ISBLANK(G114)),ISBLANK(G115)),""Reste prévu"","""")"
Mai 2026;115;B;B115;;"=IF(AND(NOT(ISBLANK($G114)),ISBLANK($G115)),$C$42-$F$40-$F$42,"""")"
Mai 2026;115;C;C115;;"=IF(AND(NOT(ISBLANK($G114)),ISBLANK($G115)),""Reste réel"","""")"
Mai 2026;115;D;D115;;"=IF(AND(NOT(ISBLANK($G114)),ISBLANK($G115)),$C$42-$H$40-$F$42,"""")"
Mai 2026;115;G;G115;Courses Anniversaire;
Mai 2026;115;H;H115;181.13;
Mai 2026;115;I;I115;x;
Mai 2026;115;J;J115;181.13;"=IF(I115=""x"",H115,0)"
Mai 2026;115;K;K115;Courses;
Mai 2026;116;A;A116;;"=IF(AND(NOT(ISBLANK(G115)),ISBLANK(G116)),""Reste prévu"","""")"
Mai 2026;116;B;B116;;"=IF(AND(NOT(ISBLANK($G115)),ISBLANK($G116)),$C$42-$F$40-$F$42,"""")"
Mai 2026;116;C;C116;;"=IF(AND(NOT(ISBLANK($G115)),ISBLANK($G116)),""Reste réel"","""")"
Mai 2026;116;D;D116;;"=IF(AND(NOT(ISBLANK($G115)),ISBLANK($G116)),$C$42-$H$40-$F$42,"""")"
Mai 2026;116;G;G116;Courses Anniversaire;
Mai 2026;116;H;H116;73.43;
Mai 2026;116;I;I116;x;
Mai 2026;116;J;J116;73.43;"=IF(I116=""x"",H116,0)"
Mai 2026;116;K;K116;Courses;
Mai 2026;117;A;A117;;"=IF(AND(NOT(ISBLANK(G116)),ISBLANK(G117)),""Reste prévu"","""")"
Mai 2026;117;B;B117;;"=IF(AND(NOT(ISBLANK($G116)),ISBLANK($G117)),$C$42-$F$40-$F$42,"""")"
Mai 2026;117;C;C117;;"=IF(AND(NOT(ISBLANK($G116)),ISBLANK($G117)),""Reste réel"","""")"
Mai 2026;117;D;D117;;"=IF(AND(NOT(ISBLANK($G116)),ISBLANK($G117)),$C$42-$H$40-$F$42,"""")"
Mai 2026;117;G;G117;Station;
Mai 2026;117;H;H117;29.3;
Mai 2026;117;I;I117;x;
Mai 2026;117;J;J117;29.3;"=IF(I117=""x"",H117,0)"
Mai 2026;117;K;K117;Courses;
Mai 2026;118;A;A118;;"=IF(AND(NOT(ISBLANK(G117)),ISBLANK(G118)),""Reste prévu"","""")"
Mai 2026;118;B;B118;;"=IF(AND(NOT(ISBLANK($G117)),ISBLANK($G118)),$C$42-$F$40-$F$42,"""")"
Mai 2026;118;C;C118;;"=IF(AND(NOT(ISBLANK($G117)),ISBLANK($G118)),""Reste réel"","""")"
Mai 2026;118;D;D118;;"=IF(AND(NOT(ISBLANK($G117)),ISBLANK($G118)),$C$42-$H$40-$F$42,"""")"
Mai 2026;118;G;G118;Leclerc;
Mai 2026;118;H;H118;17.04;
Mai 2026;118;I;I118;x;
Mai 2026;118;J;J118;17.04;"=IF(I118=""x"",H118,0)"
Mai 2026;118;K;K118;Courses;
Mai 2026;119;A;A119;;"=IF(AND(NOT(ISBLANK(G118)),ISBLANK(G119)),""Reste prévu"","""")"
Mai 2026;119;B;B119;;"=IF(AND(NOT(ISBLANK($G118)),ISBLANK($G119)),$C$42-$F$40-$F$42,"""")"
Mai 2026;119;C;C119;;"=IF(AND(NOT(ISBLANK($G118)),ISBLANK($G119)),""Reste réel"","""")"
Mai 2026;119;D;D119;;"=IF(AND(NOT(ISBLANK($G118)),ISBLANK($G119)),$C$42-$H$40-$F$42,"""")"
Mai 2026;119;G;G119;Cafran;
Mai 2026;119;H;H119;57;
Mai 2026;119;I;I119;x;
Mai 2026;119;J;J119;57;"=IF(I119=""x"",H119,0)"
Mai 2026;119;K;K119;Courses;
Mai 2026;120;A;A120;;"=IF(AND(NOT(ISBLANK(G119)),ISBLANK(G120)),""Reste prévu"","""")"
Mai 2026;120;B;B120;;"=IF(AND(NOT(ISBLANK($G119)),ISBLANK($G120)),$C$42-$F$40-$F$42,"""")"
Mai 2026;120;C;C120;;"=IF(AND(NOT(ISBLANK($G119)),ISBLANK($G120)),""Reste réel"","""")"
Mai 2026;120;D;D120;;"=IF(AND(NOT(ISBLANK($G119)),ISBLANK($G120)),$C$42-$H$40-$F$42,"""")"
Mai 2026;120;G;G120;Leclerc;
Mai 2026;120;H;H120;2.29;
Mai 2026;120;I;I120;x;
Mai 2026;120;J;J120;2.29;"=IF(I120=""x"",H120,0)"
Mai 2026;120;K;K120;Courses;
Mai 2026;121;A;A121;;"=IF(AND(NOT(ISBLANK(G120)),ISBLANK(G121)),""Reste prévu"","""")"
Mai 2026;121;B;B121;;"=IF(AND(NOT(ISBLANK($G120)),ISBLANK($G121)),$C$42-$F$40-$F$42,"""")"
Mai 2026;121;C;C121;;"=IF(AND(NOT(ISBLANK($G120)),ISBLANK($G121)),""Reste réel"","""")"
Mai 2026;121;D;D121;;"=IF(AND(NOT(ISBLANK($G120)),ISBLANK($G121)),$C$42-$H$40-$F$42,"""")"
Mai 2026;121;G;G121;Leclerc;
Mai 2026;121;H;H121;0.52;
Mai 2026;121;I;I121;x;
Mai 2026;121;J;J121;0.52;"=IF(I121=""x"",H121,0)"
Mai 2026;121;K;K121;Courses;
Mai 2026;122;A;A122;;"=IF(AND(NOT(ISBLANK(G121)),ISBLANK(G122)),""Reste prévu"","""")"
Mai 2026;122;B;B122;;"=IF(AND(NOT(ISBLANK($G121)),ISBLANK($G122)),$C$42-$F$40-$F$42,"""")"
Mai 2026;122;C;C122;;"=IF(AND(NOT(ISBLANK($G121)),ISBLANK($G122)),""Reste réel"","""")"
Mai 2026;122;D;D122;;"=IF(AND(NOT(ISBLANK($G121)),ISBLANK($G122)),$C$42-$H$40-$F$42,"""")"
Mai 2026;122;G;G122;Radio Lamballe;
Mai 2026;122;H;H122;31.5;
Mai 2026;122;I;I122;x;
Mai 2026;122;J;J122;31.5;"=IF(I122=""x"",H122,0)"
Mai 2026;122;K;K122;Medical;
Mai 2026;123;A;A123;;"=IF(AND(NOT(ISBLANK(G122)),ISBLANK(G123)),""Reste prévu"","""")"
Mai 2026;123;B;B123;;"=IF(AND(NOT(ISBLANK($G122)),ISBLANK($G123)),$C$42-$F$40-$F$42,"""")"
Mai 2026;123;C;C123;;"=IF(AND(NOT(ISBLANK($G122)),ISBLANK($G123)),""Reste réel"","""")"
Mai 2026;123;D;D123;;"=IF(AND(NOT(ISBLANK($G122)),ISBLANK($G123)),$C$42-$H$40-$F$42,"""")"
Mai 2026;123;G;G123;Radio Lamballe;
Mai 2026;123;H;H123;30;
Mai 2026;123;I;I123;x;
Mai 2026;123;J;J123;30;"=IF(I123=""x"",H123,0)"
Mai 2026;123;K;K123;Medical;
Mai 2026;124;A;A124;;"=IF(AND(NOT(ISBLANK(G123)),ISBLANK(G124)),""Reste prévu"","""")"
Mai 2026;124;B;B124;;"=IF(AND(NOT(ISBLANK($G123)),ISBLANK($G124)),$C$42-$F$40-$F$42,"""")"
Mai 2026;124;C;C124;;"=IF(AND(NOT(ISBLANK($G123)),ISBLANK($G124)),""Reste réel"","""")"
Mai 2026;124;D;D124;;"=IF(AND(NOT(ISBLANK($G123)),ISBLANK($G124)),$C$42-$H$40-$F$42,"""")"
Mai 2026;124;G;G124;Croquettes Oska;
Mai 2026;124;H;H124;47.01;
Mai 2026;124;I;I124;x;
Mai 2026;124;J;J124;47.01;"=IF(I124=""x"",H124,0)"
Mai 2026;124;K;K124;Divers;
Mai 2026;125;A;A125;;"=IF(AND(NOT(ISBLANK(G124)),ISBLANK(G125)),""Reste prévu"","""")"
Mai 2026;125;B;B125;;"=IF(AND(NOT(ISBLANK($G124)),ISBLANK($G125)),$C$42-$F$40-$F$42,"""")"
Mai 2026;125;C;C125;;"=IF(AND(NOT(ISBLANK($G124)),ISBLANK($G125)),""Reste réel"","""")"
Mai 2026;125;D;D125;;"=IF(AND(NOT(ISBLANK($G124)),ISBLANK($G125)),$C$42-$H$40-$F$42,"""")"
Mai 2026;125;G;G125;Leclerc;
Mai 2026;125;H;H125;2.48;
Mai 2026;125;I;I125;x;
Mai 2026;125;J;J125;2.48;"=IF(I125=""x"",H125,0)"
Mai 2026;125;K;K125;Courses;
Mai 2026;126;A;A126;;"=IF(AND(NOT(ISBLANK(G125)),ISBLANK(G126)),""Reste prévu"","""")"
Mai 2026;126;B;B126;;"=IF(AND(NOT(ISBLANK($G125)),ISBLANK($G126)),$C$42-$F$40-$F$42,"""")"
Mai 2026;126;C;C126;;"=IF(AND(NOT(ISBLANK($G125)),ISBLANK($G126)),""Reste réel"","""")"
Mai 2026;126;D;D126;;"=IF(AND(NOT(ISBLANK($G125)),ISBLANK($G126)),$C$42-$H$40-$F$42,"""")"
Mai 2026;126;G;G126;Mr Bricolage;
Mai 2026;126;H;H126;51.65;
Mai 2026;126;I;I126;x;
Mai 2026;126;J;J126;51.65;"=IF(I126=""x"",H126,0)"
Mai 2026;126;K;K126;Bricolage/Travaux;
Mai 2026;127;A;A127;;"=IF(AND(NOT(ISBLANK(G126)),ISBLANK(G127)),""Reste prévu"","""")"
Mai 2026;127;B;B127;;"=IF(AND(NOT(ISBLANK($G126)),ISBLANK($G127)),$C$42-$F$40-$F$42,"""")"
Mai 2026;127;C;C127;;"=IF(AND(NOT(ISBLANK($G126)),ISBLANK($G127)),""Reste réel"","""")"
Mai 2026;127;D;D127;;"=IF(AND(NOT(ISBLANK($G126)),ISBLANK($G127)),$C$42-$H$40-$F$42,"""")"
Mai 2026;127;G;G127;Mr Bricolage;
Mai 2026;127;H;H127;7.1;
Mai 2026;127;I;I127;x;
Mai 2026;127;J;J127;7.1;"=IF(I127=""x"",H127,0)"
Mai 2026;127;K;K127;Bricolage/Travaux;
Mai 2026;128;A;A128;;"=IF(AND(NOT(ISBLANK(G127)),ISBLANK(G128)),""Reste prévu"","""")"
Mai 2026;128;B;B128;;"=IF(AND(NOT(ISBLANK($G127)),ISBLANK($G128)),$C$42-$F$40-$F$42,"""")"
Mai 2026;128;C;C128;;"=IF(AND(NOT(ISBLANK($G127)),ISBLANK($G128)),""Reste réel"","""")"
Mai 2026;128;D;D128;;"=IF(AND(NOT(ISBLANK($G127)),ISBLANK($G128)),$C$42-$H$40-$F$42,"""")"
Mai 2026;128;G;G128;Leclerc;
Mai 2026;128;H;H128;9.8;
Mai 2026;128;I;I128;x;
Mai 2026;128;J;J128;9.8;"=IF(I128=""x"",H128,0)"
Mai 2026;128;K;K128;Courses;
Mai 2026;129;A;A129;;"=IF(AND(NOT(ISBLANK(G128)),ISBLANK(G129)),""Reste prévu"","""")"
Mai 2026;129;B;B129;;"=IF(AND(NOT(ISBLANK($G128)),ISBLANK($G129)),$C$42-$F$40-$F$42,"""")"
Mai 2026;129;C;C129;;"=IF(AND(NOT(ISBLANK($G128)),ISBLANK($G129)),""Reste réel"","""")"
Mai 2026;129;D;D129;;"=IF(AND(NOT(ISBLANK($G128)),ISBLANK($G129)),$C$42-$H$40-$F$42,"""")"
Mai 2026;129;G;G129;Buvette Longe Cote;
Mai 2026;129;H;H129;7.5;
Mai 2026;129;I;I129;x;
Mai 2026;129;J;J129;7.5;"=IF(I129=""x"",H129,0)"
Mai 2026;129;K;K129;Loisirs;
Mai 2026;130;A;A130;;"=IF(AND(NOT(ISBLANK(G129)),ISBLANK(G130)),""Reste prévu"","""")"
Mai 2026;130;B;B130;;"=IF(AND(NOT(ISBLANK($G129)),ISBLANK($G130)),$C$42-$F$40-$F$42,"""")"
Mai 2026;130;C;C130;;"=IF(AND(NOT(ISBLANK($G129)),ISBLANK($G130)),""Reste réel"","""")"
Mai 2026;130;D;D130;;"=IF(AND(NOT(ISBLANK($G129)),ISBLANK($G130)),$C$42-$H$40-$F$42,"""")"
Mai 2026;130;G;G130;Buvette Longe Cote;
Mai 2026;130;H;H130;3.5;
Mai 2026;130;I;I130;x;
Mai 2026;130;J;J130;3.5;"=IF(I130=""x"",H130,0)"
Mai 2026;130;K;K130;Loisirs;
Mai 2026;131;A;A131;;"=IF(AND(NOT(ISBLANK(G130)),ISBLANK(G131)),""Reste prévu"","""")"
Mai 2026;131;B;B131;;"=IF(AND(NOT(ISBLANK($G130)),ISBLANK($G131)),$C$42-$F$40-$F$42,"""")"
Mai 2026;131;C;C131;;"=IF(AND(NOT(ISBLANK($G130)),ISBLANK($G131)),""Reste réel"","""")"
Mai 2026;131;D;D131;;"=IF(AND(NOT(ISBLANK($G130)),ISBLANK($G131)),$C$42-$H$40-$F$42,"""")"
Mai 2026;131;G;G131;Buvette Longe Cote;
Mai 2026;131;H;H131;5;
Mai 2026;131;I;I131;x;
Mai 2026;131;J;J131;5;"=IF(I131=""x"",H131,0)"
Mai 2026;131;K;K131;Loisirs;
Mai 2026;132;A;A132;;"=IF(AND(NOT(ISBLANK(G131)),ISBLANK(G132)),""Reste prévu"","""")"
Mai 2026;132;B;B132;;"=IF(AND(NOT(ISBLANK($G131)),ISBLANK($G132)),$C$42-$F$40-$F$42,"""")"
Mai 2026;132;C;C132;;"=IF(AND(NOT(ISBLANK($G131)),ISBLANK($G132)),""Reste réel"","""")"
Mai 2026;132;D;D132;;"=IF(AND(NOT(ISBLANK($G131)),ISBLANK($G132)),$C$42-$H$40-$F$42,"""")"
Mai 2026;132;G;G132;Cigarettes;
Mai 2026;132;H;H132;13;
Mai 2026;132;I;I132;x;
Mai 2026;132;J;J132;13;"=IF(I132=""x"",H132,0)"
Mai 2026;132;K;K132;Divers;
Mai 2026;133;A;A133;;"=IF(AND(NOT(ISBLANK(G132)),ISBLANK(G133)),""Reste prévu"","""")"
Mai 2026;133;B;B133;;"=IF(AND(NOT(ISBLANK($G132)),ISBLANK($G133)),$C$42-$F$40-$F$42,"""")"
Mai 2026;133;C;C133;;"=IF(AND(NOT(ISBLANK($G132)),ISBLANK($G133)),""Reste réel"","""")"
Mai 2026;133;D;D133;;"=IF(AND(NOT(ISBLANK($G132)),ISBLANK($G133)),$C$42-$H$40-$F$42,"""")"
Mai 2026;133;G;G133;Espèces;
Mai 2026;133;H;H133;11.5;
Mai 2026;133;I;I133;x;
Mai 2026;133;J;J133;11.5;"=IF(I133=""x"",H133,0)"
Mai 2026;133;K;K133;Divers;
Mai 2026;134;A;A134;;"=IF(AND(NOT(ISBLANK(G133)),ISBLANK(G134)),""Reste prévu"","""")"
Mai 2026;134;B;B134;;"=IF(AND(NOT(ISBLANK($G133)),ISBLANK($G134)),$C$42-$F$40-$F$42,"""")"
Mai 2026;134;C;C134;;"=IF(AND(NOT(ISBLANK($G133)),ISBLANK($G134)),""Reste réel"","""")"
Mai 2026;134;D;D134;;"=IF(AND(NOT(ISBLANK($G133)),ISBLANK($G134)),$C$42-$H$40-$F$42,"""")"
Mai 2026;134;G;G134;Bar La Rotonde;
Mai 2026;134;H;H134;19.8;
Mai 2026;134;I;I134;x;
Mai 2026;134;J;J134;19.8;"=IF(I134=""x"",H134,0)"
Mai 2026;134;K;K134;Loisirs;
Mai 2026;135;A;A135;;"=IF(AND(NOT(ISBLANK(G134)),ISBLANK(G135)),""Reste prévu"","""")"
Mai 2026;135;B;B135;;"=IF(AND(NOT(ISBLANK($G134)),ISBLANK($G135)),$C$42-$F$40-$F$42,"""")"
Mai 2026;135;C;C135;;"=IF(AND(NOT(ISBLANK($G134)),ISBLANK($G135)),""Reste réel"","""")"
Mai 2026;135;D;D135;;"=IF(AND(NOT(ISBLANK($G134)),ISBLANK($G135)),$C$42-$H$40-$F$42,"""")"
Mai 2026;135;G;G135;Amazon;
Mai 2026;135;H;H135;25.98;
Mai 2026;135;I;I135;x;
Mai 2026;135;J;J135;25.98;"=IF(I135=""x"",H135,0)"
Mai 2026;135;K;K135;Divers;
Mai 2026;136;A;A136;;"=IF(AND(NOT(ISBLANK(G135)),ISBLANK(G136)),""Reste prévu"","""")"
Mai 2026;136;B;B136;;"=IF(AND(NOT(ISBLANK($G135)),ISBLANK($G136)),$C$42-$F$40-$F$42,"""")"
Mai 2026;136;C;C136;;"=IF(AND(NOT(ISBLANK($G135)),ISBLANK($G136)),""Reste réel"","""")"
Mai 2026;136;D;D136;;"=IF(AND(NOT(ISBLANK($G135)),ISBLANK($G136)),$C$42-$H$40-$F$42,"""")"
Mai 2026;136;G;G136;Leclerc Drive;
Mai 2026;136;H;H136;172.32;
Mai 2026;136;I;I136;x;
Mai 2026;136;J;J136;172.32;"=IF(I136=""x"",H136,0)"
Mai 2026;136;K;K136;Courses;
Mai 2026;137;A;A137;;"=IF(AND(NOT(ISBLANK(G136)),ISBLANK(G137)),""Reste prévu"","""")"
Mai 2026;137;B;B137;;"=IF(AND(NOT(ISBLANK($G136)),ISBLANK($G137)),$C$42-$F$40-$F$42,"""")"
Mai 2026;137;C;C137;;"=IF(AND(NOT(ISBLANK($G136)),ISBLANK($G137)),""Reste réel"","""")"
Mai 2026;137;D;D137;;"=IF(AND(NOT(ISBLANK($G136)),ISBLANK($G137)),$C$42-$H$40-$F$42,"""")"
Mai 2026;137;G;G137;PayPlug;
Mai 2026;137;H;H137;61.84;
Mai 2026;137;I;I137;x;
Mai 2026;137;J;J137;61.84;"=IF(I137=""x"",H137,0)"
Mai 2026;137;K;K137;Courses;
Mai 2026;138;A;A138;;"=IF(AND(NOT(ISBLANK(G137)),ISBLANK(G138)),""Reste prévu"","""")"
Mai 2026;138;B;B138;;"=IF(AND(NOT(ISBLANK($G137)),ISBLANK($G138)),$C$42-$F$40-$F$42,"""")"
Mai 2026;138;C;C138;;"=IF(AND(NOT(ISBLANK($G137)),ISBLANK($G138)),""Reste réel"","""")"
Mai 2026;138;D;D138;;"=IF(AND(NOT(ISBLANK($G137)),ISBLANK($G138)),$C$42-$H$40-$F$42,"""")"
Mai 2026;138;G;G138;Leclerc;
Mai 2026;138;H;H138;54.59;
Mai 2026;138;I;I138;x;
Mai 2026;138;J;J138;54.59;"=IF(I138=""x"",H138,0)"
Mai 2026;138;K;K138;Courses;
Mai 2026;139;A;A139;;"=IF(AND(NOT(ISBLANK(G138)),ISBLANK(G139)),""Reste prévu"","""")"
Mai 2026;139;B;B139;;"=IF(AND(NOT(ISBLANK($G138)),ISBLANK($G139)),$C$42-$F$40-$F$42,"""")"
Mai 2026;139;C;C139;;"=IF(AND(NOT(ISBLANK($G138)),ISBLANK($G139)),""Reste réel"","""")"
Mai 2026;139;D;D139;;"=IF(AND(NOT(ISBLANK($G138)),ISBLANK($G139)),$C$42-$H$40-$F$42,"""")"
Mai 2026;139;G;G139;Star Metro Rennes;
Mai 2026;139;H;H139;3.4;
Mai 2026;139;I;I139;x;
Mai 2026;139;J;J139;3.4;"=IF(I139=""x"",H139,0)"
Mai 2026;139;K;K139;Voiture/Déplacement;
Mai 2026;140;A;A140;;"=IF(AND(NOT(ISBLANK(G139)),ISBLANK(G140)),""Reste prévu"","""")"
Mai 2026;140;B;B140;;"=IF(AND(NOT(ISBLANK($G139)),ISBLANK($G140)),$C$42-$F$40-$F$42,"""")"
Mai 2026;140;C;C140;;"=IF(AND(NOT(ISBLANK($G139)),ISBLANK($G140)),""Reste réel"","""")"
Mai 2026;140;D;D140;;"=IF(AND(NOT(ISBLANK($G139)),ISBLANK($G140)),$C$42-$H$40-$F$42,"""")"
Mai 2026;140;G;G140;Leclerc;
Mai 2026;140;H;H140;11.95;
Mai 2026;140;I;I140;x;
Mai 2026;140;J;J140;11.95;"=IF(I140=""x"",H140,0)"
Mai 2026;140;K;K140;Courses;
Mai 2026;141;A;A141;;"=IF(AND(NOT(ISBLANK(G140)),ISBLANK(G141)),""Reste prévu"","""")"
Mai 2026;141;B;B141;;"=IF(AND(NOT(ISBLANK($G140)),ISBLANK($G141)),$C$42-$F$40-$F$42,"""")"
Mai 2026;141;C;C141;;"=IF(AND(NOT(ISBLANK($G140)),ISBLANK($G141)),""Reste réel"","""")"
Mai 2026;141;D;D141;;"=IF(AND(NOT(ISBLANK($G140)),ISBLANK($G141)),$C$42-$H$40-$F$42,"""")"
Mai 2026;141;G;G141;Repas Toulouse;
Mai 2026;141;H;H141;25.2;
Mai 2026;141;I;I141;x;
Mai 2026;141;J;J141;25.2;"=IF(I141=""x"",H141,0)"
Mai 2026;141;K;K141;Courses;
Mai 2026;142;A;A142;;"=IF(AND(NOT(ISBLANK(G141)),ISBLANK(G142)),""Reste prévu"","""")"
Mai 2026;142;B;B142;;"=IF(AND(NOT(ISBLANK($G141)),ISBLANK($G142)),$C$42-$F$40-$F$42,"""")"
Mai 2026;142;C;C142;;"=IF(AND(NOT(ISBLANK($G141)),ISBLANK($G142)),""Reste réel"","""")"
Mai 2026;142;D;D142;;"=IF(AND(NOT(ISBLANK($G141)),ISBLANK($G142)),$C$42-$H$40-$F$42,"""")"
Mai 2026;142;G;G142;PPMC;
Mai 2026;142;H;H142;77.9;
Mai 2026;142;I;I142;x;
Mai 2026;142;J;J142;77.9;"=IF(I142=""x"",H142,0)"
Mai 2026;142;K;K142;Bricolage/Travaux;
Mai 2026;143;A;A143;;"=IF(AND(NOT(ISBLANK(G142)),ISBLANK(G143)),""Reste prévu"","""")"
Mai 2026;143;B;B143;;"=IF(AND(NOT(ISBLANK($G142)),ISBLANK($G143)),$C$42-$F$40-$F$42,"""")"
Mai 2026;143;C;C143;;"=IF(AND(NOT(ISBLANK($G142)),ISBLANK($G143)),""Reste réel"","""")"
Mai 2026;143;D;D143;;"=IF(AND(NOT(ISBLANK($G142)),ISBLANK($G143)),$C$42-$H$40-$F$42,"""")"
Mai 2026;143;G;G143;Livre Blagnac;
Mai 2026;143;H;H143;14.85;
Mai 2026;143;I;I143;x;
Mai 2026;143;J;J143;14.85;"=IF(I143=""x"",H143,0)"
Mai 2026;143;K;K143;Loisirs;
Mai 2026;144;A;A144;;"=IF(AND(NOT(ISBLANK(G143)),ISBLANK(G144)),""Reste prévu"","""")"
Mai 2026;144;B;B144;;"=IF(AND(NOT(ISBLANK($G143)),ISBLANK($G144)),$C$42-$F$40-$F$42,"""")"
Mai 2026;144;C;C144;;"=IF(AND(NOT(ISBLANK($G143)),ISBLANK($G144)),""Reste réel"","""")"
Mai 2026;144;D;D144;;"=IF(AND(NOT(ISBLANK($G143)),ISBLANK($G144)),$C$42-$H$40-$F$42,"""")"
Mai 2026;144;G;G144;Amazon;
Mai 2026;144;H;H144;11.89;
Mai 2026;144;I;I144;x;
Mai 2026;144;J;J144;11.89;"=IF(I144=""x"",H144,0)"
Mai 2026;144;K;K144;Internet/Téléphone;
Mai 2026;145;A;A145;;"=IF(AND(NOT(ISBLANK(G144)),ISBLANK(G145)),""Reste prévu"","""")"
Mai 2026;145;B;B145;;"=IF(AND(NOT(ISBLANK($G144)),ISBLANK($G145)),$C$42-$F$40-$F$42,"""")"
Mai 2026;145;C;C145;;"=IF(AND(NOT(ISBLANK($G144)),ISBLANK($G145)),""Reste réel"","""")"
Mai 2026;145;D;D145;;"=IF(AND(NOT(ISBLANK($G144)),ISBLANK($G145)),$C$42-$H$40-$F$42,"""")"
Mai 2026;145;G;G145;Cafran;
Mai 2026;145;H;H145;40.74;
Mai 2026;145;I;I145;x;
Mai 2026;145;J;J145;40.74;"=IF(I145=""x"",H145,0)"
Mai 2026;145;K;K145;Divers;
Mai 2026;146;A;A146;;"=IF(AND(NOT(ISBLANK(G145)),ISBLANK(G146)),""Reste prévu"","""")"
Mai 2026;146;B;B146;;"=IF(AND(NOT(ISBLANK($G145)),ISBLANK($G146)),$C$42-$F$40-$F$42,"""")"
Mai 2026;146;C;C146;;"=IF(AND(NOT(ISBLANK($G145)),ISBLANK($G146)),""Reste réel"","""")"
Mai 2026;146;D;D146;;"=IF(AND(NOT(ISBLANK($G145)),ISBLANK($G146)),$C$42-$H$40-$F$42,"""")"
Mai 2026;146;G;G146;Pharmacie;
Mai 2026;146;H;H146;59.7;
Mai 2026;146;I;I146;x;
Mai 2026;146;J;J146;59.7;"=IF(I146=""x"",H146,0)"
Mai 2026;146;K;K146;Medical;
Mai 2026;147;A;A147;;"=IF(AND(NOT(ISBLANK(G146)),ISBLANK(G147)),""Reste prévu"","""")"
Mai 2026;147;B;B147;;"=IF(AND(NOT(ISBLANK($G146)),ISBLANK($G147)),$C$42-$F$40-$F$42,"""")"
Mai 2026;147;C;C147;;"=IF(AND(NOT(ISBLANK($G146)),ISBLANK($G147)),""Reste réel"","""")"
Mai 2026;147;D;D147;;"=IF(AND(NOT(ISBLANK($G146)),ISBLANK($G147)),$C$42-$H$40-$F$42,"""")"
Mai 2026;147;G;G147;Repas Toulouse;
Mai 2026;147;H;H147;32.1;
Mai 2026;147;I;I147;x;
Mai 2026;147;J;J147;32.1;"=IF(I147=""x"",H147,0)"
Mai 2026;147;K;K147;Courses;
Mai 2026;148;A;A148;;"=IF(AND(NOT(ISBLANK(G147)),ISBLANK(G148)),""Reste prévu"","""")"
Mai 2026;148;B;B148;;"=IF(AND(NOT(ISBLANK($G147)),ISBLANK($G148)),$C$42-$F$40-$F$42,"""")"
Mai 2026;148;C;C148;;"=IF(AND(NOT(ISBLANK($G147)),ISBLANK($G148)),""Reste réel"","""")"
Mai 2026;148;D;D148;;"=IF(AND(NOT(ISBLANK($G147)),ISBLANK($G148)),$C$42-$H$40-$F$42,"""")"
Mai 2026;148;G;G148;Apero La Voile;
Mai 2026;148;H;H148;8.5;
Mai 2026;148;I;I148;x;
Mai 2026;148;J;J148;8.5;"=IF(I148=""x"",H148,0)"
Mai 2026;148;K;K148;Loisirs;
Mai 2026;149;A;A149;;"=IF(AND(NOT(ISBLANK(G148)),ISBLANK(G149)),""Reste prévu"","""")"
Mai 2026;149;B;B149;;"=IF(AND(NOT(ISBLANK($G148)),ISBLANK($G149)),$C$42-$F$40-$F$42,"""")"
Mai 2026;149;C;C149;;"=IF(AND(NOT(ISBLANK($G148)),ISBLANK($G149)),""Reste réel"","""")"
Mai 2026;149;D;D149;;"=IF(AND(NOT(ISBLANK($G148)),ISBLANK($G149)),$C$42-$H$40-$F$42,"""")"
Mai 2026;149;G;G149;FDJ;
Mai 2026;149;H;H149;25;
Mai 2026;149;I;I149;x;
Mai 2026;149;J;J149;25;"=IF(I149=""x"",H149,0)"
Mai 2026;149;K;K149;Divers;
Mai 2026;150;A;A150;;"=IF(AND(NOT(ISBLANK(G149)),ISBLANK(G150)),""Reste prévu"","""")"
Mai 2026;150;B;B150;;"=IF(AND(NOT(ISBLANK($G149)),ISBLANK($G150)),$C$42-$F$40-$F$42,"""")"
Mai 2026;150;C;C150;;"=IF(AND(NOT(ISBLANK($G149)),ISBLANK($G150)),""Reste réel"","""")"
Mai 2026;150;D;D150;;"=IF(AND(NOT(ISBLANK($G149)),ISBLANK($G150)),$C$42-$H$40-$F$42,"""")"
Mai 2026;150;G;G150;Lecler;
Mai 2026;150;H;H150;26.32;
Mai 2026;150;I;I150;x;
Mai 2026;150;J;J150;26.32;"=IF(I150=""x"",H150,0)"
Mai 2026;150;K;K150;Courses;
Mai 2026;151;A;A151;;"=IF(AND(NOT(ISBLANK(G150)),ISBLANK(G151)),""Reste prévu"","""")"
Mai 2026;151;B;B151;;"=IF(AND(NOT(ISBLANK($G150)),ISBLANK($G151)),$C$42-$F$40-$F$42,"""")"
Mai 2026;151;C;C151;;"=IF(AND(NOT(ISBLANK($G150)),ISBLANK($G151)),""Reste réel"","""")"
Mai 2026;151;D;D151;;"=IF(AND(NOT(ISBLANK($G150)),ISBLANK($G151)),$C$42-$H$40-$F$42,"""")"
Mai 2026;151;G;G151;Remboursement Elouen;
Mai 2026;151;H;H151;250.9;
Mai 2026;151;I;I151;x;
Mai 2026;151;J;J151;250.9;"=IF(I151=""x"",H151,0)"
Mai 2026;151;K;K151;Charges;
Mai 2026;152;A;A152;;"=IF(AND(NOT(ISBLANK(G151)),ISBLANK(G152)),""Reste prévu"","""")"
Mai 2026;152;B;B152;;"=IF(AND(NOT(ISBLANK($G151)),ISBLANK($G152)),$C$42-$F$40-$F$42,"""")"
Mai 2026;152;C;C152;;"=IF(AND(NOT(ISBLANK($G151)),ISBLANK($G152)),""Reste réel"","""")"
Mai 2026;152;D;D152;;"=IF(AND(NOT(ISBLANK($G151)),ISBLANK($G152)),$C$42-$H$40-$F$42,"""")"
Mai 2026;152;G;G152;Amazon;
Mai 2026;152;H;H152;43.34;
Mai 2026;152;I;I152;x;
Mai 2026;152;J;J152;43.34;"=IF(I152=""x"",H152,0)"
Mai 2026;152;K;K152;Internet/Téléphone;
Mai 2026;153;A;A153;;"=IF(AND(NOT(ISBLANK(G152)),ISBLANK(G153)),""Reste prévu"","""")"
Mai 2026;153;B;B153;;"=IF(AND(NOT(ISBLANK($G152)),ISBLANK($G153)),$C$42-$F$40-$F$42,"""")"
Mai 2026;153;C;C153;;"=IF(AND(NOT(ISBLANK($G152)),ISBLANK($G153)),""Reste réel"","""")"
Mai 2026;153;D;D153;;"=IF(AND(NOT(ISBLANK($G152)),ISBLANK($G153)),$C$42-$H$40-$F$42,"""")"
Mai 2026;153;G;G153;Vinted;
Mai 2026;153;H;H153;11.04;
Mai 2026;153;I;I153;x;
Mai 2026;153;J;J153;11.04;"=IF(I153=""x"",H153,0)"
Mai 2026;153;K;K153;Vêtements;
Mai 2026;154;A;A154;;"=IF(AND(NOT(ISBLANK(G153)),ISBLANK(G154)),""Reste prévu"","""")"
Mai 2026;154;B;B154;;"=IF(AND(NOT(ISBLANK($G153)),ISBLANK($G154)),$C$42-$F$40-$F$42,"""")"
Mai 2026;154;C;C154;;"=IF(AND(NOT(ISBLANK($G153)),ISBLANK($G154)),""Reste réel"","""")"
Mai 2026;154;D;D154;;"=IF(AND(NOT(ISBLANK($G153)),ISBLANK($G154)),$C$42-$H$40-$F$42,"""")"
Mai 2026;154;G;G154;Vinted;
Mai 2026;154;H;H154;82.64;
Mai 2026;154;I;I154;x;
Mai 2026;154;J;J154;82.64;"=IF(I154=""x"",H154,0)"
Mai 2026;154;K;K154;Vêtements;
Mai 2026;155;A;A155;;"=IF(AND(NOT(ISBLANK(G154)),ISBLANK(G155)),""Reste prévu"","""")"
Mai 2026;155;B;B155;;"=IF(AND(NOT(ISBLANK($G154)),ISBLANK($G155)),$C$42-$F$40-$F$42,"""")"
Mai 2026;155;C;C155;;"=IF(AND(NOT(ISBLANK($G154)),ISBLANK($G155)),""Reste réel"","""")"
Mai 2026;155;D;D155;;"=IF(AND(NOT(ISBLANK($G154)),ISBLANK($G155)),$C$42-$H$40-$F$42,"""")"
Mai 2026;155;G;G155;Pharmacie;
Mai 2026;155;H;H155;19.3;
Mai 2026;155;I;I155;x;
Mai 2026;155;J;J155;19.3;"=IF(I155=""x"",H155,0)"
Mai 2026;155;K;K155;Medical;
Mai 2026;156;A;A156;;"=IF(AND(NOT(ISBLANK(G155)),ISBLANK(G156)),""Reste prévu"","""")"
Mai 2026;156;B;B156;;"=IF(AND(NOT(ISBLANK($G155)),ISBLANK($G156)),$C$42-$F$40-$F$42,"""")"
Mai 2026;156;C;C156;;"=IF(AND(NOT(ISBLANK($G155)),ISBLANK($G156)),""Reste réel"","""")"
Mai 2026;156;D;D156;;"=IF(AND(NOT(ISBLANK($G155)),ISBLANK($G156)),$C$42-$H$40-$F$42,"""")"
Mai 2026;156;G;G156;Chocolat;
Mai 2026;156;H;H156;25.05;
Mai 2026;156;I;I156;x;
Mai 2026;156;J;J156;25.05;"=IF(I156=""x"",H156,0)"
Mai 2026;156;K;K156;Courses;
Mai 2026;157;A;A157;Reste prévu;"=IF(AND(NOT(ISBLANK(G156)),ISBLANK(G157)),""Reste prévu"","""")"
Mai 2026;157;B;B157;#REF!;"=IF(AND(NOT(ISBLANK($G156)),ISBLANK($G157)),$C$42-$F$40-$F$42,"""")"
Mai 2026;157;C;C157;Reste réel;"=IF(AND(NOT(ISBLANK($G156)),ISBLANK($G157)),""Reste réel"","""")"
Mai 2026;157;D;D157;#REF!;"=IF(AND(NOT(ISBLANK($G156)),ISBLANK($G157)),$C$42-$H$40-$F$42,"""")"
Mai 2026;157;J;J157;0;"=IF(I157=""x"",H157,0)"
Mai 2026;158;A;A158;;"=IF(AND(NOT(ISBLANK(G157)),ISBLANK(G158)),""Reste prévu"","""")"
Mai 2026;158;B;B158;;"=IF(AND(NOT(ISBLANK($G157)),ISBLANK($G158)),$C$42-$F$40-$F$42,"""")"
Mai 2026;158;C;C158;;"=IF(AND(NOT(ISBLANK($G157)),ISBLANK($G158)),""Reste réel"","""")"
Mai 2026;158;D;D158;;"=IF(AND(NOT(ISBLANK($G157)),ISBLANK($G158)),$C$42-$H$40-$F$42,"""")"
Mai 2026;158;J;J158;0;"=IF(I158=""x"",H158,0)"
Mai 2026;159;A;A159;;"=IF(AND(NOT(ISBLANK(G158)),ISBLANK(G159)),""Reste prévu"","""")"
Mai 2026;159;B;B159;;"=IF(AND(NOT(ISBLANK($G158)),ISBLANK($G159)),$C$42-$F$40-$F$42,"""")"
Mai 2026;159;C;C159;;"=IF(AND(NOT(ISBLANK($G158)),ISBLANK($G159)),""Reste réel"","""")"
Mai 2026;159;D;D159;;"=IF(AND(NOT(ISBLANK($G158)),ISBLANK($G159)),$C$42-$H$40-$F$42,"""")"
Mai 2026;159;J;J159;0;"=IF(I159=""x"",H159,0)"
Mai 2026;160;A;A160;;"=IF(AND(NOT(ISBLANK(G159)),ISBLANK(G160)),""Reste prévu"","""")"
Mai 2026;160;B;B160;;"=IF(AND(NOT(ISBLANK($G159)),ISBLANK($G160)),$C$42-$F$40-$F$42,"""")"
Mai 2026;160;C;C160;;"=IF(AND(NOT(ISBLANK($G159)),ISBLANK($G160)),""Reste réel"","""")"
Mai 2026;160;D;D160;;"=IF(AND(NOT(ISBLANK($G159)),ISBLANK($G160)),$C$42-$H$40-$F$42,"""")"
Mai 2026;160;J;J160;0;"=IF(I160=""x"",H160,0)"
Mai 2026;161;A;A161;;"=IF(AND(NOT(ISBLANK(G160)),ISBLANK(G161)),""Reste prévu"","""")"
Mai 2026;161;B;B161;;"=IF(AND(NOT(ISBLANK($G160)),ISBLANK($G161)),$C$42-$F$40-$F$42,"""")"
Mai 2026;161;C;C161;;"=IF(AND(NOT(ISBLANK($G160)),ISBLANK($G161)),""Reste réel"","""")"
Mai 2026;161;D;D161;;"=IF(AND(NOT(ISBLANK($G160)),ISBLANK($G161)),$C$42-$H$40-$F$42,"""")"
Mai 2026;161;J;J161;0;"=IF(I161=""x"",H161,0)"
Mai 2026;162;A;A162;;"=IF(AND(NOT(ISBLANK(G161)),ISBLANK(G162)),""Reste prévu"","""")"
Mai 2026;162;B;B162;;"=IF(AND(NOT(ISBLANK($G161)),ISBLANK($G162)),$C$42-$F$40-$F$42,"""")"
Mai 2026;162;C;C162;;"=IF(AND(NOT(ISBLANK($G161)),ISBLANK($G162)),""Reste réel"","""")"
Mai 2026;162;D;D162;;"=IF(AND(NOT(ISBLANK($G161)),ISBLANK($G162)),$C$42-$H$40-$F$42,"""")"
Mai 2026;162;J;J162;0;"=IF(I162=""x"",H162,0)"
Mai 2026;163;A;A163;;"=IF(AND(NOT(ISBLANK(G162)),ISBLANK(G163)),""Reste prévu"","""")"
Mai 2026;163;B;B163;;"=IF(AND(NOT(ISBLANK($G162)),ISBLANK($G163)),$C$42-$F$40-$F$42,"""")"
Mai 2026;163;C;C163;;"=IF(AND(NOT(ISBLANK($G162)),ISBLANK($G163)),""Reste réel"","""")"
Mai 2026;163;D;D163;;"=IF(AND(NOT(ISBLANK($G162)),ISBLANK($G163)),$C$42-$H$40-$F$42,"""")"
Mai 2026;163;J;J163;0;"=IF(I163=""x"",H163,0)"
Mai 2026;164;A;A164;;"=IF(AND(NOT(ISBLANK(G163)),ISBLANK(G164)),""Reste prévu"","""")"
Mai 2026;164;B;B164;;"=IF(AND(NOT(ISBLANK($G163)),ISBLANK($G164)),$C$42-$F$40-$F$42,"""")"
Mai 2026;164;C;C164;;"=IF(AND(NOT(ISBLANK($G163)),ISBLANK($G164)),""Reste réel"","""")"
Mai 2026;164;D;D164;;"=IF(AND(NOT(ISBLANK($G163)),ISBLANK($G164)),$C$42-$H$40-$F$42,"""")"
Mai 2026;164;J;J164;0;"=IF(I164=""x"",H164,0)"
Mai 2026;165;A;A165;;"=IF(AND(NOT(ISBLANK(G164)),ISBLANK(G165)),""Reste prévu"","""")"
Mai 2026;165;B;B165;;"=IF(AND(NOT(ISBLANK($G164)),ISBLANK($G165)),$C$42-$F$40-$F$42,"""")"
Mai 2026;165;C;C165;;"=IF(AND(NOT(ISBLANK($G164)),ISBLANK($G165)),""Reste réel"","""")"
Mai 2026;165;D;D165;;"=IF(AND(NOT(ISBLANK($G164)),ISBLANK($G165)),$C$42-$H$40-$F$42,"""")"
Mai 2026;165;J;J165;0;"=IF(I165=""x"",H165,0)"
Mai 2026;166;A;A166;;"=IF(AND(NOT(ISBLANK(G165)),ISBLANK(G166)),""Reste prévu"","""")"
Mai 2026;166;B;B166;;"=IF(AND(NOT(ISBLANK($G165)),ISBLANK($G166)),$C$42-$F$40-$F$42,"""")"
Mai 2026;166;C;C166;;"=IF(AND(NOT(ISBLANK($G165)),ISBLANK($G166)),""Reste réel"","""")"
Mai 2026;166;D;D166;;"=IF(AND(NOT(ISBLANK($G165)),ISBLANK($G166)),$C$42-$H$40-$F$42,"""")"
Mai 2026;166;J;J166;0;"=IF(I166=""x"",H166,0)"
Mai 2026;167;A;A167;;"=IF(AND(NOT(ISBLANK(G166)),ISBLANK(G167)),""Reste prévu"","""")"
Mai 2026;167;B;B167;;"=IF(AND(NOT(ISBLANK($G166)),ISBLANK($G167)),$C$42-$F$40-$F$42,"""")"
Mai 2026;167;C;C167;;"=IF(AND(NOT(ISBLANK($G166)),ISBLANK($G167)),""Reste réel"","""")"
Mai 2026;167;D;D167;;"=IF(AND(NOT(ISBLANK($G166)),ISBLANK($G167)),$C$42-$H$40-$F$42,"""")"
Mai 2026;167;J;J167;0;"=IF(I167=""x"",H167,0)"
Mai 2026;168;A;A168;;"=IF(AND(NOT(ISBLANK(G167)),ISBLANK(G168)),""Reste prévu"","""")"
Mai 2026;168;B;B168;;"=IF(AND(NOT(ISBLANK($G167)),ISBLANK($G168)),$C$42-$F$40-$F$42,"""")"
Mai 2026;168;C;C168;;"=IF(AND(NOT(ISBLANK($G167)),ISBLANK($G168)),""Reste réel"","""")"
Mai 2026;168;D;D168;;"=IF(AND(NOT(ISBLANK($G167)),ISBLANK($G168)),$C$42-$H$40-$F$42,"""")"
Mai 2026;168;J;J168;0;"=IF(I168=""x"",H168,0)"
Mai 2026;169;A;A169;;"=IF(AND(NOT(ISBLANK(G168)),ISBLANK(G169)),""Reste prévu"","""")"
Mai 2026;169;B;B169;;"=IF(AND(NOT(ISBLANK($G168)),ISBLANK($G169)),$C$42-$F$40-$F$42,"""")"
Mai 2026;169;C;C169;;"=IF(AND(NOT(ISBLANK($G168)),ISBLANK($G169)),""Reste réel"","""")"
Mai 2026;169;D;D169;;"=IF(AND(NOT(ISBLANK($G168)),ISBLANK($G169)),$C$42-$H$40-$F$42,"""")"
Mai 2026;169;J;J169;0;"=IF(I169=""x"",H169,0)"
Mai 2026;170;A;A170;;"=IF(AND(NOT(ISBLANK(G169)),ISBLANK(G170)),""Reste prévu"","""")"
Mai 2026;170;B;B170;;"=IF(AND(NOT(ISBLANK($G169)),ISBLANK($G170)),$C$42-$F$40-$F$42,"""")"
Mai 2026;170;C;C170;;"=IF(AND(NOT(ISBLANK($G169)),ISBLANK($G170)),""Reste réel"","""")"
Mai 2026;170;D;D170;;"=IF(AND(NOT(ISBLANK($G169)),ISBLANK($G170)),$C$42-$H$40-$F$42,"""")"
Mai 2026;170;J;J170;0;"=IF(I170=""x"",H170,0)"
Mai 2026;171;A;A171;;"=IF(AND(NOT(ISBLANK(G170)),ISBLANK(G171)),""Reste prévu"","""")"
Mai 2026;171;B;B171;;"=IF(AND(NOT(ISBLANK($G170)),ISBLANK($G171)),$C$42-$F$40-$F$42,"""")"
Mai 2026;171;C;C171;;"=IF(AND(NOT(ISBLANK($G170)),ISBLANK($G171)),""Reste réel"","""")"
Mai 2026;171;D;D171;;"=IF(AND(NOT(ISBLANK($G170)),ISBLANK($G171)),$C$42-$H$40-$F$42,"""")"
Mai 2026;171;J;J171;0;"=IF(I171=""x"",H171,0)"
Mai 2026;172;A;A172;;"=IF(AND(NOT(ISBLANK(G171)),ISBLANK(G172)),""Reste prévu"","""")"
Mai 2026;172;B;B172;;"=IF(AND(NOT(ISBLANK($G171)),ISBLANK($G172)),$C$42-$F$40-$F$42,"""")"
Mai 2026;172;C;C172;;"=IF(AND(NOT(ISBLANK($G171)),ISBLANK($G172)),""Reste réel"","""")"
Mai 2026;172;D;D172;;"=IF(AND(NOT(ISBLANK($G171)),ISBLANK($G172)),$C$42-$H$40-$F$42,"""")"
Mai 2026;172;J;J172;0;"=IF(I172=""x"",H172,0)"
Mai 2026;173;A;A173;;"=IF(AND(NOT(ISBLANK(G172)),ISBLANK(G173)),""Reste prévu"","""")"
Mai 2026;173;B;B173;;"=IF(AND(NOT(ISBLANK($G172)),ISBLANK($G173)),$C$42-$F$40-$F$42,"""")"
Mai 2026;173;C;C173;;"=IF(AND(NOT(ISBLANK($G172)),ISBLANK($G173)),""Reste réel"","""")"
Mai 2026;173;D;D173;;"=IF(AND(NOT(ISBLANK($G172)),ISBLANK($G173)),$C$42-$H$40-$F$42,"""")"
Mai 2026;173;J;J173;0;"=IF(I173=""x"",H173,0)"
Mai 2026;174;A;A174;;"=IF(AND(NOT(ISBLANK(G173)),ISBLANK(G174)),""Reste prévu"","""")"
Mai 2026;174;B;B174;;"=IF(AND(NOT(ISBLANK($G173)),ISBLANK($G174)),$C$42-$F$40-$F$42,"""")"
Mai 2026;174;C;C174;;"=IF(AND(NOT(ISBLANK($G173)),ISBLANK($G174)),""Reste réel"","""")"
Mai 2026;174;D;D174;;"=IF(AND(NOT(ISBLANK($G173)),ISBLANK($G174)),$C$42-$H$40-$F$42,"""")"
Mai 2026;174;J;J174;0;"=IF(I174=""x"",H174,0)"
Mai 2026;175;A;A175;;"=IF(AND(NOT(ISBLANK(G174)),ISBLANK(G175)),""Reste prévu"","""")"
Mai 2026;175;B;B175;;"=IF(AND(NOT(ISBLANK($G174)),ISBLANK($G175)),$C$42-$F$40-$F$42,"""")"
Mai 2026;175;C;C175;;"=IF(AND(NOT(ISBLANK($G174)),ISBLANK($G175)),""Reste réel"","""")"
Mai 2026;175;D;D175;;"=IF(AND(NOT(ISBLANK($G174)),ISBLANK($G175)),$C$42-$H$40-$F$42,"""")"
Mai 2026;175;J;J175;0;"=IF(I175=""x"",H175,0)"
Mai 2026;176;A;A176;;"=IF(AND(NOT(ISBLANK(G175)),ISBLANK(G176)),""Reste prévu"","""")"
Mai 2026;176;B;B176;;"=IF(AND(NOT(ISBLANK($G175)),ISBLANK($G176)),$C$42-$F$40-$F$42,"""")"
Mai 2026;176;C;C176;;"=IF(AND(NOT(ISBLANK($G175)),ISBLANK($G176)),""Reste réel"","""")"
Mai 2026;176;D;D176;;"=IF(AND(NOT(ISBLANK($G175)),ISBLANK($G176)),$C$42-$H$40-$F$42,"""")"
Mai 2026;176;J;J176;0;"=IF(I176=""x"",H176,0)"
Mai 2026;177;A;A177;;"=IF(AND(NOT(ISBLANK(G176)),ISBLANK(G177)),""Reste prévu"","""")"
Mai 2026;177;B;B177;;"=IF(AND(NOT(ISBLANK($G176)),ISBLANK($G177)),$C$42-$F$40-$F$42,"""")"
Mai 2026;177;C;C177;;"=IF(AND(NOT(ISBLANK($G176)),ISBLANK($G177)),""Reste réel"","""")"
Mai 2026;177;D;D177;;"=IF(AND(NOT(ISBLANK($G176)),ISBLANK($G177)),$C$42-$H$40-$F$42,"""")"
Mai 2026;177;J;J177;0;"=IF(I177=""x"",H177,0)"
Mai 2026;178;A;A178;;"=IF(AND(NOT(ISBLANK(G177)),ISBLANK(G178)),""Reste prévu"","""")"
Mai 2026;178;B;B178;;"=IF(AND(NOT(ISBLANK($G177)),ISBLANK($G178)),$C$42-$F$40-$F$42,"""")"
Mai 2026;178;C;C178;;"=IF(AND(NOT(ISBLANK($G177)),ISBLANK($G178)),""Reste réel"","""")"
Mai 2026;178;D;D178;;"=IF(AND(NOT(ISBLANK($G177)),ISBLANK($G178)),$C$42-$H$40-$F$42,"""")"
Mai 2026;178;J;J178;0;"=IF(I178=""x"",H178,0)"
Mai 2026;179;A;A179;;"=IF(AND(NOT(ISBLANK(G178)),ISBLANK(G179)),""Reste prévu"","""")"
Mai 2026;179;B;B179;;"=IF(AND(NOT(ISBLANK($G178)),ISBLANK($G179)),$C$42-$F$40-$F$42,"""")"
Mai 2026;179;C;C179;;"=IF(AND(NOT(ISBLANK($G178)),ISBLANK($G179)),""Reste réel"","""")"
Mai 2026;179;D;D179;;"=IF(AND(NOT(ISBLANK($G178)),ISBLANK($G179)),$C$42-$H$40-$F$42,"""")"
Mai 2026;179;J;J179;0;"=IF(I179=""x"",H179,0)"
Mai 2026;180;A;A180;;"=IF(AND(NOT(ISBLANK(G179)),ISBLANK(G180)),""Reste prévu"","""")"
Mai 2026;180;B;B180;;"=IF(AND(NOT(ISBLANK($G179)),ISBLANK($G180)),$C$42-$F$40-$F$42,"""")"
Mai 2026;180;C;C180;;"=IF(AND(NOT(ISBLANK($G179)),ISBLANK($G180)),""Reste réel"","""")"
Mai 2026;180;D;D180;;"=IF(AND(NOT(ISBLANK($G179)),ISBLANK($G180)),$C$42-$H$40-$F$42,"""")"
Mai 2026;180;J;J180;0;"=IF(I180=""x"",H180,0)"
Mai 2026;181;A;A181;;"=IF(AND(NOT(ISBLANK(G180)),ISBLANK(G181)),""Reste prévu"","""")"
Mai 2026;181;B;B181;;"=IF(AND(NOT(ISBLANK($G180)),ISBLANK($G181)),$C$42-$F$40-$F$42,"""")"
Mai 2026;181;C;C181;;"=IF(AND(NOT(ISBLANK($G180)),ISBLANK($G181)),""Reste réel"","""")"
Mai 2026;181;D;D181;;"=IF(AND(NOT(ISBLANK($G180)),ISBLANK($G181)),$C$42-$H$40-$F$42,"""")"
Mai 2026;181;J;J181;0;"=IF(I181=""x"",H181,0)"
Mai 2026;182;A;A182;;"=IF(AND(NOT(ISBLANK(G181)),ISBLANK(G182)),""Reste prévu"","""")"
Mai 2026;182;B;B182;;"=IF(AND(NOT(ISBLANK($G181)),ISBLANK($G182)),$C$42-$F$40-$F$42,"""")"
Mai 2026;182;C;C182;;"=IF(AND(NOT(ISBLANK($G181)),ISBLANK($G182)),""Reste réel"","""")"
Mai 2026;182;D;D182;;"=IF(AND(NOT(ISBLANK($G181)),ISBLANK($G182)),$C$42-$H$40-$F$42,"""")"
Mai 2026;182;J;J182;0;"=IF(I182=""x"",H182,0)"
Mai 2026;183;A;A183;;"=IF(AND(NOT(ISBLANK(G182)),ISBLANK(G183)),""Reste prévu"","""")"
Mai 2026;183;B;B183;;"=IF(AND(NOT(ISBLANK($G182)),ISBLANK($G183)),$C$42-$F$40-$F$42,"""")"
Mai 2026;183;C;C183;;"=IF(AND(NOT(ISBLANK($G182)),ISBLANK($G183)),""Reste réel"","""")"
Mai 2026;183;D;D183;;"=IF(AND(NOT(ISBLANK($G182)),ISBLANK($G183)),$C$42-$H$40-$F$42,"""")"
Mai 2026;183;J;J183;0;"=IF(I183=""x"",H183,0)"
Mai 2026;184;A;A184;;"=IF(AND(NOT(ISBLANK(G183)),ISBLANK(G184)),""Reste prévu"","""")"
Mai 2026;184;B;B184;;"=IF(AND(NOT(ISBLANK($G183)),ISBLANK($G184)),$C$42-$F$40-$F$42,"""")"
Mai 2026;184;C;C184;;"=IF(AND(NOT(ISBLANK($G183)),ISBLANK($G184)),""Reste réel"","""")"
Mai 2026;184;D;D184;;"=IF(AND(NOT(ISBLANK($G183)),ISBLANK($G184)),$C$42-$H$40-$F$42,"""")"
Mai 2026;184;J;J184;0;"=IF(I184=""x"",H184,0)"
Mai 2026;185;A;A185;;"=IF(AND(NOT(ISBLANK(G184)),ISBLANK(G185)),""Reste prévu"","""")"
Mai 2026;185;B;B185;;"=IF(AND(NOT(ISBLANK($G184)),ISBLANK($G185)),$C$42-$F$40-$F$42,"""")"
Mai 2026;185;C;C185;;"=IF(AND(NOT(ISBLANK($G184)),ISBLANK($G185)),""Reste réel"","""")"
Mai 2026;185;D;D185;;"=IF(AND(NOT(ISBLANK($G184)),ISBLANK($G185)),$C$42-$H$40-$F$42,"""")"
Mai 2026;185;J;J185;0;"=IF(I185=""x"",H185,0)"
Mai 2026;186;A;A186;;"=IF(AND(NOT(ISBLANK(G185)),ISBLANK(G186)),""Reste prévu"","""")"
Mai 2026;186;B;B186;;"=IF(AND(NOT(ISBLANK($G185)),ISBLANK($G186)),$C$42-$F$40-$F$42,"""")"
Mai 2026;186;C;C186;;"=IF(AND(NOT(ISBLANK($G185)),ISBLANK($G186)),""Reste réel"","""")"
Mai 2026;186;D;D186;;"=IF(AND(NOT(ISBLANK($G185)),ISBLANK($G186)),$C$42-$H$40-$F$42,"""")"
Mai 2026;186;J;J186;0;"=IF(I186=""x"",H186,0)"
Mai 2026;187;A;A187;;"=IF(AND(NOT(ISBLANK(G186)),ISBLANK(G187)),""Reste prévu"","""")"
Mai 2026;187;B;B187;;"=IF(AND(NOT(ISBLANK($G186)),ISBLANK($G187)),$C$42-$F$40-$F$42,"""")"
Mai 2026;187;C;C187;;"=IF(AND(NOT(ISBLANK($G186)),ISBLANK($G187)),""Reste réel"","""")"
Mai 2026;187;D;D187;;"=IF(AND(NOT(ISBLANK($G186)),ISBLANK($G187)),$C$42-$H$40-$F$42,"""")"
Mai 2026;187;J;J187;0;"=IF(I187=""x"",H187,0)"
Mai 2026;188;A;A188;;"=IF(AND(NOT(ISBLANK(G187)),ISBLANK(G188)),""Reste prévu"","""")"
Mai 2026;188;B;B188;;"=IF(AND(NOT(ISBLANK($G187)),ISBLANK($G188)),$C$42-$F$40-$F$42,"""")"
Mai 2026;188;C;C188;;"=IF(AND(NOT(ISBLANK($G187)),ISBLANK($G188)),""Reste réel"","""")"
Mai 2026;188;D;D188;;"=IF(AND(NOT(ISBLANK($G187)),ISBLANK($G188)),$C$42-$H$40-$F$42,"""")"
Mai 2026;188;J;J188;0;"=IF(I188=""x"",H188,0)"
Mai 2026;189;A;A189;;"=IF(AND(NOT(ISBLANK(G188)),ISBLANK(G189)),""Reste prévu"","""")"
Mai 2026;189;B;B189;;"=IF(AND(NOT(ISBLANK($G188)),ISBLANK($G189)),$C$42-$F$40-$F$42,"""")"
Mai 2026;189;C;C189;;"=IF(AND(NOT(ISBLANK($G188)),ISBLANK($G189)),""Reste réel"","""")"
Mai 2026;189;D;D189;;"=IF(AND(NOT(ISBLANK($G188)),ISBLANK($G189)),$C$42-$H$40-$F$42,"""")"
Mai 2026;189;J;J189;0;"=IF(I189=""x"",H189,0)"
Mai 2026;190;A;A190;;"=IF(AND(NOT(ISBLANK(G189)),ISBLANK(G190)),""Reste prévu"","""")"
Mai 2026;190;B;B190;;"=IF(AND(NOT(ISBLANK($G189)),ISBLANK($G190)),$C$42-$F$40-$F$42,"""")"
Mai 2026;190;C;C190;;"=IF(AND(NOT(ISBLANK($G189)),ISBLANK($G190)),""Reste réel"","""")"
Mai 2026;190;D;D190;;"=IF(AND(NOT(ISBLANK($G189)),ISBLANK($G190)),$C$42-$H$40-$F$42,"""")"
Mai 2026;190;J;J190;0;"=IF(I190=""x"",H190,0)"
Mai 2026;191;A;A191;;"=IF(AND(NOT(ISBLANK(G190)),ISBLANK(G191)),""Reste prévu"","""")"
Mai 2026;191;B;B191;;"=IF(AND(NOT(ISBLANK($G190)),ISBLANK($G191)),$C$42-$F$40-$F$42,"""")"
Mai 2026;191;C;C191;;"=IF(AND(NOT(ISBLANK($G190)),ISBLANK($G191)),""Reste réel"","""")"
Mai 2026;191;D;D191;;"=IF(AND(NOT(ISBLANK($G190)),ISBLANK($G191)),$C$42-$H$40-$F$42,"""")"
Mai 2026;191;J;J191;0;"=IF(I191=""x"",H191,0)"
Mai 2026;192;A;A192;;"=IF(AND(NOT(ISBLANK(G191)),ISBLANK(G192)),""Reste prévu"","""")"
Mai 2026;192;B;B192;;"=IF(AND(NOT(ISBLANK($G191)),ISBLANK($G192)),$C$42-$F$40-$F$42,"""")"
Mai 2026;192;C;C192;;"=IF(AND(NOT(ISBLANK($G191)),ISBLANK($G192)),""Reste réel"","""")"
Mai 2026;192;D;D192;;"=IF(AND(NOT(ISBLANK($G191)),ISBLANK($G192)),$C$42-$H$40-$F$42,"""")"
Mai 2026;192;J;J192;0;"=IF(I192=""x"",H192,0)"
Mai 2026;193;A;A193;;"=IF(AND(NOT(ISBLANK(G192)),ISBLANK(G193)),""Reste prévu"","""")"
Mai 2026;193;B;B193;;"=IF(AND(NOT(ISBLANK($G192)),ISBLANK($G193)),$C$42-$F$40-$F$42,"""")"
Mai 2026;193;C;C193;;"=IF(AND(NOT(ISBLANK($G192)),ISBLANK($G193)),""Reste réel"","""")"
Mai 2026;193;D;D193;;"=IF(AND(NOT(ISBLANK($G192)),ISBLANK($G193)),$C$42-$H$40-$F$42,"""")"
Mai 2026;193;J;J193;0;"=IF(I193=""x"",H193,0)"
Mai 2026;194;A;A194;;"=IF(AND(NOT(ISBLANK(G193)),ISBLANK(G194)),""Reste prévu"","""")"
Mai 2026;194;B;B194;;"=IF(AND(NOT(ISBLANK($G193)),ISBLANK($G194)),$C$42-$F$40-$F$42,"""")"
Mai 2026;194;C;C194;;"=IF(AND(NOT(ISBLANK($G193)),ISBLANK($G194)),""Reste réel"","""")"
Mai 2026;194;D;D194;;"=IF(AND(NOT(ISBLANK($G193)),ISBLANK($G194)),$C$42-$H$40-$F$42,"""")"
Mai 2026;194;J;J194;0;"=IF(I194=""x"",H194,0)"
Mai 2026;195;A;A195;;"=IF(AND(NOT(ISBLANK(G194)),ISBLANK(G195)),""Reste prévu"","""")"
Mai 2026;195;B;B195;;"=IF(AND(NOT(ISBLANK($G194)),ISBLANK($G195)),$C$42-$F$40-$F$42,"""")"
Mai 2026;195;C;C195;;"=IF(AND(NOT(ISBLANK($G194)),ISBLANK($G195)),""Reste réel"","""")"
Mai 2026;195;D;D195;;"=IF(AND(NOT(ISBLANK($G194)),ISBLANK($G195)),$C$42-$H$40-$F$42,"""")"
Mai 2026;195;J;J195;0;"=IF(I195=""x"",H195,0)"
Mai 2026;196;A;A196;;"=IF(AND(NOT(ISBLANK(G195)),ISBLANK(G196)),""Reste prévu"","""")"
Mai 2026;196;B;B196;;"=IF(AND(NOT(ISBLANK($G195)),ISBLANK($G196)),$C$42-$F$40-$F$42,"""")"
Mai 2026;196;C;C196;;"=IF(AND(NOT(ISBLANK($G195)),ISBLANK($G196)),""Reste réel"","""")"
Mai 2026;196;D;D196;;"=IF(AND(NOT(ISBLANK($G195)),ISBLANK($G196)),$C$42-$H$40-$F$42,"""")"
Mai 2026;196;J;J196;0;"=IF(I196=""x"",H196,0)"
Mai 2026;197;A;A197;;"=IF(AND(NOT(ISBLANK(G196)),ISBLANK(G197)),""Reste prévu"","""")"
Mai 2026;197;B;B197;;"=IF(AND(NOT(ISBLANK($G196)),ISBLANK($G197)),$C$42-$F$40-$F$42,"""")"
Mai 2026;197;C;C197;;"=IF(AND(NOT(ISBLANK($G196)),ISBLANK($G197)),""Reste réel"","""")"
Mai 2026;197;D;D197;;"=IF(AND(NOT(ISBLANK($G196)),ISBLANK($G197)),$C$42-$H$40-$F$42,"""")"
Mai 2026;197;J;J197;0;"=IF(I197=""x"",H197,0)"
Mai 2026;198;A;A198;;"=IF(AND(NOT(ISBLANK(G197)),ISBLANK(G198)),""Reste prévu"","""")"
Mai 2026;198;B;B198;;"=IF(AND(NOT(ISBLANK($G197)),ISBLANK($G198)),$C$42-$F$40-$F$42,"""")"
Mai 2026;198;C;C198;;"=IF(AND(NOT(ISBLANK($G197)),ISBLANK($G198)),""Reste réel"","""")"
Mai 2026;198;D;D198;;"=IF(AND(NOT(ISBLANK($G197)),ISBLANK($G198)),$C$42-$H$40-$F$42,"""")"
Mai 2026;198;J;J198;0;"=IF(I198=""x"",H198,0)"
Mai 2026;199;A;A199;;"=IF(AND(NOT(ISBLANK(G198)),ISBLANK(G199)),""Reste prévu"","""")"
Mai 2026;199;B;B199;;"=IF(AND(NOT(ISBLANK($G198)),ISBLANK($G199)),$C$42-$F$40-$F$42,"""")"
Mai 2026;199;C;C199;;"=IF(AND(NOT(ISBLANK($G198)),ISBLANK($G199)),""Reste réel"","""")"
Mai 2026;199;D;D199;;"=IF(AND(NOT(ISBLANK($G198)),ISBLANK($G199)),$C$42-$H$40-$F$42,"""")"
Mai 2026;199;J;J199;0;"=IF(I199=""x"",H199,0)"
Mai 2026;200;A;A200;;"=IF(AND(NOT(ISBLANK(G199)),ISBLANK(G200)),""Reste prévu"","""")"
Mai 2026;200;B;B200;;"=IF(AND(NOT(ISBLANK($G199)),ISBLANK($G200)),$C$42-$F$40-$F$42,"""")"
Mai 2026;200;C;C200;;"=IF(AND(NOT(ISBLANK($G199)),ISBLANK($G200)),""Reste réel"","""")"
Mai 2026;200;D;D200;;"=IF(AND(NOT(ISBLANK($G199)),ISBLANK($G200)),$C$42-$H$40-$F$42,"""")"
Mai 2026;200;J;J200;0;"=IF(I200=""x"",H200,0)"
Mai 2026;201;A;A201;;"=IF(AND(NOT(ISBLANK(G200)),ISBLANK(G201)),""Reste prévu"","""")"
Mai 2026;201;B;B201;;"=IF(AND(NOT(ISBLANK($G200)),ISBLANK($G201)),$C$42-$F$40-$F$42,"""")"
Mai 2026;201;C;C201;;"=IF(AND(NOT(ISBLANK($G200)),ISBLANK($G201)),""Reste réel"","""")"
Mai 2026;201;D;D201;;"=IF(AND(NOT(ISBLANK($G200)),ISBLANK($G201)),$C$42-$H$40-$F$42,"""")"
Mai 2026;201;J;J201;0;"=IF(I201=""x"",H201,0)"
Mai 2026;202;A;A202;;"=IF(AND(NOT(ISBLANK(G201)),ISBLANK(G202)),""Reste prévu"","""")"
Mai 2026;202;B;B202;;"=IF(AND(NOT(ISBLANK($G201)),ISBLANK($G202)),$C$42-$F$40-$F$42,"""")"
Mai 2026;202;C;C202;;"=IF(AND(NOT(ISBLANK($G201)),ISBLANK($G202)),""Reste réel"","""")"
Mai 2026;202;D;D202;;"=IF(AND(NOT(ISBLANK($G201)),ISBLANK($G202)),$C$42-$H$40-$F$42,"""")"
Mai 2026;202;J;J202;0;"=IF(I202=""x"",H202,0)"
Mai 2026;203;A;A203;;"=IF(AND(NOT(ISBLANK(G202)),ISBLANK(G203)),""Reste prévu"","""")"
Mai 2026;203;B;B203;;"=IF(AND(NOT(ISBLANK($G202)),ISBLANK($G203)),$C$42-$F$40-$F$42,"""")"
Mai 2026;203;C;C203;;"=IF(AND(NOT(ISBLANK($G202)),ISBLANK($G203)),""Reste réel"","""")"
Mai 2026;203;D;D203;;"=IF(AND(NOT(ISBLANK($G202)),ISBLANK($G203)),$C$42-$H$40-$F$42,"""")"
Mai 2026;203;J;J203;0;"=IF(I203=""x"",H203,0)"
Mai 2026;204;A;A204;;"=IF(AND(NOT(ISBLANK(G203)),ISBLANK(G204)),""Reste prévu"","""")"
Mai 2026;204;B;B204;;"=IF(AND(NOT(ISBLANK($G203)),ISBLANK($G204)),$C$42-$F$40-$F$42,"""")"
Mai 2026;204;C;C204;;"=IF(AND(NOT(ISBLANK($G203)),ISBLANK($G204)),""Reste réel"","""")"
Mai 2026;204;D;D204;;"=IF(AND(NOT(ISBLANK($G203)),ISBLANK($G204)),$C$42-$H$40-$F$42,"""")"
Mai 2026;204;J;J204;0;"=IF(I204=""x"",H204,0)"
Mai 2026;205;A;A205;;"=IF(AND(NOT(ISBLANK(G204)),ISBLANK(G205)),""Reste prévu"","""")"
Mai 2026;205;B;B205;;"=IF(AND(NOT(ISBLANK($G204)),ISBLANK($G205)),$C$42-$F$40-$F$42,"""")"
Mai 2026;205;C;C205;;"=IF(AND(NOT(ISBLANK($G204)),ISBLANK($G205)),""Reste réel"","""")"
Mai 2026;205;D;D205;;"=IF(AND(NOT(ISBLANK($G204)),ISBLANK($G205)),$C$42-$H$40-$F$42,"""")"
Mai 2026;205;J;J205;0;"=IF(I205=""x"",H205,0)"
Mai 2026;206;A;A206;;"=IF(AND(NOT(ISBLANK(G205)),ISBLANK(G206)),""Reste prévu"","""")"
Mai 2026;206;B;B206;;"=IF(AND(NOT(ISBLANK($G205)),ISBLANK($G206)),$C$42-$F$40-$F$42,"""")"
Mai 2026;206;C;C206;;"=IF(AND(NOT(ISBLANK($G205)),ISBLANK($G206)),""Reste réel"","""")"
Mai 2026;206;D;D206;;"=IF(AND(NOT(ISBLANK($G205)),ISBLANK($G206)),$C$42-$H$40-$F$42,"""")"
Mai 2026;206;J;J206;0;"=IF(I206=""x"",H206,0)"
Mai 2026;207;A;A207;;"=IF(AND(NOT(ISBLANK(G206)),ISBLANK(G207)),""Reste prévu"","""")"
Mai 2026;207;B;B207;;"=IF(AND(NOT(ISBLANK($G206)),ISBLANK($G207)),$C$42-$F$40-$F$42,"""")"
Mai 2026;207;C;C207;;"=IF(AND(NOT(ISBLANK($G206)),ISBLANK($G207)),""Reste réel"","""")"
Mai 2026;207;D;D207;;"=IF(AND(NOT(ISBLANK($G206)),ISBLANK($G207)),$C$42-$H$40-$F$42,"""")"
Mai 2026;207;J;J207;0;"=IF(I207=""x"",H207,0)"
Mai 2026;208;A;A208;;"=IF(AND(NOT(ISBLANK(G207)),ISBLANK(G208)),""Reste prévu"","""")"
Mai 2026;208;B;B208;;"=IF(AND(NOT(ISBLANK($G207)),ISBLANK($G208)),$C$42-$F$40-$F$42,"""")"
Mai 2026;208;C;C208;;"=IF(AND(NOT(ISBLANK($G207)),ISBLANK($G208)),""Reste réel"","""")"
Mai 2026;208;D;D208;;"=IF(AND(NOT(ISBLANK($G207)),ISBLANK($G208)),$C$42-$H$40-$F$42,"""")"
Mai 2026;208;J;J208;0;"=IF(I208=""x"",H208,0)"
Mai 2026;209;A;A209;;"=IF(AND(NOT(ISBLANK(G208)),ISBLANK(G209)),""Reste prévu"","""")"
Mai 2026;209;B;B209;;"=IF(AND(NOT(ISBLANK($G208)),ISBLANK($G209)),$C$42-$F$40-$F$42,"""")"
Mai 2026;209;C;C209;;"=IF(AND(NOT(ISBLANK($G208)),ISBLANK($G209)),""Reste réel"","""")"
Mai 2026;209;D;D209;;"=IF(AND(NOT(ISBLANK($G208)),ISBLANK($G209)),$C$42-$H$40-$F$42,"""")"
Mai 2026;209;J;J209;0;"=IF(I209=""x"",H209,0)"
Mai 2026;210;A;A210;;"=IF(AND(NOT(ISBLANK(G209)),ISBLANK(G210)),""Reste prévu"","""")"
Mai 2026;210;B;B210;;"=IF(AND(NOT(ISBLANK($G209)),ISBLANK($G210)),$C$42-$F$40-$F$42,"""")"
Mai 2026;210;C;C210;;"=IF(AND(NOT(ISBLANK($G209)),ISBLANK($G210)),""Reste réel"","""")"
Mai 2026;210;D;D210;;"=IF(AND(NOT(ISBLANK($G209)),ISBLANK($G210)),$C$42-$H$40-$F$42,"""")"
Mai 2026;210;J;J210;0;"=IF(I210=""x"",H210,0)"
Mai 2026;211;A;A211;;"=IF(AND(NOT(ISBLANK(G210)),ISBLANK(G211)),""Reste prévu"","""")"
Mai 2026;211;B;B211;;"=IF(AND(NOT(ISBLANK($G210)),ISBLANK($G211)),$C$42-$F$40-$F$42,"""")"
Mai 2026;211;C;C211;;"=IF(AND(NOT(ISBLANK($G210)),ISBLANK($G211)),""Reste réel"","""")"
Mai 2026;211;D;D211;;"=IF(AND(NOT(ISBLANK($G210)),ISBLANK($G211)),$C$42-$H$40-$F$42,"""")"
Mai 2026;211;J;J211;0;"=IF(I211=""x"",H211,0)"
Mai 2026;212;A;A212;;"=IF(AND(NOT(ISBLANK(G211)),ISBLANK(G212)),""Reste prévu"","""")"
Mai 2026;212;B;B212;;"=IF(AND(NOT(ISBLANK($G211)),ISBLANK($G212)),$C$42-$F$40-$F$42,"""")"
Mai 2026;212;C;C212;;"=IF(AND(NOT(ISBLANK($G211)),ISBLANK($G212)),""Reste réel"","""")"
Mai 2026;212;D;D212;;"=IF(AND(NOT(ISBLANK($G211)),ISBLANK($G212)),$C$42-$H$40-$F$42,"""")"
Mai 2026;212;J;J212;0;"=IF(I212=""x"",H212,0)"
Mai 2026;213;A;A213;;"=IF(AND(NOT(ISBLANK(G212)),ISBLANK(G213)),""Reste prévu"","""")"
Mai 2026;213;B;B213;;"=IF(AND(NOT(ISBLANK($G212)),ISBLANK($G213)),$C$42-$F$40-$F$42,"""")"
Mai 2026;213;C;C213;;"=IF(AND(NOT(ISBLANK($G212)),ISBLANK($G213)),""Reste réel"","""")"
Mai 2026;213;D;D213;;"=IF(AND(NOT(ISBLANK($G212)),ISBLANK($G213)),$C$42-$H$40-$F$42,"""")"
Mai 2026;213;J;J213;0;"=IF(I213=""x"",H213,0)"
Mai 2026;214;A;A214;;"=IF(AND(NOT(ISBLANK(G213)),ISBLANK(G214)),""Reste prévu"","""")"
Mai 2026;214;B;B214;;"=IF(AND(NOT(ISBLANK($G213)),ISBLANK($G214)),$C$42-$F$40-$F$42,"""")"
Mai 2026;214;C;C214;;"=IF(AND(NOT(ISBLANK($G213)),ISBLANK($G214)),""Reste réel"","""")"
Mai 2026;214;D;D214;;"=IF(AND(NOT(ISBLANK($G213)),ISBLANK($G214)),$C$42-$H$40-$F$42,"""")"
Mai 2026;215;A;A215;;"=IF(AND(NOT(ISBLANK(G214)),ISBLANK(G215)),""Reste prévu"","""")"
Mai 2026;215;B;B215;;"=IF(AND(NOT(ISBLANK($G214)),ISBLANK($G215)),$C$42-$F$40-$F$42,"""")"
Mai 2026;215;C;C215;;"=IF(AND(NOT(ISBLANK($G214)),ISBLANK($G215)),""Reste réel"","""")"
Mai 2026;215;D;D215;;"=IF(AND(NOT(ISBLANK($G214)),ISBLANK($G215)),$C$42-$H$40-$F$42,"""")"
Mai 2026;216;A;A216;;"=IF(AND(NOT(ISBLANK(G215)),ISBLANK(G216)),""Reste prévu"","""")"
Mai 2026;216;B;B216;;"=IF(AND(NOT(ISBLANK($G215)),ISBLANK($G216)),$C$42-$F$40-$F$42,"""")"
Mai 2026;216;C;C216;;"=IF(AND(NOT(ISBLANK($G215)),ISBLANK($G216)),""Reste réel"","""")"
Mai 2026;216;D;D216;;"=IF(AND(NOT(ISBLANK($G215)),ISBLANK($G216)),$C$42-$H$40-$F$42,"""")"
Mai 2026;217;A;A217;;"=IF(AND(NOT(ISBLANK(G216)),ISBLANK(G217)),""Reste prévu"","""")"
Mai 2026;217;B;B217;;"=IF(AND(NOT(ISBLANK($G216)),ISBLANK($G217)),$C$42-$F$40-$F$42,"""")"
Mai 2026;217;C;C217;;"=IF(AND(NOT(ISBLANK($G216)),ISBLANK($G217)),""Reste réel"","""")"
Mai 2026;217;D;D217;;"=IF(AND(NOT(ISBLANK($G216)),ISBLANK($G217)),$C$42-$H$40-$F$42,"""")"
Mai 2026;218;A;A218;;"=IF(AND(NOT(ISBLANK(G217)),ISBLANK(G218)),""Reste prévu"","""")"
Mai 2026;218;B;B218;;"=IF(AND(NOT(ISBLANK($G217)),ISBLANK($G218)),$C$42-$F$40-$F$42,"""")"
Mai 2026;218;C;C218;;"=IF(AND(NOT(ISBLANK($G217)),ISBLANK($G218)),""Reste réel"","""")"
Mai 2026;218;D;D218;;"=IF(AND(NOT(ISBLANK($G217)),ISBLANK($G218)),$C$42-$H$40-$F$42,"""")"
Mai 2026;219;A;A219;;"=IF(AND(NOT(ISBLANK(G218)),ISBLANK(G219)),""Reste prévu"","""")"
Mai 2026;219;B;B219;;"=IF(AND(NOT(ISBLANK($G218)),ISBLANK($G219)),$C$42-$F$40-$F$42,"""")"
Mai 2026;219;C;C219;;"=IF(AND(NOT(ISBLANK($G218)),ISBLANK($G219)),""Reste réel"","""")"
Mai 2026;219;D;D219;;"=IF(AND(NOT(ISBLANK($G218)),ISBLANK($G219)),$C$42-$H$40-$F$42,"""")"
Mai 2026;220;A;A220;;"=IF(AND(NOT(ISBLANK(G219)),ISBLANK(G220)),""Reste prévu"","""")"
Mai 2026;220;B;B220;;"=IF(AND(NOT(ISBLANK($G219)),ISBLANK($G220)),$C$42-$F$40-$F$42,"""")"
Mai 2026;220;C;C220;;"=IF(AND(NOT(ISBLANK($G219)),ISBLANK($G220)),""Reste réel"","""")"
Mai 2026;220;D;D220;;"=IF(AND(NOT(ISBLANK($G219)),ISBLANK($G220)),$C$42-$H$40-$F$42,"""")"
Mai 2026;221;A;A221;;"=IF(AND(NOT(ISBLANK(G220)),ISBLANK(G221)),""Reste prévu"","""")"
Mai 2026;221;B;B221;;"=IF(AND(NOT(ISBLANK($G220)),ISBLANK($G221)),$C$42-$F$40-$F$42,"""")"
Mai 2026;221;C;C221;;"=IF(AND(NOT(ISBLANK($G220)),ISBLANK($G221)),""Reste réel"","""")"
Mai 2026;221;D;D221;;"=IF(AND(NOT(ISBLANK($G220)),ISBLANK($G221)),$C$42-$H$40-$F$42,"""")"
Mai 2026;222;A;A222;;"=IF(AND(NOT(ISBLANK(G221)),ISBLANK(G222)),""Reste prévu"","""")"
Mai 2026;222;B;B222;;"=IF(AND(NOT(ISBLANK($G221)),ISBLANK($G222)),$C$42-$F$40-$F$42,"""")"
Mai 2026;222;C;C222;;"=IF(AND(NOT(ISBLANK($G221)),ISBLANK($G222)),""Reste réel"","""")"
Mai 2026;222;D;D222;;"=IF(AND(NOT(ISBLANK($G221)),ISBLANK($G222)),$C$42-$H$40-$F$42,"""")"
Mai 2026;223;A;A223;;"=IF(AND(NOT(ISBLANK(G222)),ISBLANK(G223)),""Reste prévu"","""")"
Mai 2026;223;B;B223;;"=IF(AND(NOT(ISBLANK($G222)),ISBLANK($G223)),$C$42-$F$40-$F$42,"""")"
Mai 2026;223;C;C223;;"=IF(AND(NOT(ISBLANK($G222)),ISBLANK($G223)),""Reste réel"","""")"
Mai 2026;223;D;D223;;"=IF(AND(NOT(ISBLANK($G222)),ISBLANK($G223)),$C$42-$H$40-$F$42,"""")"
Mai 2026;224;A;A224;;"=IF(AND(NOT(ISBLANK(G223)),ISBLANK(G224)),""Reste prévu"","""")"
Mai 2026;224;B;B224;;"=IF(AND(NOT(ISBLANK($G223)),ISBLANK($G224)),$C$42-$F$40-$F$42,"""")"
Mai 2026;224;C;C224;;"=IF(AND(NOT(ISBLANK($G223)),ISBLANK($G224)),""Reste réel"","""")"
Mai 2026;224;D;D224;;"=IF(AND(NOT(ISBLANK($G223)),ISBLANK($G224)),$C$42-$H$40-$F$42,"""")"
Mai 2026;225;A;A225;;"=IF(AND(NOT(ISBLANK(G224)),ISBLANK(G225)),""Reste prévu"","""")"
Mai 2026;225;B;B225;;"=IF(AND(NOT(ISBLANK($G224)),ISBLANK($G225)),$C$42-$F$40-$F$42,"""")"
Mai 2026;225;C;C225;;"=IF(AND(NOT(ISBLANK($G224)),ISBLANK($G225)),""Reste réel"","""")"
Mai 2026;225;D;D225;;"=IF(AND(NOT(ISBLANK($G224)),ISBLANK($G225)),$C$42-$H$40-$F$42,"""")"
Mai 2026;226;A;A226;;"=IF(AND(NOT(ISBLANK(G225)),ISBLANK(G226)),""Reste prévu"","""")"
Mai 2026;226;B;B226;;"=IF(AND(NOT(ISBLANK($G225)),ISBLANK($G226)),$C$42-$F$40-$F$42,"""")"
Mai 2026;226;C;C226;;"=IF(AND(NOT(ISBLANK($G225)),ISBLANK($G226)),""Reste réel"","""")"
Mai 2026;226;D;D226;;"=IF(AND(NOT(ISBLANK($G225)),ISBLANK($G226)),$C$42-$H$40-$F$42,"""")"
Mai 2026;227;A;A227;;"=IF(AND(NOT(ISBLANK(G226)),ISBLANK(G227)),""Reste prévu"","""")"
Mai 2026;227;B;B227;;"=IF(AND(NOT(ISBLANK($G226)),ISBLANK($G227)),$C$42-$F$40-$F$42,"""")"
Mai 2026;227;C;C227;;"=IF(AND(NOT(ISBLANK($G226)),ISBLANK($G227)),""Reste réel"","""")"
Mai 2026;227;D;D227;;"=IF(AND(NOT(ISBLANK($G226)),ISBLANK($G227)),$C$42-$H$40-$F$42,"""")"
Mai 2026;228;A;A228;;"=IF(AND(NOT(ISBLANK(G227)),ISBLANK(G228)),""Reste prévu"","""")"
Mai 2026;228;B;B228;;"=IF(AND(NOT(ISBLANK($G227)),ISBLANK($G228)),$C$42-$F$40-$F$42,"""")"
Mai 2026;228;C;C228;;"=IF(AND(NOT(ISBLANK($G227)),ISBLANK($G228)),""Reste réel"","""")"
Mai 2026;228;D;D228;;"=IF(AND(NOT(ISBLANK($G227)),ISBLANK($G228)),$C$42-$H$40-$F$42,"""")"
Mai 2026;229;A;A229;;"=IF(AND(NOT(ISBLANK(G228)),ISBLANK(G229)),""Reste prévu"","""")"
Mai 2026;229;B;B229;;"=IF(AND(NOT(ISBLANK($G228)),ISBLANK($G229)),$C$42-$F$40-$F$42,"""")"
Mai 2026;229;C;C229;;"=IF(AND(NOT(ISBLANK($G228)),ISBLANK($G229)),""Reste réel"","""")"
Mai 2026;229;D;D229;;"=IF(AND(NOT(ISBLANK($G228)),ISBLANK($G229)),$C$42-$H$40-$F$42,"""")"
Mai 2026;230;A;A230;;"=IF(AND(NOT(ISBLANK(G229)),ISBLANK(G230)),""Reste prévu"","""")"
Mai 2026;230;B;B230;;"=IF(AND(NOT(ISBLANK($G229)),ISBLANK($G230)),$C$42-$F$40-$F$42,"""")"
Mai 2026;230;C;C230;;"=IF(AND(NOT(ISBLANK($G229)),ISBLANK($G230)),""Reste réel"","""")"
Mai 2026;230;D;D230;;"=IF(AND(NOT(ISBLANK($G229)),ISBLANK($G230)),$C$42-$H$40-$F$42,"""")"
Mai 2026;231;A;A231;;"=IF(AND(NOT(ISBLANK(G230)),ISBLANK(G231)),""Reste prévu"","""")"
Mai 2026;231;B;B231;;"=IF(AND(NOT(ISBLANK($G230)),ISBLANK($G231)),$C$42-$F$40-$F$42,"""")"
Mai 2026;231;C;C231;;"=IF(AND(NOT(ISBLANK($G230)),ISBLANK($G231)),""Reste réel"","""")"
Mai 2026;231;D;D231;;"=IF(AND(NOT(ISBLANK($G230)),ISBLANK($G231)),$C$42-$H$40-$F$42,"""")"
Mai 2026;232;A;A232;;"=IF(AND(NOT(ISBLANK(G231)),ISBLANK(G232)),""Reste prévu"","""")"
Mai 2026;232;B;B232;;"=IF(AND(NOT(ISBLANK($G231)),ISBLANK($G232)),$C$42-$F$40-$F$42,"""")"
Mai 2026;232;C;C232;;"=IF(AND(NOT(ISBLANK($G231)),ISBLANK($G232)),""Reste réel"","""")"
Mai 2026;232;D;D232;;"=IF(AND(NOT(ISBLANK($G231)),ISBLANK($G232)),$C$42-$H$40-$F$42,"""")"
Mai 2026;233;A;A233;;"=IF(AND(NOT(ISBLANK(G232)),ISBLANK(G233)),""Reste prévu"","""")"
Mai 2026;233;B;B233;;"=IF(AND(NOT(ISBLANK($G232)),ISBLANK($G233)),$C$42-$F$40-$F$42,"""")"
Mai 2026;233;C;C233;;"=IF(AND(NOT(ISBLANK($G232)),ISBLANK($G233)),""Reste réel"","""")"
Mai 2026;233;D;D233;;"=IF(AND(NOT(ISBLANK($G232)),ISBLANK($G233)),$C$42-$H$40-$F$42,"""")"
Mai 2026;234;A;A234;;"=IF(AND(NOT(ISBLANK(G233)),ISBLANK(G234)),""Reste prévu"","""")"
Mai 2026;234;B;B234;;"=IF(AND(NOT(ISBLANK($G233)),ISBLANK($G234)),$C$42-$F$40-$F$42,"""")"
Mai 2026;234;C;C234;;"=IF(AND(NOT(ISBLANK($G233)),ISBLANK($G234)),""Reste réel"","""")"
Mai 2026;234;D;D234;;"=IF(AND(NOT(ISBLANK($G233)),ISBLANK($G234)),$C$42-$H$40-$F$42,"""")"
Mai 2026;235;A;A235;;"=IF(AND(NOT(ISBLANK(G234)),ISBLANK(G235)),""Reste prévu"","""")"
Mai 2026;235;B;B235;;"=IF(AND(NOT(ISBLANK($G234)),ISBLANK($G235)),$C$42-$F$40-$F$42,"""")"
Mai 2026;235;C;C235;;"=IF(AND(NOT(ISBLANK($G234)),ISBLANK($G235)),""Reste réel"","""")"
Mai 2026;235;D;D235;;"=IF(AND(NOT(ISBLANK($G234)),ISBLANK($G235)),$C$42-$H$40-$F$42,"""")"
Mai 2026;236;A;A236;;"=IF(AND(NOT(ISBLANK(G235)),ISBLANK(G236)),""Reste prévu"","""")"
Mai 2026;236;B;B236;;"=IF(AND(NOT(ISBLANK($G235)),ISBLANK($G236)),$C$42-$F$40-$F$42,"""")"
Mai 2026;236;C;C236;;"=IF(AND(NOT(ISBLANK($G235)),ISBLANK($G236)),""Reste réel"","""")"
Mai 2026;236;D;D236;;"=IF(AND(NOT(ISBLANK($G235)),ISBLANK($G236)),$C$42-$H$40-$F$42,"""")"
Avril 2026;1;B;B1;Recettes;
Avril 2026;1;E;E1;Dépenses;
Avril 2026;1;K;K1;Cadeau;
Avril 2026;3;B;B3;Salaire Pierre;
Avril 2026;3;C;C3;6365.48;
Avril 2026;3;E;E3;Loyer Elouen;
Avril 2026;3;F;F3;669.7;
Avril 2026;3;G;G3;x;
Avril 2026;3;H;H3;669.7;"=IF(G3=""x"",F3,0)"
Avril 2026;3;K;K3;Logement;
Avril 2026;4;B;B4;Salaire Sterenn;
Avril 2026;4;C;C4;1828.73;
Avril 2026;4;E;E4;Argent de poche Elouen;
Avril 2026;4;H;H4;0;"=IF(G4=""x"",F4,0)"
Avril 2026;4;K;K4;Charges;
Avril 2026;5;B;B5;CAF;
Avril 2026;5;C;C5;113.3;
Avril 2026;5;E;E5;Engie Elouen;
Avril 2026;5;F;F5;70;
Avril 2026;5;G;G5;x;
Avril 2026;5;H;H5;70;"=IF(G5=""x"",F5,0)"
Avril 2026;5;K;K5;Charges;
Avril 2026;6;E;E6;Argent de poche Arthur;
Avril 2026;6;F;F6;164.99;
Avril 2026;6;G;G6;x;
Avril 2026;6;H;H6;164.99;"=IF(G6=""x"",F6,0)"
Avril 2026;6;K;K6;Charges;
Avril 2026;7;E;E7;Prêt 25 ;
Avril 2026;7;F;F7;995.15;
Avril 2026;7;G;G7;x;
Avril 2026;7;H;H7;995.15;"=IF(G7=""x"",F7,0)"
Avril 2026;7;K;K7;Logement;
Avril 2026;8;B;B8;Virement Mamou;
Avril 2026;8;C;C8;150;
Avril 2026;8;E;E8;Prêt 15;
Avril 2026;8;F;F8;883.42;
Avril 2026;8;G;G8;x;
Avril 2026;8;H;H8;883.42;"=IF(G8=""x"",F8,0)"
Avril 2026;8;K;K8;Logement;
Avril 2026;9;B;B9;Note de Frais Igienair;
Avril 2026;9;C;C9;121.83;
Avril 2026;9;E;E9;Assurances prêt;
Avril 2026;9;F;F9;11.46;
Avril 2026;9;G;G9;x;
Avril 2026;9;H;H9;11.46;"=IF(G9=""x"",F9,0)"
Avril 2026;9;K;K9;Logement;
Avril 2026;10;B;B10;Stephanie Charrier;
Avril 2026;10;C;C10;21;
Avril 2026;10;E;E10;Assurances prêt;
Avril 2026;10;F;F10;32.57;
Avril 2026;10;G;G10;x;
Avril 2026;10;H;H10;32.57;"=IF(G10=""x"",F10,0)"
Avril 2026;10;K;K10;Logement;
Avril 2026;11;B;B11;Remboursement Suravenir;
Avril 2026;11;C;C11;2.18;
Avril 2026;11;E;E11;Assurances prêt;
Avril 2026;11;F;F11;79.98;
Avril 2026;11;G;G11;x;
Avril 2026;11;H;H11;79.98;"=IF(G11=""x"",F11,0)"
Avril 2026;11;K;K11;Logement;
Avril 2026;12;B;B12;Remboursement Suravenir;
Avril 2026;12;C;C12;4.97;
Avril 2026;12;E;E12;Assurances prêt;
Avril 2026;12;F;F12;28.49;
Avril 2026;12;G;G12;x;
Avril 2026;12;H;H12;28.49;"=IF(G12=""x"",F12,0)"
Avril 2026;12;K;K12;Logement;
Avril 2026;13;E;E13;Disney;
Avril 2026;13;F;F13;6.99;
Avril 2026;13;G;G13;x;
Avril 2026;13;H;H13;6.99;"=IF(G13=""x"",F13,0)"
Avril 2026;13;K;K13;Internet/Téléphone;
Avril 2026;14;E;E14;EDF Arthur;
Avril 2026;14;F;F14;65;
Avril 2026;14;G;G14;x;
Avril 2026;14;H;H14;65;"=IF(G14=""x"",F14,0)"
Avril 2026;14;K;K14;Charges;
Avril 2026;15;E;E15;EkWateur;
Avril 2026;15;F;F15;208;
Avril 2026;15;G;G15;x;
Avril 2026;15;H;H15;208;"=IF(G15=""x"",F15,0)"
Avril 2026;15;K;K15;Charges;
Avril 2026;16;E;E16;Sosh Maison;
Avril 2026;16;F;F16;24.99;
Avril 2026;16;G;G16;x;
Avril 2026;16;H;H16;24.99;"=IF(G16=""x"",F16,0)"
Avril 2026;16;K;K16;Internet/Téléphone;
Avril 2026;17;E;E17;Sosh Arthur;
Avril 2026;17;F;F17;14.99;
Avril 2026;17;G;G17;x;
Avril 2026;17;H;H17;14.99;"=IF(G17=""x"",F17,0)"
Avril 2026;17;K;K17;Internet/Téléphone;
Avril 2026;18;E;E18;Sosh Ael;
Avril 2026;18;F;F18;14.99;
Avril 2026;18;G;G18;x;
Avril 2026;18;H;H18;14.99;"=IF(G18=""x"",F18,0)"
Avril 2026;18;K;K18;Internet/Téléphone;
Avril 2026;19;E;E19;Sosh Elouen;
Avril 2026;19;F;F19;14.99;
Avril 2026;19;H;H19;0;"=IF(G19=""x"",F19,0)"
Avril 2026;19;K;K19;Internet/Téléphone;
Avril 2026;20;E;E20;Sosh Sterenn;
Avril 2026;20;F;F20;10.99;
Avril 2026;20;G;G20;x;
Avril 2026;20;H;H20;10.99;"=IF(G20=""x"",F20,0)"
Avril 2026;20;K;K20;Internet/Téléphone;
Avril 2026;21;E;E21;Mutuelle;
Avril 2026;21;F;F21;104.98;
Avril 2026;21;G;G21;x;
Avril 2026;21;H;H21;104.98;"=IF(G21=""x"",F21,0)"
Avril 2026;21;K;K21;Assurances/Mutuelle;
Avril 2026;23;E;E23;Suravenir Habitation;
Avril 2026;23;F;F23;60.09;
Avril 2026;23;G;G23;x;
Avril 2026;23;H;H23;60.09;"=IF(G23=""x"",F23,0)"
Avril 2026;23;K;K23;Assurances/Mutuelle;
Avril 2026;24;E;E24;VW LDD;
Avril 2026;24;F;F24;331.65;
Avril 2026;24;G;G24;x;
Avril 2026;24;H;H24;331.65;"=IF(G24=""x"",F24,0)"
Avril 2026;24;K;K24;Voiture/Déplacement;
Avril 2026;25;E;E25;Suravenir Voiture;
Avril 2026;25;F;F25;133.7;
Avril 2026;25;G;G25;x;
Avril 2026;25;H;H25;133.7;"=IF(G25=""x"",F25,0)"
Avril 2026;25;K;K25;Assurances/Mutuelle;
Avril 2026;26;E;E26;Suravenir Garanties Vie;
Avril 2026;26;F;F26;29.97;
Avril 2026;26;G;G26;x;
Avril 2026;26;H;H26;29.97;"=IF(G26=""x"",F26,0)"
Avril 2026;26;K;K26;Assurances/Mutuelle;
Avril 2026;27;E;E27;Joséphine;
Avril 2026;27;F;F27;20;
Avril 2026;27;G;G27;x;
Avril 2026;27;H;H27;20;"=IF(G27=""x"",F27,0)"
Avril 2026;27;K;K27;Divers;
Avril 2026;28;E;E28;Canal Plus;
Avril 2026;28;F;F28;21.99;
Avril 2026;28;G;G28;x;
Avril 2026;28;H;H28;21.99;"=IF(G28=""x"",F28,0)"
Avril 2026;28;K;K28;Internet/Téléphone;
Avril 2026;29;H;H29;0;"=IF(G29=""x"",F29,0)"
Avril 2026;29;K;K29;Voiture/Déplacement;
Avril 2026;30;E;E30;Keolis Elouen;
Avril 2026;30;F;F30;21.4;
Avril 2026;30;G;G30;x;
Avril 2026;30;H;H30;21.4;"=IF(G30=""x"",F30,0)"
Avril 2026;30;K;K30;Voiture/Déplacement;
Avril 2026;31;E;E31;Apple;
Avril 2026;31;F;F31;0.99;
Avril 2026;31;G;G31;x;
Avril 2026;31;H;H31;0.99;"=IF(G31=""x"",F31,0)"
Avril 2026;31;K;K31;Internet/Téléphone;
Avril 2026;32;E;E32;Apple;
Avril 2026;32;F;F32;16.99;
Avril 2026;32;G;G32;x;
Avril 2026;32;H;H32;16.99;"=IF(G32=""x"",F32,0)"
Avril 2026;32;K;K32;Internet/Téléphone;
Avril 2026;33;E;E33;St Charles;
Avril 2026;33;F;F33;178.3;
Avril 2026;33;G;G33;x;
Avril 2026;33;H;H33;178.3;"=IF(G33=""x"",F33,0)"
Avril 2026;33;K;K33;Scolarité;
Avril 2026;34;E;E34;Ménage;
Avril 2026;34;F;F34;170;
Avril 2026;34;G;G34;x;
Avril 2026;34;H;H34;170;"=IF(G34=""x"",F34,0)"
Avril 2026;34;K;K34;Logement;
Avril 2026;35;E;E35;Urssaaf;
Avril 2026;35;F;F35;78.43;
Avril 2026;35;G;G35;x;
Avril 2026;35;H;H35;78.43;"=IF(G35=""x"",F35,0)"
Avril 2026;35;K;K35;Logement;
Avril 2026;36;E;E36;Cotisation Eurocompte;
Avril 2026;36;F;F36;16.85;
Avril 2026;36;G;G36;x;
Avril 2026;36;H;H36;16.85;"=IF(G36=""x"",F36,0)"
Avril 2026;36;K;K36;Charges;
Avril 2026;37;E;E37;Indivision;
Avril 2026;37;F;F37;33.89;
Avril 2026;37;G;G37;x;
Avril 2026;37;H;H37;33.89;"=IF(G37=""x"",F37,0)"
Avril 2026;37;K;K37;Charges;
Avril 2026;39;A;A39;Etat mois précédent;
Avril 2026;39;C;C39;#REF!;='Mars 2026'!D43
Avril 2026;40;A;A40;Recettes fixes;
Avril 2026;40;C;C40;8307.509999999998;=SUM(C2:C6)
Avril 2026;40;E;E40;Somme dépenses prévues;
Avril 2026;40;F;F40;4515.929999999999;=SUM(F2:F38)
Avril 2026;40;G;G40;Somme dépenses réelles;
Avril 2026;40;H;H40;4500.94;=SUM(H2:H38)
Avril 2026;40;I;I40;Delta moins les exceptions;
Avril 2026;41;A;A41;Recettes additionnelles du mois;
Avril 2026;41;C;C41;299.98;=SUM(C8:C35)
Avril 2026;41;E;E41;Reste previsionnel;
Avril 2026;41;F;F41;#REF!;=C42-F40
Avril 2026;41;G;G41;Delta du mois;
Avril 2026;41;H;H41;#REF!;=C39+C40+C41-H40-F42
Avril 2026;42;A;A42;Total Recettes;
Avril 2026;42;C;C42;#REF!;=SUM(C39:C41)
Avril 2026;42;E;E42;Somme dépenses non prévues;
Avril 2026;42;F;F42;3979.86;=SUM(J44:J246)
Avril 2026;43;A;A43;Reste prévu;
Avril 2026;43;B;B43;#REF!;=$C$42-$F$40-$F$42
Avril 2026;43;C;C43;Reste réel;
Avril 2026;43;D;D43;#REF!;=$C$42-$H$40-$F$42
Avril 2026;44;A;A44;Reste prévu;"=IF(AND(NOT(ISBLANK(#REF!)),ISBLANK(G44)),""Reste prévu"","""")"
Avril 2026;44;B;B44;#REF!;"=IF(AND(NOT(ISBLANK(#REF!)),ISBLANK($G44)),$C$42-$F$40-$F$42,"""")"
Avril 2026;44;C;C44;Reste réel;"=IF(AND(NOT(ISBLANK(#REF!)),ISBLANK($G44)),""Reste réel"","""")"
Avril 2026;44;D;D44;#REF!;"=IF(AND(NOT(ISBLANK(#REF!)),ISBLANK($G44)),$C$42-$H$40-$F$42,"""")"
Avril 2026;44;J;J44;0;"=IF(I44=""x"",H44,0)"
Avril 2026;44;K;K44;Loisirs;
Avril 2026;45;A;A45;;"=IF(AND(NOT(ISBLANK(G44)),ISBLANK(G45)),""Reste prévu"","""")"
Avril 2026;45;B;B45;;"=IF(AND(NOT(ISBLANK($G44)),ISBLANK($G45)),$C$42-$F$40-$F$42,"""")"
Avril 2026;45;C;C45;;"=IF(AND(NOT(ISBLANK($G44)),ISBLANK($G45)),""Reste réel"","""")"
Avril 2026;45;D;D45;;"=IF(AND(NOT(ISBLANK($G44)),ISBLANK($G45)),$C$42-$H$40-$F$42,"""")"
Avril 2026;45;G;G45;Cafran Trégeux (Eau Igienair);
Avril 2026;45;H;H45;96.83;
Avril 2026;45;I;I45;x;
Avril 2026;45;J;J45;96.83;"=IF(I45=""x"",H45,0)"
Avril 2026;45;K;K45;Divers;
Avril 2026;46;A;A46;;"=IF(AND(NOT(ISBLANK(G45)),ISBLANK(G46)),""Reste prévu"","""")"
Avril 2026;46;B;B46;;"=IF(AND(NOT(ISBLANK($G45)),ISBLANK($G46)),$C$42-$F$40-$F$42,"""")"
Avril 2026;46;C;C46;;"=IF(AND(NOT(ISBLANK($G45)),ISBLANK($G46)),""Reste réel"","""")"
Avril 2026;46;D;D46;;"=IF(AND(NOT(ISBLANK($G45)),ISBLANK($G46)),$C$42-$H$40-$F$42,"""")"
Avril 2026;46;G;G46;Docteur Apel;
Avril 2026;46;H;H46;30;
Avril 2026;46;I;I46;x;
Avril 2026;46;J;J46;30;"=IF(I46=""x"",H46,0)"
Avril 2026;46;K;K46;Soins;
Avril 2026;47;A;A47;;"=IF(AND(NOT(ISBLANK(G46)),ISBLANK(G47)),""Reste prévu"","""")"
Avril 2026;47;B;B47;;"=IF(AND(NOT(ISBLANK($G46)),ISBLANK($G47)),$C$42-$F$40-$F$42,"""")"
Avril 2026;47;C;C47;;"=IF(AND(NOT(ISBLANK($G46)),ISBLANK($G47)),""Reste réel"","""")"
Avril 2026;47;D;D47;;"=IF(AND(NOT(ISBLANK($G46)),ISBLANK($G47)),$C$42-$H$40-$F$42,"""")"
Avril 2026;47;G;G47;Leclerc;
Avril 2026;47;H;H47;252.37;
Avril 2026;47;I;I47;x;
Avril 2026;47;J;J47;252.37;"=IF(I47=""x"",H47,0)"
Avril 2026;47;K;K47;Courses;
Avril 2026;48;A;A48;;"=IF(AND(NOT(ISBLANK(G47)),ISBLANK(G48)),""Reste prévu"","""")"
Avril 2026;48;B;B48;;"=IF(AND(NOT(ISBLANK($G47)),ISBLANK($G48)),$C$42-$F$40-$F$42,"""")"
Avril 2026;48;C;C48;;"=IF(AND(NOT(ISBLANK($G47)),ISBLANK($G48)),""Reste réel"","""")"
Avril 2026;48;D;D48;;"=IF(AND(NOT(ISBLANK($G47)),ISBLANK($G48)),$C$42-$H$40-$F$42,"""")"
Avril 2026;48;G;G48;Train Arthur;
Avril 2026;48;H;H48;9;
Avril 2026;48;I;I48;x;
Avril 2026;48;J;J48;9;"=IF(I48=""x"",H48,0)"
Avril 2026;48;K;K48;Voiture/Déplacement;
Avril 2026;49;A;A49;;"=IF(AND(NOT(ISBLANK(G48)),ISBLANK(G49)),""Reste prévu"","""")"
Avril 2026;49;B;B49;;"=IF(AND(NOT(ISBLANK($G48)),ISBLANK($G49)),$C$42-$F$40-$F$42,"""")"
Avril 2026;49;C;C49;;"=IF(AND(NOT(ISBLANK($G48)),ISBLANK($G49)),""Reste réel"","""")"
Avril 2026;49;D;D49;;"=IF(AND(NOT(ISBLANK($G48)),ISBLANK($G49)),$C$42-$H$40-$F$42,"""")"
Avril 2026;49;G;G49;Leclerc;
Avril 2026;49;H;H49;20.84;
Avril 2026;49;I;I49;x;
Avril 2026;49;J;J49;20.84;"=IF(I49=""x"",H49,0)"
Avril 2026;49;K;K49;Courses;
Avril 2026;50;A;A50;;"=IF(AND(NOT(ISBLANK(G49)),ISBLANK(G50)),""Reste prévu"","""")"
Avril 2026;50;B;B50;;"=IF(AND(NOT(ISBLANK($G49)),ISBLANK($G50)),$C$42-$F$40-$F$42,"""")"
Avril 2026;50;C;C50;;"=IF(AND(NOT(ISBLANK($G49)),ISBLANK($G50)),""Reste réel"","""")"
Avril 2026;50;D;D50;;"=IF(AND(NOT(ISBLANK($G49)),ISBLANK($G50)),$C$42-$H$40-$F$42,"""")"
Avril 2026;50;G;G50;Divers;
Avril 2026;50;H;H50;49;
Avril 2026;50;I;I50;x;
Avril 2026;50;J;J50;49;"=IF(I50=""x"",H50,0)"
Avril 2026;50;K;K50;Cadeau;
Avril 2026;51;A;A51;;"=IF(AND(NOT(ISBLANK(G50)),ISBLANK(G51)),""Reste prévu"","""")"
Avril 2026;51;B;B51;;"=IF(AND(NOT(ISBLANK($G50)),ISBLANK($G51)),$C$42-$F$40-$F$42,"""")"
Avril 2026;51;C;C51;;"=IF(AND(NOT(ISBLANK($G50)),ISBLANK($G51)),""Reste réel"","""")"
Avril 2026;51;D;D51;;"=IF(AND(NOT(ISBLANK($G50)),ISBLANK($G51)),$C$42-$H$40-$F$42,"""")"
Avril 2026;51;G;G51;Divers;
Avril 2026;51;H;H51;75;
Avril 2026;51;I;I51;x;
Avril 2026;51;J;J51;75;"=IF(I51=""x"",H51,0)"
Avril 2026;51;K;K51;Cadeau;
Avril 2026;52;A;A52;;"=IF(AND(NOT(ISBLANK(G51)),ISBLANK(G52)),""Reste prévu"","""")"
Avril 2026;52;B;B52;;"=IF(AND(NOT(ISBLANK($G51)),ISBLANK($G52)),$C$42-$F$40-$F$42,"""")"
Avril 2026;52;C;C52;;"=IF(AND(NOT(ISBLANK($G51)),ISBLANK($G52)),""Reste réel"","""")"
Avril 2026;52;D;D52;;"=IF(AND(NOT(ISBLANK($G51)),ISBLANK($G52)),$C$42-$H$40-$F$42,"""")"
Avril 2026;52;G;G52;Amazon;
Avril 2026;52;H;H52;9.99;
Avril 2026;52;I;I52;x;
Avril 2026;52;J;J52;9.99;"=IF(I52=""x"",H52,0)"
Avril 2026;52;K;K52;Internet/Téléphone;
Avril 2026;53;A;A53;;"=IF(AND(NOT(ISBLANK(G52)),ISBLANK(G53)),""Reste prévu"","""")"
Avril 2026;53;B;B53;;"=IF(AND(NOT(ISBLANK($G52)),ISBLANK($G53)),$C$42-$F$40-$F$42,"""")"
Avril 2026;53;C;C53;;"=IF(AND(NOT(ISBLANK($G52)),ISBLANK($G53)),""Reste réel"","""")"
Avril 2026;53;D;D53;;"=IF(AND(NOT(ISBLANK($G52)),ISBLANK($G53)),$C$42-$H$40-$F$42,"""")"
Avril 2026;53;G;G53;Intermarché Trégeux;
Avril 2026;53;H;H53;33.75;
Avril 2026;53;I;I53;x;
Avril 2026;53;J;J53;33.75;"=IF(I53=""x"",H53,0)"
Avril 2026;53;K;K53;Courses;
Avril 2026;54;A;A54;;"=IF(AND(NOT(ISBLANK(G53)),ISBLANK(G54)),""Reste prévu"","""")"
Avril 2026;54;B;B54;;"=IF(AND(NOT(ISBLANK($G53)),ISBLANK($G54)),$C$42-$F$40-$F$42,"""")"
Avril 2026;54;C;C54;;"=IF(AND(NOT(ISBLANK($G53)),ISBLANK($G54)),""Reste réel"","""")"
Avril 2026;54;D;D54;;"=IF(AND(NOT(ISBLANK($G53)),ISBLANK($G54)),$C$42-$H$40-$F$42,"""")"
Avril 2026;54;G;G54;Atelier Saint Cast;
Avril 2026;54;H;H54;18;
Avril 2026;54;I;I54;x;
Avril 2026;54;J;J54;18;"=IF(I54=""x"",H54,0)"
Avril 2026;54;K;K54;Cadeau;
Avril 2026;55;A;A55;;"=IF(AND(NOT(ISBLANK(G54)),ISBLANK(G55)),""Reste prévu"","""")"
Avril 2026;55;B;B55;;"=IF(AND(NOT(ISBLANK($G54)),ISBLANK($G55)),$C$42-$F$40-$F$42,"""")"
Avril 2026;55;C;C55;;"=IF(AND(NOT(ISBLANK($G54)),ISBLANK($G55)),""Reste réel"","""")"
Avril 2026;55;D;D55;;"=IF(AND(NOT(ISBLANK($G54)),ISBLANK($G55)),$C$42-$H$40-$F$42,"""")"
Avril 2026;55;G;G55;Metro Rennes;
Avril 2026;55;H;H55;3.4;
Avril 2026;55;I;I55;x;
Avril 2026;55;J;J55;3.4;"=IF(I55=""x"",H55,0)"
Avril 2026;55;K;K55;Voiture/Déplacement;
Avril 2026;56;A;A56;;"=IF(AND(NOT(ISBLANK(G55)),ISBLANK(G56)),""Reste prévu"","""")"
Avril 2026;56;B;B56;;"=IF(AND(NOT(ISBLANK($G55)),ISBLANK($G56)),$C$42-$F$40-$F$42,"""")"
Avril 2026;56;C;C56;;"=IF(AND(NOT(ISBLANK($G55)),ISBLANK($G56)),""Reste réel"","""")"
Avril 2026;56;D;D56;;"=IF(AND(NOT(ISBLANK($G55)),ISBLANK($G56)),$C$42-$H$40-$F$42,"""")"
Avril 2026;56;G;G56;Gouter Rennes;
Avril 2026;56;H;H56;6.7;
Avril 2026;56;I;I56;x;
Avril 2026;56;J;J56;6.7;"=IF(I56=""x"",H56,0)"
Avril 2026;56;K;K56;Courses;
Avril 2026;57;A;A57;;"=IF(AND(NOT(ISBLANK(G56)),ISBLANK(G57)),""Reste prévu"","""")"
Avril 2026;57;B;B57;;"=IF(AND(NOT(ISBLANK($G56)),ISBLANK($G57)),$C$42-$F$40-$F$42,"""")"
Avril 2026;57;C;C57;;"=IF(AND(NOT(ISBLANK($G56)),ISBLANK($G57)),""Reste réel"","""")"
Avril 2026;57;D;D57;;"=IF(AND(NOT(ISBLANK($G56)),ISBLANK($G57)),$C$42-$H$40-$F$42,"""")"
Avril 2026;57;G;G57;Train Pierre;
Avril 2026;57;H;H57;34;
Avril 2026;57;I;I57;x;
Avril 2026;57;J;J57;34;"=IF(I57=""x"",H57,0)"
Avril 2026;57;K;K57;Voiture/Déplacement;
Avril 2026;58;A;A58;;"=IF(AND(NOT(ISBLANK(G57)),ISBLANK(G58)),""Reste prévu"","""")"
Avril 2026;58;B;B58;;"=IF(AND(NOT(ISBLANK($G57)),ISBLANK($G58)),$C$42-$F$40-$F$42,"""")"
Avril 2026;58;C;C58;;"=IF(AND(NOT(ISBLANK($G57)),ISBLANK($G58)),""Reste réel"","""")"
Avril 2026;58;D;D58;;"=IF(AND(NOT(ISBLANK($G57)),ISBLANK($G58)),$C$42-$H$40-$F$42,"""")"
Avril 2026;58;G;G58;Cigarettes;
Avril 2026;58;H;H58;13;
Avril 2026;58;I;I58;x;
Avril 2026;58;J;J58;13;"=IF(I58=""x"",H58,0)"
Avril 2026;58;K;K58;Divers;
Avril 2026;59;A;A59;;"=IF(AND(NOT(ISBLANK(G58)),ISBLANK(G59)),""Reste prévu"","""")"
Avril 2026;59;B;B59;;"=IF(AND(NOT(ISBLANK($G58)),ISBLANK($G59)),$C$42-$F$40-$F$42,"""")"
Avril 2026;59;C;C59;;"=IF(AND(NOT(ISBLANK($G58)),ISBLANK($G59)),""Reste réel"","""")"
Avril 2026;59;D;D59;;"=IF(AND(NOT(ISBLANK($G58)),ISBLANK($G59)),$C$42-$H$40-$F$42,"""")"
Avril 2026;59;G;G59;Leclerc;
Avril 2026;59;H;H59;6.5;
Avril 2026;59;I;I59;x;
Avril 2026;59;J;J59;6.5;"=IF(I59=""x"",H59,0)"
Avril 2026;59;K;K59;Courses;
Avril 2026;60;A;A60;;"=IF(AND(NOT(ISBLANK(G59)),ISBLANK(G60)),""Reste prévu"","""")"
Avril 2026;60;B;B60;;"=IF(AND(NOT(ISBLANK($G59)),ISBLANK($G60)),$C$42-$F$40-$F$42,"""")"
Avril 2026;60;C;C60;;"=IF(AND(NOT(ISBLANK($G59)),ISBLANK($G60)),""Reste réel"","""")"
Avril 2026;60;D;D60;;"=IF(AND(NOT(ISBLANK($G59)),ISBLANK($G60)),$C$42-$H$40-$F$42,"""")"
Avril 2026;60;G;G60;Remboursement Elouen;
Avril 2026;60;H;H60;70;
Avril 2026;60;I;I60;x;
Avril 2026;60;J;J60;70;"=IF(I60=""x"",H60,0)"
Avril 2026;60;K;K60;Divers;
Avril 2026;61;A;A61;;"=IF(AND(NOT(ISBLANK(G60)),ISBLANK(G61)),""Reste prévu"","""")"
Avril 2026;61;B;B61;;"=IF(AND(NOT(ISBLANK($G60)),ISBLANK($G61)),$C$42-$F$40-$F$42,"""")"
Avril 2026;61;C;C61;;"=IF(AND(NOT(ISBLANK($G60)),ISBLANK($G61)),""Reste réel"","""")"
Avril 2026;61;D;D61;;"=IF(AND(NOT(ISBLANK($G60)),ISBLANK($G61)),$C$42-$H$40-$F$42,"""")"
Avril 2026;61;G;G61;Super U Erquy;
Avril 2026;61;H;H61;25.6;
Avril 2026;61;I;I61;x;
Avril 2026;61;J;J61;25.6;"=IF(I61=""x"",H61,0)"
Avril 2026;61;K;K61;Courses;
Avril 2026;62;A;A62;;"=IF(AND(NOT(ISBLANK(G61)),ISBLANK(G62)),""Reste prévu"","""")"
Avril 2026;62;B;B62;;"=IF(AND(NOT(ISBLANK($G61)),ISBLANK($G62)),$C$42-$F$40-$F$42,"""")"
Avril 2026;62;C;C62;;"=IF(AND(NOT(ISBLANK($G61)),ISBLANK($G62)),""Reste réel"","""")"
Avril 2026;62;D;D62;;"=IF(AND(NOT(ISBLANK($G61)),ISBLANK($G62)),$C$42-$H$40-$F$42,"""")"
Avril 2026;62;G;G62;Super U Erquy;
Avril 2026;62;H;H62;70.52;
Avril 2026;62;I;I62;x;
Avril 2026;62;J;J62;70.52;"=IF(I62=""x"",H62,0)"
Avril 2026;62;K;K62;Courses;
Avril 2026;63;A;A63;;"=IF(AND(NOT(ISBLANK(G62)),ISBLANK(G63)),""Reste prévu"","""")"
Avril 2026;63;B;B63;;"=IF(AND(NOT(ISBLANK($G62)),ISBLANK($G63)),$C$42-$F$40-$F$42,"""")"
Avril 2026;63;C;C63;;"=IF(AND(NOT(ISBLANK($G62)),ISBLANK($G63)),""Reste réel"","""")"
Avril 2026;63;D;D63;;"=IF(AND(NOT(ISBLANK($G62)),ISBLANK($G63)),$C$42-$H$40-$F$42,"""")"
Avril 2026;63;G;G63;Mr Bricolage;
Avril 2026;63;H;H63;55.05;
Avril 2026;63;I;I63;x;
Avril 2026;63;J;J63;55.05;"=IF(I63=""x"",H63,0)"
Avril 2026;63;K;K63;Bricolage/Travaux;
Avril 2026;64;A;A64;;"=IF(AND(NOT(ISBLANK(G63)),ISBLANK(G64)),""Reste prévu"","""")"
Avril 2026;64;B;B64;;"=IF(AND(NOT(ISBLANK($G63)),ISBLANK($G64)),$C$42-$F$40-$F$42,"""")"
Avril 2026;64;C;C64;;"=IF(AND(NOT(ISBLANK($G63)),ISBLANK($G64)),""Reste réel"","""")"
Avril 2026;64;D;D64;;"=IF(AND(NOT(ISBLANK($G63)),ISBLANK($G64)),$C$42-$H$40-$F$42,"""")"
Avril 2026;64;G;G64;La Villa;
Avril 2026;64;H;H64;154.5;
Avril 2026;64;I;I64;x;
Avril 2026;64;J;J64;154.5;"=IF(I64=""x"",H64,0)"
Avril 2026;64;K;K64;Loisirs;
Avril 2026;65;A;A65;;"=IF(AND(NOT(ISBLANK(G64)),ISBLANK(G65)),""Reste prévu"","""")"
Avril 2026;65;B;B65;;"=IF(AND(NOT(ISBLANK($G64)),ISBLANK($G65)),$C$42-$F$40-$F$42,"""")"
Avril 2026;65;C;C65;;"=IF(AND(NOT(ISBLANK($G64)),ISBLANK($G65)),""Reste réel"","""")"
Avril 2026;65;D;D65;;"=IF(AND(NOT(ISBLANK($G64)),ISBLANK($G65)),$C$42-$H$40-$F$42,"""")"
Avril 2026;65;G;G65;Leclerc;
Avril 2026;65;H;H65;245.57;
Avril 2026;65;I;I65;x;
Avril 2026;65;J;J65;245.57;"=IF(I65=""x"",H65,0)"
Avril 2026;65;K;K65;Courses;
Avril 2026;66;A;A66;;"=IF(AND(NOT(ISBLANK(G65)),ISBLANK(G66)),""Reste prévu"","""")"
Avril 2026;66;B;B66;;"=IF(AND(NOT(ISBLANK($G65)),ISBLANK($G66)),$C$42-$F$40-$F$42,"""")"
Avril 2026;66;C;C66;;"=IF(AND(NOT(ISBLANK($G65)),ISBLANK($G66)),""Reste réel"","""")"
Avril 2026;66;D;D66;;"=IF(AND(NOT(ISBLANK($G65)),ISBLANK($G66)),$C$42-$H$40-$F$42,"""")"
Avril 2026;66;G;G66;Boulangerie;
Avril 2026;66;H;H66;19.05;
Avril 2026;66;I;I66;x;
Avril 2026;66;J;J66;19.05;"=IF(I66=""x"",H66,0)"
Avril 2026;66;K;K66;Courses;
Avril 2026;67;A;A67;;"=IF(AND(NOT(ISBLANK(G66)),ISBLANK(G67)),""Reste prévu"","""")"
Avril 2026;67;B;B67;;"=IF(AND(NOT(ISBLANK($G66)),ISBLANK($G67)),$C$42-$F$40-$F$42,"""")"
Avril 2026;67;C;C67;;"=IF(AND(NOT(ISBLANK($G66)),ISBLANK($G67)),""Reste réel"","""")"
Avril 2026;67;D;D67;;"=IF(AND(NOT(ISBLANK($G66)),ISBLANK($G67)),$C$42-$H$40-$F$42,"""")"
Avril 2026;67;G;G67;Pharmacie;
Avril 2026;67;H;H67;106.64;
Avril 2026;67;I;I67;x;
Avril 2026;67;J;J67;106.64;"=IF(I67=""x"",H67,0)"
Avril 2026;67;K;K67;Soins;
Avril 2026;68;A;A68;;"=IF(AND(NOT(ISBLANK(G67)),ISBLANK(G68)),""Reste prévu"","""")"
Avril 2026;68;B;B68;;"=IF(AND(NOT(ISBLANK($G67)),ISBLANK($G68)),$C$42-$F$40-$F$42,"""")"
Avril 2026;68;C;C68;;"=IF(AND(NOT(ISBLANK($G67)),ISBLANK($G68)),""Reste réel"","""")"
Avril 2026;68;D;D68;;"=IF(AND(NOT(ISBLANK($G67)),ISBLANK($G68)),$C$42-$H$40-$F$42,"""")"
Avril 2026;68;G;G68;Train Arthur;
Avril 2026;68;H;H68;9;
Avril 2026;68;I;I68;x;
Avril 2026;68;J;J68;9;"=IF(I68=""x"",H68,0)"
Avril 2026;68;K;K68;Voiture/Déplacement;
Avril 2026;69;A;A69;;"=IF(AND(NOT(ISBLANK(G68)),ISBLANK(G69)),""Reste prévu"","""")"
Avril 2026;69;B;B69;;"=IF(AND(NOT(ISBLANK($G68)),ISBLANK($G69)),$C$42-$F$40-$F$42,"""")"
Avril 2026;69;C;C69;;"=IF(AND(NOT(ISBLANK($G68)),ISBLANK($G69)),""Reste réel"","""")"
Avril 2026;69;D;D69;;"=IF(AND(NOT(ISBLANK($G68)),ISBLANK($G69)),$C$42-$H$40-$F$42,"""")"
Avril 2026;69;G;G69;Chouquettes;
Avril 2026;69;H;H69;28.99;
Avril 2026;69;I;I69;x;
Avril 2026;69;J;J69;28.99;"=IF(I69=""x"",H69,0)"
Avril 2026;69;K;K69;Courses;
Avril 2026;70;A;A70;;"=IF(AND(NOT(ISBLANK(G69)),ISBLANK(G70)),""Reste prévu"","""")"
Avril 2026;70;B;B70;;"=IF(AND(NOT(ISBLANK($G69)),ISBLANK($G70)),$C$42-$F$40-$F$42,"""")"
Avril 2026;70;C;C70;;"=IF(AND(NOT(ISBLANK($G69)),ISBLANK($G70)),""Reste réel"","""")"
Avril 2026;70;D;D70;;"=IF(AND(NOT(ISBLANK($G69)),ISBLANK($G70)),$C$42-$H$40-$F$42,"""")"
Avril 2026;70;G;G70;Mr Bricolage;
Avril 2026;70;H;H70;12.3;
Avril 2026;70;I;I70;x;
Avril 2026;70;J;J70;12.3;"=IF(I70=""x"",H70,0)"
Avril 2026;70;K;K70;Bricolage/Travaux;
Avril 2026;71;A;A71;;"=IF(AND(NOT(ISBLANK(G70)),ISBLANK(G71)),""Reste prévu"","""")"
Avril 2026;71;B;B71;;"=IF(AND(NOT(ISBLANK($G70)),ISBLANK($G71)),$C$42-$F$40-$F$42,"""")"
Avril 2026;71;C;C71;;"=IF(AND(NOT(ISBLANK($G70)),ISBLANK($G71)),""Reste réel"","""")"
Avril 2026;71;D;D71;;"=IF(AND(NOT(ISBLANK($G70)),ISBLANK($G71)),$C$42-$H$40-$F$42,"""")"
Avril 2026;71;G;G71;Train Arthur;
Avril 2026;71;H;H71;9;
Avril 2026;71;I;I71;x;
Avril 2026;71;J;J71;9;"=IF(I71=""x"",H71,0)"
Avril 2026;71;K;K71;Voiture/Déplacement;
Avril 2026;72;A;A72;;"=IF(AND(NOT(ISBLANK(G71)),ISBLANK(G72)),""Reste prévu"","""")"
Avril 2026;72;B;B72;;"=IF(AND(NOT(ISBLANK($G71)),ISBLANK($G72)),$C$42-$F$40-$F$42,"""")"
Avril 2026;72;C;C72;;"=IF(AND(NOT(ISBLANK($G71)),ISBLANK($G72)),""Reste réel"","""")"
Avril 2026;72;D;D72;;"=IF(AND(NOT(ISBLANK($G71)),ISBLANK($G72)),$C$42-$H$40-$F$42,"""")"
Avril 2026;72;G;G72;Train Arthur;
Avril 2026;72;H;H72;9;
Avril 2026;72;I;I72;x;
Avril 2026;72;J;J72;9;"=IF(I72=""x"",H72,0)"
Avril 2026;72;K;K72;Voiture/Déplacement;
Avril 2026;73;A;A73;;"=IF(AND(NOT(ISBLANK(G72)),ISBLANK(G73)),""Reste prévu"","""")"
Avril 2026;73;B;B73;;"=IF(AND(NOT(ISBLANK($G72)),ISBLANK($G73)),$C$42-$F$40-$F$42,"""")"
Avril 2026;73;C;C73;;"=IF(AND(NOT(ISBLANK($G72)),ISBLANK($G73)),""Reste réel"","""")"
Avril 2026;73;D;D73;;"=IF(AND(NOT(ISBLANK($G72)),ISBLANK($G73)),$C$42-$H$40-$F$42,"""")"
Avril 2026;73;G;G73;Leclerc;
Avril 2026;73;H;H73;33.92;
Avril 2026;73;I;I73;x;
Avril 2026;73;J;J73;33.92;"=IF(I73=""x"",H73,0)"
Avril 2026;73;K;K73;Courses;
Avril 2026;74;A;A74;;"=IF(AND(NOT(ISBLANK(G73)),ISBLANK(G74)),""Reste prévu"","""")"
Avril 2026;74;B;B74;;"=IF(AND(NOT(ISBLANK($G73)),ISBLANK($G74)),$C$42-$F$40-$F$42,"""")"
Avril 2026;74;C;C74;;"=IF(AND(NOT(ISBLANK($G73)),ISBLANK($G74)),""Reste réel"","""")"
Avril 2026;74;D;D74;;"=IF(AND(NOT(ISBLANK($G73)),ISBLANK($G74)),$C$42-$H$40-$F$42,"""")"
Avril 2026;74;G;G74;Coiffeur Elouen;
Avril 2026;74;H;H74;85;
Avril 2026;74;I;I74;x;
Avril 2026;74;J;J74;85;"=IF(I74=""x"",H74,0)"
Avril 2026;74;K;K74;Soins;
Avril 2026;75;A;A75;;"=IF(AND(NOT(ISBLANK(G74)),ISBLANK(G75)),""Reste prévu"","""")"
Avril 2026;75;B;B75;;"=IF(AND(NOT(ISBLANK($G74)),ISBLANK($G75)),$C$42-$F$40-$F$42,"""")"
Avril 2026;75;C;C75;;"=IF(AND(NOT(ISBLANK($G74)),ISBLANK($G75)),""Reste réel"","""")"
Avril 2026;75;D;D75;;"=IF(AND(NOT(ISBLANK($G74)),ISBLANK($G75)),$C$42-$H$40-$F$42,"""")"
Avril 2026;75;G;G75;Remboursement Elouen;
Avril 2026;75;H;H75;187.9;
Avril 2026;75;I;I75;x;
Avril 2026;75;J;J75;187.9;"=IF(I75=""x"",H75,0)"
Avril 2026;75;K;K75;Divers;
Avril 2026;76;A;A76;;"=IF(AND(NOT(ISBLANK(G75)),ISBLANK(G76)),""Reste prévu"","""")"
Avril 2026;76;B;B76;;"=IF(AND(NOT(ISBLANK($G75)),ISBLANK($G76)),$C$42-$F$40-$F$42,"""")"
Avril 2026;76;C;C76;;"=IF(AND(NOT(ISBLANK($G75)),ISBLANK($G76)),""Reste réel"","""")"
Avril 2026;76;D;D76;;"=IF(AND(NOT(ISBLANK($G75)),ISBLANK($G76)),$C$42-$H$40-$F$42,"""")"
Avril 2026;76;G;G76;AGIOS;
Avril 2026;76;H;H76;5.77;
Avril 2026;76;I;I76;x;
Avril 2026;76;J;J76;5.77;"=IF(I76=""x"",H76,0)"
Avril 2026;76;K;K76;Divers;
Avril 2026;77;A;A77;;"=IF(AND(NOT(ISBLANK(G76)),ISBLANK(G77)),""Reste prévu"","""")"
Avril 2026;77;B;B77;;"=IF(AND(NOT(ISBLANK($G76)),ISBLANK($G77)),$C$42-$F$40-$F$42,"""")"
Avril 2026;77;C;C77;;"=IF(AND(NOT(ISBLANK($G76)),ISBLANK($G77)),""Reste réel"","""")"
Avril 2026;77;D;D77;;"=IF(AND(NOT(ISBLANK($G76)),ISBLANK($G77)),$C$42-$H$40-$F$42,"""")"
Avril 2026;77;G;G77;Quartaut;
Avril 2026;77;H;H77;30.4;
Avril 2026;77;I;I77;x;
Avril 2026;77;J;J77;30.4;"=IF(I77=""x"",H77,0)"
Avril 2026;77;K;K77;Courses;
Avril 2026;78;A;A78;;"=IF(AND(NOT(ISBLANK(G77)),ISBLANK(G78)),""Reste prévu"","""")"
Avril 2026;78;B;B78;;"=IF(AND(NOT(ISBLANK($G77)),ISBLANK($G78)),$C$42-$F$40-$F$42,"""")"
Avril 2026;78;C;C78;;"=IF(AND(NOT(ISBLANK($G77)),ISBLANK($G78)),""Reste réel"","""")"
Avril 2026;78;D;D78;;"=IF(AND(NOT(ISBLANK($G77)),ISBLANK($G78)),$C$42-$H$40-$F$42,"""")"
Avril 2026;78;G;G78;Mr Bricolage;
Avril 2026;78;H;H78;9.9;
Avril 2026;78;I;I78;x;
Avril 2026;78;J;J78;9.9;"=IF(I78=""x"",H78,0)"
Avril 2026;78;K;K78;Bricolage/Travaux;
Avril 2026;79;A;A79;;"=IF(AND(NOT(ISBLANK(G78)),ISBLANK(G79)),""Reste prévu"","""")"
Avril 2026;79;B;B79;;"=IF(AND(NOT(ISBLANK($G78)),ISBLANK($G79)),$C$42-$F$40-$F$42,"""")"
Avril 2026;79;C;C79;;"=IF(AND(NOT(ISBLANK($G78)),ISBLANK($G79)),""Reste réel"","""")"
Avril 2026;79;D;D79;;"=IF(AND(NOT(ISBLANK($G78)),ISBLANK($G79)),$C$42-$H$40-$F$42,"""")"
Avril 2026;79;G;G79;Leclerc;
Avril 2026;79;H;H79;6.33;
Avril 2026;79;I;I79;x;
Avril 2026;79;J;J79;6.33;"=IF(I79=""x"",H79,0)"
Avril 2026;79;K;K79;Courses;
Avril 2026;80;A;A80;;"=IF(AND(NOT(ISBLANK(G79)),ISBLANK(G80)),""Reste prévu"","""")"
Avril 2026;80;B;B80;;"=IF(AND(NOT(ISBLANK($G79)),ISBLANK($G80)),$C$42-$F$40-$F$42,"""")"
Avril 2026;80;C;C80;;"=IF(AND(NOT(ISBLANK($G79)),ISBLANK($G80)),""Reste réel"","""")"
Avril 2026;80;D;D80;;"=IF(AND(NOT(ISBLANK($G79)),ISBLANK($G80)),$C$42-$H$40-$F$42,"""")"
Avril 2026;80;G;G80;Leclerc;
Avril 2026;80;H;H80;237.92;
Avril 2026;80;I;I80;x;
Avril 2026;80;J;J80;237.92;"=IF(I80=""x"",H80,0)"
Avril 2026;80;K;K80;Courses;
Avril 2026;81;A;A81;;"=IF(AND(NOT(ISBLANK(G80)),ISBLANK(G81)),""Reste prévu"","""")"
Avril 2026;81;B;B81;;"=IF(AND(NOT(ISBLANK($G80)),ISBLANK($G81)),$C$42-$F$40-$F$42,"""")"
Avril 2026;81;C;C81;;"=IF(AND(NOT(ISBLANK($G80)),ISBLANK($G81)),""Reste réel"","""")"
Avril 2026;81;D;D81;;"=IF(AND(NOT(ISBLANK($G80)),ISBLANK($G81)),$C$42-$H$40-$F$42,"""")"
Avril 2026;81;G;G81;Réparation Vélo;
Avril 2026;81;H;H81;90;
Avril 2026;81;I;I81;x;
Avril 2026;81;J;J81;90;"=IF(I81=""x"",H81,0)"
Avril 2026;81;K;K81;Bricolage/Travaux;
Avril 2026;82;A;A82;;"=IF(AND(NOT(ISBLANK(G81)),ISBLANK(G82)),""Reste prévu"","""")"
Avril 2026;82;B;B82;;"=IF(AND(NOT(ISBLANK($G81)),ISBLANK($G82)),$C$42-$F$40-$F$42,"""")"
Avril 2026;82;C;C82;;"=IF(AND(NOT(ISBLANK($G81)),ISBLANK($G82)),""Reste réel"","""")"
Avril 2026;82;D;D82;;"=IF(AND(NOT(ISBLANK($G81)),ISBLANK($G82)),$C$42-$H$40-$F$42,"""")"
Avril 2026;82;G;G82;Cigarettes;
Avril 2026;82;H;H82;13;
Avril 2026;82;I;I82;x;
Avril 2026;82;J;J82;13;"=IF(I82=""x"",H82,0)"
Avril 2026;82;K;K82;Divers;
Avril 2026;83;A;A83;;"=IF(AND(NOT(ISBLANK(G82)),ISBLANK(G83)),""Reste prévu"","""")"
Avril 2026;83;B;B83;;"=IF(AND(NOT(ISBLANK($G82)),ISBLANK($G83)),$C$42-$F$40-$F$42,"""")"
Avril 2026;83;C;C83;;"=IF(AND(NOT(ISBLANK($G82)),ISBLANK($G83)),""Reste réel"","""")"
Avril 2026;83;D;D83;;"=IF(AND(NOT(ISBLANK($G82)),ISBLANK($G83)),$C$42-$H$40-$F$42,"""")"
Avril 2026;83;G;G83;Leclerc;
Avril 2026;83;H;H83;26.55;
Avril 2026;83;I;I83;x;
Avril 2026;83;J;J83;26.55;"=IF(I83=""x"",H83,0)"
Avril 2026;83;K;K83;Courses;
Avril 2026;84;A;A84;;"=IF(AND(NOT(ISBLANK(G83)),ISBLANK(G84)),""Reste prévu"","""")"
Avril 2026;84;B;B84;;"=IF(AND(NOT(ISBLANK($G83)),ISBLANK($G84)),$C$42-$F$40-$F$42,"""")"
Avril 2026;84;C;C84;;"=IF(AND(NOT(ISBLANK($G83)),ISBLANK($G84)),""Reste réel"","""")"
Avril 2026;84;D;D84;;"=IF(AND(NOT(ISBLANK($G83)),ISBLANK($G84)),$C$42-$H$40-$F$42,"""")"
Avril 2026;84;G;G84;L'obele;
Avril 2026;84;H;H84;20.4;
Avril 2026;84;I;I84;x;
Avril 2026;84;J;J84;20.4;"=IF(I84=""x"",H84,0)"
Avril 2026;84;K;K84;Divers;
Avril 2026;85;A;A85;;"=IF(AND(NOT(ISBLANK(G84)),ISBLANK(G85)),""Reste prévu"","""")"
Avril 2026;85;B;B85;;"=IF(AND(NOT(ISBLANK($G84)),ISBLANK($G85)),$C$42-$F$40-$F$42,"""")"
Avril 2026;85;C;C85;;"=IF(AND(NOT(ISBLANK($G84)),ISBLANK($G85)),""Reste réel"","""")"
Avril 2026;85;D;D85;;"=IF(AND(NOT(ISBLANK($G84)),ISBLANK($G85)),$C$42-$H$40-$F$42,"""")"
Avril 2026;85;G;G85;Carrefour Val André;
Avril 2026;85;H;H85;3.29;
Avril 2026;85;I;I85;x;
Avril 2026;85;J;J85;3.29;"=IF(I85=""x"",H85,0)"
Avril 2026;85;K;K85;Courses;
Avril 2026;86;A;A86;;"=IF(AND(NOT(ISBLANK(G85)),ISBLANK(G86)),""Reste prévu"","""")"
Avril 2026;86;B;B86;;"=IF(AND(NOT(ISBLANK($G85)),ISBLANK($G86)),$C$42-$F$40-$F$42,"""")"
Avril 2026;86;C;C86;;"=IF(AND(NOT(ISBLANK($G85)),ISBLANK($G86)),""Reste réel"","""")"
Avril 2026;86;D;D86;;"=IF(AND(NOT(ISBLANK($G85)),ISBLANK($G86)),$C$42-$H$40-$F$42,"""")"
Avril 2026;86;G;G86;FDJ;
Avril 2026;86;H;H86;25;
Avril 2026;86;I;I86;x;
Avril 2026;86;J;J86;25;"=IF(I86=""x"",H86,0)"
Avril 2026;86;K;K86;Divers;
Avril 2026;87;A;A87;;"=IF(AND(NOT(ISBLANK(G86)),ISBLANK(G87)),""Reste prévu"","""")"
Avril 2026;87;B;B87;;"=IF(AND(NOT(ISBLANK($G86)),ISBLANK($G87)),$C$42-$F$40-$F$42,"""")"
Avril 2026;87;C;C87;;"=IF(AND(NOT(ISBLANK($G86)),ISBLANK($G87)),""Reste réel"","""")"
Avril 2026;87;D;D87;;"=IF(AND(NOT(ISBLANK($G86)),ISBLANK($G87)),$C$42-$H$40-$F$42,"""")"
Avril 2026;87;G;G87;Leclerc;
Avril 2026;87;H;H87;43.39;
Avril 2026;87;I;I87;x;
Avril 2026;87;J;J87;43.39;"=IF(I87=""x"",H87,0)"
Avril 2026;87;K;K87;Courses;
Avril 2026;88;A;A88;;"=IF(AND(NOT(ISBLANK(G87)),ISBLANK(G88)),""Reste prévu"","""")"
Avril 2026;88;B;B88;;"=IF(AND(NOT(ISBLANK($G87)),ISBLANK($G88)),$C$42-$F$40-$F$42,"""")"
Avril 2026;88;C;C88;;"=IF(AND(NOT(ISBLANK($G87)),ISBLANK($G88)),""Reste réel"","""")"
Avril 2026;88;D;D88;;"=IF(AND(NOT(ISBLANK($G87)),ISBLANK($G88)),$C$42-$H$40-$F$42,"""")"
Avril 2026;88;G;G88;Compagnons Saisons;
Avril 2026;88;H;H88;79.8;
Avril 2026;88;I;I88;x;
Avril 2026;88;J;J88;79.8;"=IF(I88=""x"",H88,0)"
Avril 2026;88;K;K88;Divers;
Avril 2026;89;A;A89;;"=IF(AND(NOT(ISBLANK(G88)),ISBLANK(G89)),""Reste prévu"","""")"
Avril 2026;89;B;B89;;"=IF(AND(NOT(ISBLANK($G88)),ISBLANK($G89)),$C$42-$F$40-$F$42,"""")"
Avril 2026;89;C;C89;;"=IF(AND(NOT(ISBLANK($G88)),ISBLANK($G89)),""Reste réel"","""")"
Avril 2026;89;D;D89;;"=IF(AND(NOT(ISBLANK($G88)),ISBLANK($G89)),$C$42-$H$40-$F$42,"""")"
Avril 2026;89;G;G89;Appel;
Avril 2026;89;H;H89;0.99;
Avril 2026;89;I;I89;x;
Avril 2026;89;J;J89;0.99;"=IF(I89=""x"",H89,0)"
Avril 2026;89;K;K89;Internet/Téléphone;
Avril 2026;90;A;A90;;"=IF(AND(NOT(ISBLANK(G89)),ISBLANK(G90)),""Reste prévu"","""")"
Avril 2026;90;B;B90;;"=IF(AND(NOT(ISBLANK($G89)),ISBLANK($G90)),$C$42-$F$40-$F$42,"""")"
Avril 2026;90;C;C90;;"=IF(AND(NOT(ISBLANK($G89)),ISBLANK($G90)),""Reste réel"","""")"
Avril 2026;90;D;D90;;"=IF(AND(NOT(ISBLANK($G89)),ISBLANK($G90)),$C$42-$H$40-$F$42,"""")"
Avril 2026;90;G;G90;Butagaz;
Avril 2026;90;H;H90;26.95;
Avril 2026;90;I;I90;x;
Avril 2026;90;J;J90;26.95;"=IF(I90=""x"",H90,0)"
Avril 2026;90;K;K90;Charges;
Avril 2026;91;A;A91;;"=IF(AND(NOT(ISBLANK(G90)),ISBLANK(G91)),""Reste prévu"","""")"
Avril 2026;91;B;B91;;"=IF(AND(NOT(ISBLANK($G90)),ISBLANK($G91)),$C$42-$F$40-$F$42,"""")"
Avril 2026;91;C;C91;;"=IF(AND(NOT(ISBLANK($G90)),ISBLANK($G91)),""Reste réel"","""")"
Avril 2026;91;D;D91;;"=IF(AND(NOT(ISBLANK($G90)),ISBLANK($G91)),$C$42-$H$40-$F$42,"""")"
Avril 2026;91;G;G91;Remboursement Ael;
Avril 2026;91;H;H91;55.55;
Avril 2026;91;I;I91;x;
Avril 2026;91;J;J91;55.55;"=IF(I91=""x"",H91,0)"
Avril 2026;91;K;K91;Divers;
Avril 2026;92;A;A92;;"=IF(AND(NOT(ISBLANK(G91)),ISBLANK(G92)),""Reste prévu"","""")"
Avril 2026;92;B;B92;;"=IF(AND(NOT(ISBLANK($G91)),ISBLANK($G92)),$C$42-$F$40-$F$42,"""")"
Avril 2026;92;C;C92;;"=IF(AND(NOT(ISBLANK($G91)),ISBLANK($G92)),""Reste réel"","""")"
Avril 2026;92;D;D92;;"=IF(AND(NOT(ISBLANK($G91)),ISBLANK($G92)),$C$42-$H$40-$F$42,"""")"
Avril 2026;92;G;G92;Ordier Langueux;
Avril 2026;92;H;H92;36.89;
Avril 2026;92;I;I92;x;
Avril 2026;92;J;J92;36.89;"=IF(I92=""x"",H92,0)"
Avril 2026;92;K;K92;Divers;
Avril 2026;93;A;A93;;"=IF(AND(NOT(ISBLANK(G92)),ISBLANK(G93)),""Reste prévu"","""")"
Avril 2026;93;B;B93;;"=IF(AND(NOT(ISBLANK($G92)),ISBLANK($G93)),$C$42-$F$40-$F$42,"""")"
Avril 2026;93;C;C93;;"=IF(AND(NOT(ISBLANK($G92)),ISBLANK($G93)),""Reste réel"","""")"
Avril 2026;93;D;D93;;"=IF(AND(NOT(ISBLANK($G92)),ISBLANK($G93)),$C$42-$H$40-$F$42,"""")"
Avril 2026;93;G;G93;Leclerc;
Avril 2026;93;H;H93;206.12;
Avril 2026;93;I;I93;x;
Avril 2026;93;J;J93;206.12;"=IF(I93=""x"",H93,0)"
Avril 2026;93;K;K93;Courses;
Avril 2026;94;A;A94;;"=IF(AND(NOT(ISBLANK(G93)),ISBLANK(G94)),""Reste prévu"","""")"
Avril 2026;94;B;B94;;"=IF(AND(NOT(ISBLANK($G93)),ISBLANK($G94)),$C$42-$F$40-$F$42,"""")"
Avril 2026;94;C;C94;;"=IF(AND(NOT(ISBLANK($G93)),ISBLANK($G94)),""Reste réel"","""")"
Avril 2026;94;D;D94;;"=IF(AND(NOT(ISBLANK($G93)),ISBLANK($G94)),$C$42-$H$40-$F$42,"""")"
Avril 2026;94;G;G94;Leclerc;
Avril 2026;94;H;H94;49.44;
Avril 2026;94;I;I94;x;
Avril 2026;94;J;J94;49.44;"=IF(I94=""x"",H94,0)"
Avril 2026;94;K;K94;Courses;
Avril 2026;95;A;A95;;"=IF(AND(NOT(ISBLANK(G94)),ISBLANK(G95)),""Reste prévu"","""")"
Avril 2026;95;B;B95;;"=IF(AND(NOT(ISBLANK($G94)),ISBLANK($G95)),$C$42-$F$40-$F$42,"""")"
Avril 2026;95;C;C95;;"=IF(AND(NOT(ISBLANK($G94)),ISBLANK($G95)),""Reste réel"","""")"
Avril 2026;95;D;D95;;"=IF(AND(NOT(ISBLANK($G94)),ISBLANK($G95)),$C$42-$H$40-$F$42,"""")"
Avril 2026;95;G;G95;Midi à Tregeux;
Avril 2026;95;H;H95;16.1;
Avril 2026;95;I;I95;x;
Avril 2026;95;J;J95;16.1;"=IF(I95=""x"",H95,0)"
Avril 2026;95;K;K95;Courses;
Avril 2026;96;A;A96;;"=IF(AND(NOT(ISBLANK(G95)),ISBLANK(G96)),""Reste prévu"","""")"
Avril 2026;96;B;B96;;"=IF(AND(NOT(ISBLANK($G95)),ISBLANK($G96)),$C$42-$F$40-$F$42,"""")"
Avril 2026;96;C;C96;;"=IF(AND(NOT(ISBLANK($G95)),ISBLANK($G96)),""Reste réel"","""")"
Avril 2026;96;D;D96;;"=IF(AND(NOT(ISBLANK($G95)),ISBLANK($G96)),$C$42-$H$40-$F$42,"""")"
Avril 2026;96;G;G96;Mr Bricolage;
Avril 2026;96;H;H96;9.9;
Avril 2026;96;I;I96;x;
Avril 2026;96;J;J96;9.9;"=IF(I96=""x"",H96,0)"
Avril 2026;96;K;K96;Bricolage/Travaux;
Avril 2026;97;A;A97;;"=IF(AND(NOT(ISBLANK(G96)),ISBLANK(G97)),""Reste prévu"","""")"
Avril 2026;97;B;B97;;"=IF(AND(NOT(ISBLANK($G96)),ISBLANK($G97)),$C$42-$F$40-$F$42,"""")"
Avril 2026;97;C;C97;;"=IF(AND(NOT(ISBLANK($G96)),ISBLANK($G97)),""Reste réel"","""")"
Avril 2026;97;D;D97;;"=IF(AND(NOT(ISBLANK($G96)),ISBLANK($G97)),$C$42-$H$40-$F$42,"""")"
Avril 2026;97;G;G97;Leclerc;
Avril 2026;97;H;H97;65.61;
Avril 2026;97;I;I97;x;
Avril 2026;97;J;J97;65.61;"=IF(I97=""x"",H97,0)"
Avril 2026;97;K;K97;Courses;
Avril 2026;98;A;A98;;"=IF(AND(NOT(ISBLANK(G97)),ISBLANK(G98)),""Reste prévu"","""")"
Avril 2026;98;B;B98;;"=IF(AND(NOT(ISBLANK($G97)),ISBLANK($G98)),$C$42-$F$40-$F$42,"""")"
Avril 2026;98;C;C98;;"=IF(AND(NOT(ISBLANK($G97)),ISBLANK($G98)),""Reste réel"","""")"
Avril 2026;98;D;D98;;"=IF(AND(NOT(ISBLANK($G97)),ISBLANK($G98)),$C$42-$H$40-$F$42,"""")"
Avril 2026;98;G;G98;Leroy Merlin;
Avril 2026;98;H;H98;215.73;
Avril 2026;98;I;I98;x;
Avril 2026;98;J;J98;215.73;"=IF(I98=""x"",H98,0)"
Avril 2026;98;K;K98;Bricolage/Travaux;
Avril 2026;99;A;A99;;"=IF(AND(NOT(ISBLANK(G98)),ISBLANK(G99)),""Reste prévu"","""")"
Avril 2026;99;B;B99;;"=IF(AND(NOT(ISBLANK($G98)),ISBLANK($G99)),$C$42-$F$40-$F$42,"""")"
Avril 2026;99;C;C99;;"=IF(AND(NOT(ISBLANK($G98)),ISBLANK($G99)),""Reste réel"","""")"
Avril 2026;99;D;D99;;"=IF(AND(NOT(ISBLANK($G98)),ISBLANK($G99)),$C$42-$H$40-$F$42,"""")"
Avril 2026;99;G;G99;Supplement EuroCompte;
Avril 2026;99;H;H99;2.18;
Avril 2026;99;I;I99;x;
Avril 2026;99;J;J99;2.18;"=IF(I99=""x"",H99,0)"
Avril 2026;99;K;K99;Divers;
Avril 2026;100;A;A100;;"=IF(AND(NOT(ISBLANK(G99)),ISBLANK(G100)),""Reste prévu"","""")"
Avril 2026;100;B;B100;;"=IF(AND(NOT(ISBLANK($G99)),ISBLANK($G100)),$C$42-$F$40-$F$42,"""")"
Avril 2026;100;C;C100;;"=IF(AND(NOT(ISBLANK($G99)),ISBLANK($G100)),""Reste réel"","""")"
Avril 2026;100;D;D100;;"=IF(AND(NOT(ISBLANK($G99)),ISBLANK($G100)),$C$42-$H$40-$F$42,"""")"
Avril 2026;100;G;G100;Vinted;
Avril 2026;100;H;H100;19.33;
Avril 2026;100;I;I100;x;
Avril 2026;100;J;J100;19.33;"=IF(I100=""x"",H100,0)"
Avril 2026;100;K;K100;Vêtements;
Avril 2026;101;A;A101;;"=IF(AND(NOT(ISBLANK(G100)),ISBLANK(G101)),""Reste prévu"","""")"
Avril 2026;101;B;B101;;"=IF(AND(NOT(ISBLANK($G100)),ISBLANK($G101)),$C$42-$F$40-$F$42,"""")"
Avril 2026;101;C;C101;;"=IF(AND(NOT(ISBLANK($G100)),ISBLANK($G101)),""Reste réel"","""")"
Avril 2026;101;D;D101;;"=IF(AND(NOT(ISBLANK($G100)),ISBLANK($G101)),$C$42-$H$40-$F$42,"""")"
Avril 2026;101;G;G101;Le Redoute;
Avril 2026;101;H;H101;44.94;
Avril 2026;101;I;I101;x;
Avril 2026;101;J;J101;44.94;"=IF(I101=""x"",H101,0)"
Avril 2026;101;K;K101;Vêtements;
Avril 2026;102;A;A102;;"=IF(AND(NOT(ISBLANK(G101)),ISBLANK(G102)),""Reste prévu"","""")"
Avril 2026;102;B;B102;;"=IF(AND(NOT(ISBLANK($G101)),ISBLANK($G102)),$C$42-$F$40-$F$42,"""")"
Avril 2026;102;C;C102;;"=IF(AND(NOT(ISBLANK($G101)),ISBLANK($G102)),""Reste réel"","""")"
Avril 2026;102;D;D102;;"=IF(AND(NOT(ISBLANK($G101)),ISBLANK($G102)),$C$42-$H$40-$F$42,"""")"
Avril 2026;102;G;G102;Amazon;
Avril 2026;102;H;H102;19.98;
Avril 2026;102;I;I102;x;
Avril 2026;102;J;J102;19.98;"=IF(I102=""x"",H102,0)"
Avril 2026;102;K;K102;Vêtements;
Avril 2026;103;A;A103;;"=IF(AND(NOT(ISBLANK(G102)),ISBLANK(G103)),""Reste prévu"","""")"
Avril 2026;103;B;B103;;"=IF(AND(NOT(ISBLANK($G102)),ISBLANK($G103)),$C$42-$F$40-$F$42,"""")"
Avril 2026;103;C;C103;;"=IF(AND(NOT(ISBLANK($G102)),ISBLANK($G103)),""Reste réel"","""")"
Avril 2026;103;D;D103;;"=IF(AND(NOT(ISBLANK($G102)),ISBLANK($G103)),$C$42-$H$40-$F$42,"""")"
Avril 2026;103;G;G103;Amazon;
Avril 2026;103;H;H103;23.52;
Avril 2026;103;I;I103;x;
Avril 2026;103;J;J103;23.52;"=IF(I103=""x"",H103,0)"
Avril 2026;103;K;K103;Vêtements;
Avril 2026;104;A;A104;;"=IF(AND(NOT(ISBLANK(G103)),ISBLANK(G104)),""Reste prévu"","""")"
Avril 2026;104;B;B104;;"=IF(AND(NOT(ISBLANK($G103)),ISBLANK($G104)),$C$42-$F$40-$F$42,"""")"
Avril 2026;104;C;C104;;"=IF(AND(NOT(ISBLANK($G103)),ISBLANK($G104)),""Reste réel"","""")"
Avril 2026;104;D;D104;;"=IF(AND(NOT(ISBLANK($G103)),ISBLANK($G104)),$C$42-$H$40-$F$42,"""")"
Avril 2026;104;G;G104;Café Cesar Toulouse;
Avril 2026;104;H;H104;18.5;
Avril 2026;104;I;I104;x;
Avril 2026;104;J;J104;18.5;"=IF(I104=""x"",H104,0)"
Avril 2026;104;K;K104;Courses;
Avril 2026;105;A;A105;;"=IF(AND(NOT(ISBLANK(G104)),ISBLANK(G105)),""Reste prévu"","""")"
Avril 2026;105;B;B105;;"=IF(AND(NOT(ISBLANK($G104)),ISBLANK($G105)),$C$42-$F$40-$F$42,"""")"
Avril 2026;105;C;C105;;"=IF(AND(NOT(ISBLANK($G104)),ISBLANK($G105)),""Reste réel"","""")"
Avril 2026;105;D;D105;;"=IF(AND(NOT(ISBLANK($G104)),ISBLANK($G105)),$C$42-$H$40-$F$42,"""")"
Avril 2026;105;G;G105;Leclerc;
Avril 2026;105;H;H105;83.55;
Avril 2026;105;I;I105;x;
Avril 2026;105;J;J105;83.55;"=IF(I105=""x"",H105,0)"
Avril 2026;105;K;K105;Courses;
Avril 2026;106;A;A106;;"=IF(AND(NOT(ISBLANK(G105)),ISBLANK(G106)),""Reste prévu"","""")"
Avril 2026;106;B;B106;;"=IF(AND(NOT(ISBLANK($G105)),ISBLANK($G106)),$C$42-$F$40-$F$42,"""")"
Avril 2026;106;C;C106;;"=IF(AND(NOT(ISBLANK($G105)),ISBLANK($G106)),""Reste réel"","""")"
Avril 2026;106;D;D106;;"=IF(AND(NOT(ISBLANK($G105)),ISBLANK($G106)),$C$42-$H$40-$F$42,"""")"
Avril 2026;106;G;G106;FDJ;
Avril 2026;106;H;H106;25;
Avril 2026;106;I;I106;x;
Avril 2026;106;J;J106;25;"=IF(I106=""x"",H106,0)"
Avril 2026;106;K;K106;Divers;
Avril 2026;107;A;A107;;"=IF(AND(NOT(ISBLANK(G106)),ISBLANK(G107)),""Reste prévu"","""")"
Avril 2026;107;B;B107;;"=IF(AND(NOT(ISBLANK($G106)),ISBLANK($G107)),$C$42-$F$40-$F$42,"""")"
Avril 2026;107;C;C107;;"=IF(AND(NOT(ISBLANK($G106)),ISBLANK($G107)),""Reste réel"","""")"
Avril 2026;107;D;D107;;"=IF(AND(NOT(ISBLANK($G106)),ISBLANK($G107)),$C$42-$H$40-$F$42,"""")"
Avril 2026;107;G;G107;Virement Stephanie Charrier;
Avril 2026;107;H;H107;21;
Avril 2026;107;I;I107;x;
Avril 2026;107;J;J107;21;"=IF(I107=""x"",H107,0)"
Avril 2026;107;K;K107;Divers;
Avril 2026;108;A;A108;;"=IF(AND(NOT(ISBLANK(G107)),ISBLANK(G108)),""Reste prévu"","""")"
Avril 2026;108;B;B108;;"=IF(AND(NOT(ISBLANK($G107)),ISBLANK($G108)),$C$42-$F$40-$F$42,"""")"
Avril 2026;108;C;C108;;"=IF(AND(NOT(ISBLANK($G107)),ISBLANK($G108)),""Reste réel"","""")"
Avril 2026;108;D;D108;;"=IF(AND(NOT(ISBLANK($G107)),ISBLANK($G108)),$C$42-$H$40-$F$42,"""")"
Avril 2026;108;G;G108;Billard Toulouse;
Avril 2026;108;H;H108;21.15;
Avril 2026;108;I;I108;x;
Avril 2026;108;J;J108;21.15;"=IF(I108=""x"",H108,0)"
Avril 2026;108;K;K108;Loisirs;
Avril 2026;109;A;A109;;"=IF(AND(NOT(ISBLANK(G108)),ISBLANK(G109)),""Reste prévu"","""")"
Avril 2026;109;B;B109;;"=IF(AND(NOT(ISBLANK($G108)),ISBLANK($G109)),$C$42-$F$40-$F$42,"""")"
Avril 2026;109;C;C109;;"=IF(AND(NOT(ISBLANK($G108)),ISBLANK($G109)),""Reste réel"","""")"
Avril 2026;109;D;D109;;"=IF(AND(NOT(ISBLANK($G108)),ISBLANK($G109)),$C$42-$H$40-$F$42,"""")"
Avril 2026;109;G;G109;Cigarettes;
Avril 2026;109;H;H109;13;
Avril 2026;109;I;I109;x;
Avril 2026;109;J;J109;13;"=IF(I109=""x"",H109,0)"
Avril 2026;109;K;K109;Divers;
Avril 2026;110;A;A110;;"=IF(AND(NOT(ISBLANK(G109)),ISBLANK(G110)),""Reste prévu"","""")"
Avril 2026;110;B;B110;;"=IF(AND(NOT(ISBLANK($G109)),ISBLANK($G110)),$C$42-$F$40-$F$42,"""")"
Avril 2026;110;C;C110;;"=IF(AND(NOT(ISBLANK($G109)),ISBLANK($G110)),""Reste réel"","""")"
Avril 2026;110;D;D110;;"=IF(AND(NOT(ISBLANK($G109)),ISBLANK($G110)),$C$42-$H$40-$F$42,"""")"
Avril 2026;110;G;G110;Monde du Chocolat;
Avril 2026;110;H;H110;33.25;
Avril 2026;110;I;I110;x;
Avril 2026;110;J;J110;33.25;"=IF(I110=""x"",H110,0)"
Avril 2026;110;K;K110;Courses;
Avril 2026;111;A;A111;;"=IF(AND(NOT(ISBLANK(G110)),ISBLANK(G111)),""Reste prévu"","""")"
Avril 2026;111;B;B111;;"=IF(AND(NOT(ISBLANK($G110)),ISBLANK($G111)),$C$42-$F$40-$F$42,"""")"
Avril 2026;111;C;C111;;"=IF(AND(NOT(ISBLANK($G110)),ISBLANK($G111)),""Reste réel"","""")"
Avril 2026;111;D;D111;;"=IF(AND(NOT(ISBLANK($G110)),ISBLANK($G111)),$C$42-$H$40-$F$42,"""")"
Avril 2026;111;G;G111;Hand Cesson;
Avril 2026;111;H;H111;27.5;
Avril 2026;111;I;I111;x;
Avril 2026;111;J;J111;27.5;"=IF(I111=""x"",H111,0)"
Avril 2026;111;K;K111;Loisirs;
Avril 2026;112;A;A112;;"=IF(AND(NOT(ISBLANK(G111)),ISBLANK(G112)),""Reste prévu"","""")"
Avril 2026;112;B;B112;;"=IF(AND(NOT(ISBLANK($G111)),ISBLANK($G112)),$C$42-$F$40-$F$42,"""")"
Avril 2026;112;C;C112;;"=IF(AND(NOT(ISBLANK($G111)),ISBLANK($G112)),""Reste réel"","""")"
Avril 2026;112;D;D112;;"=IF(AND(NOT(ISBLANK($G111)),ISBLANK($G112)),$C$42-$H$40-$F$42,"""")"
Avril 2026;112;G;G112;Piment Lamballe;
Avril 2026;112;H;H112;119;
Avril 2026;112;I;I112;x;
Avril 2026;112;J;J112;119;"=IF(I112=""x"",H112,0)"
Avril 2026;112;K;K112;Vêtements;
Avril 2026;113;A;A113;;"=IF(AND(NOT(ISBLANK(G112)),ISBLANK(G113)),""Reste prévu"","""")"
Avril 2026;113;B;B113;;"=IF(AND(NOT(ISBLANK($G112)),ISBLANK($G113)),$C$42-$F$40-$F$42,"""")"
Avril 2026;113;C;C113;;"=IF(AND(NOT(ISBLANK($G112)),ISBLANK($G113)),""Reste réel"","""")"
Avril 2026;113;D;D113;;"=IF(AND(NOT(ISBLANK($G112)),ISBLANK($G113)),$C$42-$H$40-$F$42,"""")"
Avril 2026;113;G;G113;Star Metro;
Avril 2026;113;H;H113;1.7;
Avril 2026;113;I;I113;x;
Avril 2026;113;J;J113;1.7;"=IF(I113=""x"",H113,0)"
Avril 2026;113;K;K113;Voiture/Déplacement;
Avril 2026;114;A;A114;;"=IF(AND(NOT(ISBLANK(G113)),ISBLANK(G114)),""Reste prévu"","""")"
Avril 2026;114;B;B114;;"=IF(AND(NOT(ISBLANK($G113)),ISBLANK($G114)),$C$42-$F$40-$F$42,"""")"
Avril 2026;114;C;C114;;"=IF(AND(NOT(ISBLANK($G113)),ISBLANK($G114)),""Reste réel"","""")"
Avril 2026;114;D;D114;;"=IF(AND(NOT(ISBLANK($G113)),ISBLANK($G114)),$C$42-$H$40-$F$42,"""")"
Avril 2026;114;G;G114;Hand Cesson;
Avril 2026;114;H;H114;34;
Avril 2026;114;I;I114;x;
Avril 2026;114;J;J114;34;"=IF(I114=""x"",H114,0)"
Avril 2026;114;K;K114;Loisirs;
Avril 2026;115;A;A115;;"=IF(AND(NOT(ISBLANK(G114)),ISBLANK(G115)),""Reste prévu"","""")"
Avril 2026;115;B;B115;;"=IF(AND(NOT(ISBLANK($G114)),ISBLANK($G115)),$C$42-$F$40-$F$42,"""")"
Avril 2026;115;C;C115;;"=IF(AND(NOT(ISBLANK($G114)),ISBLANK($G115)),""Reste réel"","""")"
Avril 2026;115;D;D115;;"=IF(AND(NOT(ISBLANK($G114)),ISBLANK($G115)),$C$42-$H$40-$F$42,"""")"
Avril 2026;115;G;G115;Leclerc;
Avril 2026;115;H;H115;3.9;
Avril 2026;115;I;I115;x;
Avril 2026;115;J;J115;3.9;"=IF(I115=""x"",H115,0)"
Avril 2026;115;K;K115;Courses;
Avril 2026;116;A;A116;;"=IF(AND(NOT(ISBLANK(G115)),ISBLANK(G116)),""Reste prévu"","""")"
Avril 2026;116;B;B116;;"=IF(AND(NOT(ISBLANK($G115)),ISBLANK($G116)),$C$42-$F$40-$F$42,"""")"
Avril 2026;116;C;C116;;"=IF(AND(NOT(ISBLANK($G115)),ISBLANK($G116)),""Reste réel"","""")"
Avril 2026;116;D;D116;;"=IF(AND(NOT(ISBLANK($G115)),ISBLANK($G116)),$C$42-$H$40-$F$42,"""")"
Avril 2026;116;G;G116;Carrefour Val André;
Avril 2026;116;H;H116;6.81;
Avril 2026;116;I;I116;x;
Avril 2026;116;J;J116;6.81;"=IF(I116=""x"",H116,0)"
Avril 2026;116;K;K116;Courses;
Avril 2026;117;A;A117;;"=IF(AND(NOT(ISBLANK(G116)),ISBLANK(G117)),""Reste prévu"","""")"
Avril 2026;117;B;B117;;"=IF(AND(NOT(ISBLANK($G116)),ISBLANK($G117)),$C$42-$F$40-$F$42,"""")"
Avril 2026;117;C;C117;;"=IF(AND(NOT(ISBLANK($G116)),ISBLANK($G117)),""Reste réel"","""")"
Avril 2026;117;D;D117;;"=IF(AND(NOT(ISBLANK($G116)),ISBLANK($G117)),$C$42-$H$40-$F$42,"""")"
Avril 2026;117;G;G117;Buvette Coquille;
Avril 2026;117;H;H117;1;
Avril 2026;117;I;I117;x;
Avril 2026;117;J;J117;1;"=IF(I117=""x"",H117,0)"
Avril 2026;117;K;K117;Loisirs;
Avril 2026;118;A;A118;;"=IF(AND(NOT(ISBLANK(G117)),ISBLANK(G118)),""Reste prévu"","""")"
Avril 2026;118;B;B118;;"=IF(AND(NOT(ISBLANK($G117)),ISBLANK($G118)),$C$42-$F$40-$F$42,"""")"
Avril 2026;118;C;C118;;"=IF(AND(NOT(ISBLANK($G117)),ISBLANK($G118)),""Reste réel"","""")"
Avril 2026;118;D;D118;;"=IF(AND(NOT(ISBLANK($G117)),ISBLANK($G118)),$C$42-$H$40-$F$42,"""")"
Avril 2026;118;G;G118;Buvette Coquille;
Avril 2026;118;H;H118;4;
Avril 2026;118;I;I118;x;
Avril 2026;118;J;J118;4;"=IF(I118=""x"",H118,0)"
Avril 2026;118;K;K118;Loisirs;
Avril 2026;119;A;A119;;"=IF(AND(NOT(ISBLANK(G118)),ISBLANK(G119)),""Reste prévu"","""")"
Avril 2026;119;B;B119;;"=IF(AND(NOT(ISBLANK($G118)),ISBLANK($G119)),$C$42-$F$40-$F$42,"""")"
Avril 2026;119;C;C119;;"=IF(AND(NOT(ISBLANK($G118)),ISBLANK($G119)),""Reste réel"","""")"
Avril 2026;119;D;D119;;"=IF(AND(NOT(ISBLANK($G118)),ISBLANK($G119)),$C$42-$H$40-$F$42,"""")"
Avril 2026;119;G;G119;La Villa;
Avril 2026;119;H;H119;5;
Avril 2026;119;I;I119;x;
Avril 2026;119;J;J119;5;"=IF(I119=""x"",H119,0)"
Avril 2026;119;K;K119;Loisirs;
Avril 2026;120;A;A120;;"=IF(AND(NOT(ISBLANK(G119)),ISBLANK(G120)),""Reste prévu"","""")"
Avril 2026;120;B;B120;;"=IF(AND(NOT(ISBLANK($G119)),ISBLANK($G120)),$C$42-$F$40-$F$42,"""")"
Avril 2026;120;C;C120;;"=IF(AND(NOT(ISBLANK($G119)),ISBLANK($G120)),""Reste réel"","""")"
Avril 2026;120;D;D120;;"=IF(AND(NOT(ISBLANK($G119)),ISBLANK($G120)),$C$42-$H$40-$F$42,"""")"
Avril 2026;120;G;G120;Galettes et Fourchettes;
Avril 2026;120;H;H120;5.4;
Avril 2026;120;I;I120;x;
Avril 2026;120;J;J120;5.4;"=IF(I120=""x"",H120,0)"
Avril 2026;120;K;K120;Courses;
Avril 2026;121;A;A121;;"=IF(AND(NOT(ISBLANK(G120)),ISBLANK(G121)),""Reste prévu"","""")"
Avril 2026;121;B;B121;;"=IF(AND(NOT(ISBLANK($G120)),ISBLANK($G121)),$C$42-$F$40-$F$42,"""")"
Avril 2026;121;C;C121;;"=IF(AND(NOT(ISBLANK($G120)),ISBLANK($G121)),""Reste réel"","""")"
Avril 2026;121;D;D121;;"=IF(AND(NOT(ISBLANK($G120)),ISBLANK($G121)),$C$42-$H$40-$F$42,"""")"
Avril 2026;121;G;G121;Cigarettes;
Avril 2026;121;H;H121;13;
Avril 2026;121;I;I121;x;
Avril 2026;121;J;J121;13;"=IF(I121=""x"",H121,0)"
Avril 2026;121;K;K121;Divers;
Avril 2026;122;A;A122;;"=IF(AND(NOT(ISBLANK(G121)),ISBLANK(G122)),""Reste prévu"","""")"
Avril 2026;122;B;B122;;"=IF(AND(NOT(ISBLANK($G121)),ISBLANK($G122)),$C$42-$F$40-$F$42,"""")"
Avril 2026;122;C;C122;;"=IF(AND(NOT(ISBLANK($G121)),ISBLANK($G122)),""Reste réel"","""")"
Avril 2026;122;D;D122;;"=IF(AND(NOT(ISBLANK($G121)),ISBLANK($G122)),$C$42-$H$40-$F$42,"""")"
Avril 2026;122;G;G122;La Villa;
Avril 2026;122;H;H122;51;
Avril 2026;122;I;I122;x;
Avril 2026;122;J;J122;51;"=IF(I122=""x"",H122,0)"
Avril 2026;122;K;K122;Loisirs;
Avril 2026;123;A;A123;;"=IF(AND(NOT(ISBLANK(G122)),ISBLANK(G123)),""Reste prévu"","""")"
Avril 2026;123;B;B123;;"=IF(AND(NOT(ISBLANK($G122)),ISBLANK($G123)),$C$42-$F$40-$F$42,"""")"
Avril 2026;123;C;C123;;"=IF(AND(NOT(ISBLANK($G122)),ISBLANK($G123)),""Reste réel"","""")"
Avril 2026;123;D;D123;;"=IF(AND(NOT(ISBLANK($G122)),ISBLANK($G123)),$C$42-$H$40-$F$42,"""")"
Avril 2026;123;G;G123;Leclerc;
Avril 2026;123;H;H123;27.43;
Avril 2026;123;I;I123;x;
Avril 2026;123;J;J123;27.43;"=IF(I123=""x"",H123,0)"
Avril 2026;123;K;K123;Assurances/Mutuelle;
Avril 2026;124;A;A124;;"=IF(AND(NOT(ISBLANK(G123)),ISBLANK(G124)),""Reste prévu"","""")"
Avril 2026;124;B;B124;;"=IF(AND(NOT(ISBLANK($G123)),ISBLANK($G124)),$C$42-$F$40-$F$42,"""")"
Avril 2026;124;C;C124;;"=IF(AND(NOT(ISBLANK($G123)),ISBLANK($G124)),""Reste réel"","""")"
Avril 2026;124;D;D124;;"=IF(AND(NOT(ISBLANK($G123)),ISBLANK($G124)),$C$42-$H$40-$F$42,"""")"
Avril 2026;124;G;G124;Truffaut;
Avril 2026;124;H;H124;24.99;
Avril 2026;124;I;I124;x;
Avril 2026;124;J;J124;24.99;"=IF(I124=""x"",H124,0)"
Avril 2026;124;K;K124;Cadeau;
Avril 2026;125;A;A125;;"=IF(AND(NOT(ISBLANK(G124)),ISBLANK(G125)),""Reste prévu"","""")"
Avril 2026;125;B;B125;;"=IF(AND(NOT(ISBLANK($G124)),ISBLANK($G125)),$C$42-$F$40-$F$42,"""")"
Avril 2026;125;C;C125;;"=IF(AND(NOT(ISBLANK($G124)),ISBLANK($G125)),""Reste réel"","""")"
Avril 2026;125;D;D125;;"=IF(AND(NOT(ISBLANK($G124)),ISBLANK($G125)),$C$42-$H$40-$F$42,"""")"
Avril 2026;125;G;G125;Leroy Merlin;
Avril 2026;125;H;H125;25.63;
Avril 2026;125;I;I125;x;
Avril 2026;125;J;J125;25.63;"=IF(I125=""x"",H125,0)"
Avril 2026;125;K;K125;Bricolage/Travaux;
Avril 2026;126;A;A126;;"=IF(AND(NOT(ISBLANK(G125)),ISBLANK(G126)),""Reste prévu"","""")"
Avril 2026;126;B;B126;;"=IF(AND(NOT(ISBLANK($G125)),ISBLANK($G126)),$C$42-$F$40-$F$42,"""")"
Avril 2026;126;C;C126;;"=IF(AND(NOT(ISBLANK($G125)),ISBLANK($G126)),""Reste réel"","""")"
Avril 2026;126;D;D126;;"=IF(AND(NOT(ISBLANK($G125)),ISBLANK($G126)),$C$42-$H$40-$F$42,"""")"
Avril 2026;126;G;G126;Café capsule;
Avril 2026;126;H;H126;47.84;
Avril 2026;126;I;I126;x;
Avril 2026;126;J;J126;47.84;"=IF(I126=""x"",H126,0)"
Avril 2026;126;K;K126;Courses;
Avril 2026;127;A;A127;;"=IF(AND(NOT(ISBLANK(G126)),ISBLANK(G127)),""Reste prévu"","""")"
Avril 2026;127;B;B127;;"=IF(AND(NOT(ISBLANK($G126)),ISBLANK($G127)),$C$42-$F$40-$F$42,"""")"
Avril 2026;127;C;C127;;"=IF(AND(NOT(ISBLANK($G126)),ISBLANK($G127)),""Reste réel"","""")"
Avril 2026;127;D;D127;;"=IF(AND(NOT(ISBLANK($G126)),ISBLANK($G127)),$C$42-$H$40-$F$42,"""")"
Avril 2026;127;G;G127;Leclerc;
Avril 2026;127;H;H127;121.88;
Avril 2026;127;I;I127;x;
Avril 2026;127;J;J127;121.88;"=IF(I127=""x"",H127,0)"
Avril 2026;127;K;K127;Courses;
Avril 2026;128;A;A128;;"=IF(AND(NOT(ISBLANK(G127)),ISBLANK(G128)),""Reste prévu"","""")"
Avril 2026;128;B;B128;;"=IF(AND(NOT(ISBLANK($G127)),ISBLANK($G128)),$C$42-$F$40-$F$42,"""")"
Avril 2026;128;C;C128;;"=IF(AND(NOT(ISBLANK($G127)),ISBLANK($G128)),""Reste réel"","""")"
Avril 2026;128;D;D128;;"=IF(AND(NOT(ISBLANK($G127)),ISBLANK($G128)),$C$42-$H$40-$F$42,"""")"
Avril 2026;128;G;G128;Cultura;
Avril 2026;128;H;H128;53.43;
Avril 2026;128;I;I128;x;
Avril 2026;128;J;J128;53.43;"=IF(I128=""x"",H128,0)"
Avril 2026;128;K;K128;Loisirs;
Avril 2026;129;A;A129;;"=IF(AND(NOT(ISBLANK(G128)),ISBLANK(G129)),""Reste prévu"","""")"
Avril 2026;129;B;B129;;"=IF(AND(NOT(ISBLANK($G128)),ISBLANK($G129)),$C$42-$F$40-$F$42,"""")"
Avril 2026;129;C;C129;;"=IF(AND(NOT(ISBLANK($G128)),ISBLANK($G129)),""Reste réel"","""")"
Avril 2026;129;D;D129;;"=IF(AND(NOT(ISBLANK($G128)),ISBLANK($G129)),$C$42-$H$40-$F$42,"""")"
Avril 2026;129;G;G129;Leclerc;
Avril 2026;129;H;H129;25.5;
Avril 2026;129;I;I129;x;
Avril 2026;129;J;J129;25.5;"=IF(I129=""x"",H129,0)"
Avril 2026;129;K;K129;Courses;
Avril 2026;130;A;A130;Reste prévu;"=IF(AND(NOT(ISBLANK(G129)),ISBLANK(G130)),""Reste prévu"","""")"
Avril 2026;130;B;B130;#REF!;"=IF(AND(NOT(ISBLANK($G129)),ISBLANK($G130)),$C$42-$F$40-$F$42,"""")"
Avril 2026;130;C;C130;Reste réel;"=IF(AND(NOT(ISBLANK($G129)),ISBLANK($G130)),""Reste réel"","""")"
Avril 2026;130;D;D130;#REF!;"=IF(AND(NOT(ISBLANK($G129)),ISBLANK($G130)),$C$42-$H$40-$F$42,"""")"
Avril 2026;130;J;J130;0;"=IF(I130=""x"",H130,0)"
Avril 2026;130;K;K130;Cadeau;
Avril 2026;131;A;A131;;"=IF(AND(NOT(ISBLANK(G130)),ISBLANK(G131)),""Reste prévu"","""")"
Avril 2026;131;B;B131;;"=IF(AND(NOT(ISBLANK($G130)),ISBLANK($G131)),$C$42-$F$40-$F$42,"""")"
Avril 2026;131;C;C131;;"=IF(AND(NOT(ISBLANK($G130)),ISBLANK($G131)),""Reste réel"","""")"
Avril 2026;131;D;D131;;"=IF(AND(NOT(ISBLANK($G130)),ISBLANK($G131)),$C$42-$H$40-$F$42,"""")"
Avril 2026;131;J;J131;0;"=IF(I131=""x"",H131,0)"
Avril 2026;131;K;K131;Courses;
Avril 2026;132;A;A132;;"=IF(AND(NOT(ISBLANK(G131)),ISBLANK(G132)),""Reste prévu"","""")"
Avril 2026;132;B;B132;;"=IF(AND(NOT(ISBLANK($G131)),ISBLANK($G132)),$C$42-$F$40-$F$42,"""")"
Avril 2026;132;C;C132;;"=IF(AND(NOT(ISBLANK($G131)),ISBLANK($G132)),""Reste réel"","""")"
Avril 2026;132;D;D132;;"=IF(AND(NOT(ISBLANK($G131)),ISBLANK($G132)),$C$42-$H$40-$F$42,"""")"
Avril 2026;132;J;J132;0;"=IF(I132=""x"",H132,0)"
Avril 2026;132;K;K132;Courses;
Avril 2026;133;A;A133;;"=IF(AND(NOT(ISBLANK(G132)),ISBLANK(G133)),""Reste prévu"","""")"
Avril 2026;133;B;B133;;"=IF(AND(NOT(ISBLANK($G132)),ISBLANK($G133)),$C$42-$F$40-$F$42,"""")"
Avril 2026;133;C;C133;;"=IF(AND(NOT(ISBLANK($G132)),ISBLANK($G133)),""Reste réel"","""")"
Avril 2026;133;D;D133;;"=IF(AND(NOT(ISBLANK($G132)),ISBLANK($G133)),$C$42-$H$40-$F$42,"""")"
Avril 2026;133;J;J133;0;"=IF(I133=""x"",H133,0)"
Avril 2026;133;K;K133;Divers;
Avril 2026;134;A;A134;;"=IF(AND(NOT(ISBLANK(G133)),ISBLANK(G134)),""Reste prévu"","""")"
Avril 2026;134;B;B134;;"=IF(AND(NOT(ISBLANK($G133)),ISBLANK($G134)),$C$42-$F$40-$F$42,"""")"
Avril 2026;134;C;C134;;"=IF(AND(NOT(ISBLANK($G133)),ISBLANK($G134)),""Reste réel"","""")"
Avril 2026;134;D;D134;;"=IF(AND(NOT(ISBLANK($G133)),ISBLANK($G134)),$C$42-$H$40-$F$42,"""")"
Avril 2026;134;J;J134;0;"=IF(I134=""x"",H134,0)"
Avril 2026;134;K;K134;Cadeau;
Avril 2026;135;A;A135;;"=IF(AND(NOT(ISBLANK(G134)),ISBLANK(G135)),""Reste prévu"","""")"
Avril 2026;135;B;B135;;"=IF(AND(NOT(ISBLANK($G134)),ISBLANK($G135)),$C$42-$F$40-$F$42,"""")"
Avril 2026;135;C;C135;;"=IF(AND(NOT(ISBLANK($G134)),ISBLANK($G135)),""Reste réel"","""")"
Avril 2026;135;D;D135;;"=IF(AND(NOT(ISBLANK($G134)),ISBLANK($G135)),$C$42-$H$40-$F$42,"""")"
Avril 2026;135;J;J135;0;"=IF(I135=""x"",H135,0)"
Avril 2026;135;K;K135;Courses;
Avril 2026;136;A;A136;;"=IF(AND(NOT(ISBLANK(G135)),ISBLANK(G136)),""Reste prévu"","""")"
Avril 2026;136;B;B136;;"=IF(AND(NOT(ISBLANK($G135)),ISBLANK($G136)),$C$42-$F$40-$F$42,"""")"
Avril 2026;136;C;C136;;"=IF(AND(NOT(ISBLANK($G135)),ISBLANK($G136)),""Reste réel"","""")"
Avril 2026;136;D;D136;;"=IF(AND(NOT(ISBLANK($G135)),ISBLANK($G136)),$C$42-$H$40-$F$42,"""")"
Avril 2026;136;J;J136;0;"=IF(I136=""x"",H136,0)"
Avril 2026;136;K;K136;Voiture/Déplacement;
Avril 2026;137;A;A137;;"=IF(AND(NOT(ISBLANK(G136)),ISBLANK(G137)),""Reste prévu"","""")"
Avril 2026;137;B;B137;;"=IF(AND(NOT(ISBLANK($G136)),ISBLANK($G137)),$C$42-$F$40-$F$42,"""")"
Avril 2026;137;C;C137;;"=IF(AND(NOT(ISBLANK($G136)),ISBLANK($G137)),""Reste réel"","""")"
Avril 2026;137;D;D137;;"=IF(AND(NOT(ISBLANK($G136)),ISBLANK($G137)),$C$42-$H$40-$F$42,"""")"
Avril 2026;137;J;J137;0;"=IF(I137=""x"",H137,0)"
Avril 2026;137;K;K137;Courses;
Avril 2026;138;A;A138;;"=IF(AND(NOT(ISBLANK(G137)),ISBLANK(G138)),""Reste prévu"","""")"
Avril 2026;138;B;B138;;"=IF(AND(NOT(ISBLANK($G137)),ISBLANK($G138)),$C$42-$F$40-$F$42,"""")"
Avril 2026;138;C;C138;;"=IF(AND(NOT(ISBLANK($G137)),ISBLANK($G138)),""Reste réel"","""")"
Avril 2026;138;D;D138;;"=IF(AND(NOT(ISBLANK($G137)),ISBLANK($G138)),$C$42-$H$40-$F$42,"""")"
Avril 2026;138;J;J138;0;"=IF(I138=""x"",H138,0)"
Avril 2026;138;K;K138;Courses;
Avril 2026;139;A;A139;;"=IF(AND(NOT(ISBLANK(G138)),ISBLANK(G139)),""Reste prévu"","""")"
Avril 2026;139;B;B139;;"=IF(AND(NOT(ISBLANK($G138)),ISBLANK($G139)),$C$42-$F$40-$F$42,"""")"
Avril 2026;139;C;C139;;"=IF(AND(NOT(ISBLANK($G138)),ISBLANK($G139)),""Reste réel"","""")"
Avril 2026;139;D;D139;;"=IF(AND(NOT(ISBLANK($G138)),ISBLANK($G139)),$C$42-$H$40-$F$42,"""")"
Avril 2026;139;J;J139;0;"=IF(I139=""x"",H139,0)"
Avril 2026;139;K;K139;Divers;
Avril 2026;140;A;A140;;"=IF(AND(NOT(ISBLANK(G139)),ISBLANK(G140)),""Reste prévu"","""")"
Avril 2026;140;B;B140;;"=IF(AND(NOT(ISBLANK($G139)),ISBLANK($G140)),$C$42-$F$40-$F$42,"""")"
Avril 2026;140;C;C140;;"=IF(AND(NOT(ISBLANK($G139)),ISBLANK($G140)),""Reste réel"","""")"
Avril 2026;140;D;D140;;"=IF(AND(NOT(ISBLANK($G139)),ISBLANK($G140)),$C$42-$H$40-$F$42,"""")"
Avril 2026;140;J;J140;0;"=IF(I140=""x"",H140,0)"
Avril 2026;140;K;K140;Courses;
Avril 2026;141;A;A141;;"=IF(AND(NOT(ISBLANK(G140)),ISBLANK(G141)),""Reste prévu"","""")"
Avril 2026;141;B;B141;;"=IF(AND(NOT(ISBLANK($G140)),ISBLANK($G141)),$C$42-$F$40-$F$42,"""")"
Avril 2026;141;C;C141;;"=IF(AND(NOT(ISBLANK($G140)),ISBLANK($G141)),""Reste réel"","""")"
Avril 2026;141;D;D141;;"=IF(AND(NOT(ISBLANK($G140)),ISBLANK($G141)),$C$42-$H$40-$F$42,"""")"
Avril 2026;141;J;J141;0;"=IF(I141=""x"",H141,0)"
Avril 2026;141;K;K141;Cadeau;
Avril 2026;142;A;A142;;"=IF(AND(NOT(ISBLANK(G141)),ISBLANK(G142)),""Reste prévu"","""")"
Avril 2026;142;B;B142;;"=IF(AND(NOT(ISBLANK($G141)),ISBLANK($G142)),$C$42-$F$40-$F$42,"""")"
Avril 2026;142;C;C142;;"=IF(AND(NOT(ISBLANK($G141)),ISBLANK($G142)),""Reste réel"","""")"
Avril 2026;142;D;D142;;"=IF(AND(NOT(ISBLANK($G141)),ISBLANK($G142)),$C$42-$H$40-$F$42,"""")"
Avril 2026;142;J;J142;0;"=IF(I142=""x"",H142,0)"
Avril 2026;142;K;K142;Cadeau;
Avril 2026;143;A;A143;;"=IF(AND(NOT(ISBLANK(G142)),ISBLANK(G143)),""Reste prévu"","""")"
Avril 2026;143;B;B143;;"=IF(AND(NOT(ISBLANK($G142)),ISBLANK($G143)),$C$42-$F$40-$F$42,"""")"
Avril 2026;143;C;C143;;"=IF(AND(NOT(ISBLANK($G142)),ISBLANK($G143)),""Reste réel"","""")"
Avril 2026;143;D;D143;;"=IF(AND(NOT(ISBLANK($G142)),ISBLANK($G143)),$C$42-$H$40-$F$42,"""")"
Avril 2026;143;J;J143;0;"=IF(I143=""x"",H143,0)"
Avril 2026;143;K;K143;Cadeau;
Avril 2026;144;A;A144;;"=IF(AND(NOT(ISBLANK(G143)),ISBLANK(G144)),""Reste prévu"","""")"
Avril 2026;144;B;B144;;"=IF(AND(NOT(ISBLANK($G143)),ISBLANK($G144)),$C$42-$F$40-$F$42,"""")"
Avril 2026;144;C;C144;;"=IF(AND(NOT(ISBLANK($G143)),ISBLANK($G144)),""Reste réel"","""")"
Avril 2026;144;D;D144;;"=IF(AND(NOT(ISBLANK($G143)),ISBLANK($G144)),$C$42-$H$40-$F$42,"""")"
Avril 2026;144;J;J144;0;"=IF(I144=""x"",H144,0)"
Avril 2026;144;K;K144;Cadeau;
Avril 2026;145;A;A145;;"=IF(AND(NOT(ISBLANK(G144)),ISBLANK(G145)),""Reste prévu"","""")"
Avril 2026;145;B;B145;;"=IF(AND(NOT(ISBLANK($G144)),ISBLANK($G145)),$C$42-$F$40-$F$42,"""")"
Avril 2026;145;C;C145;;"=IF(AND(NOT(ISBLANK($G144)),ISBLANK($G145)),""Reste réel"","""")"
Avril 2026;145;D;D145;;"=IF(AND(NOT(ISBLANK($G144)),ISBLANK($G145)),$C$42-$H$40-$F$42,"""")"
Avril 2026;145;J;J145;0;"=IF(I145=""x"",H145,0)"
Avril 2026;145;K;K145;Courses;
Avril 2026;146;A;A146;;"=IF(AND(NOT(ISBLANK(G145)),ISBLANK(G146)),""Reste prévu"","""")"
Avril 2026;146;B;B146;;"=IF(AND(NOT(ISBLANK($G145)),ISBLANK($G146)),$C$42-$F$40-$F$42,"""")"
Avril 2026;146;C;C146;;"=IF(AND(NOT(ISBLANK($G145)),ISBLANK($G146)),""Reste réel"","""")"
Avril 2026;146;D;D146;;"=IF(AND(NOT(ISBLANK($G145)),ISBLANK($G146)),$C$42-$H$40-$F$42,"""")"
Avril 2026;146;J;J146;0;"=IF(I146=""x"",H146,0)"
Avril 2026;146;K;K146;Cadeau;
Avril 2026;147;A;A147;;"=IF(AND(NOT(ISBLANK(G146)),ISBLANK(G147)),""Reste prévu"","""")"
Avril 2026;147;B;B147;;"=IF(AND(NOT(ISBLANK($G146)),ISBLANK($G147)),$C$42-$F$40-$F$42,"""")"
Avril 2026;147;C;C147;;"=IF(AND(NOT(ISBLANK($G146)),ISBLANK($G147)),""Reste réel"","""")"
Avril 2026;147;D;D147;;"=IF(AND(NOT(ISBLANK($G146)),ISBLANK($G147)),$C$42-$H$40-$F$42,"""")"
Avril 2026;147;J;J147;0;"=IF(I147=""x"",H147,0)"
Avril 2026;148;A;A148;;"=IF(AND(NOT(ISBLANK(G147)),ISBLANK(G148)),""Reste prévu"","""")"
Avril 2026;148;B;B148;;"=IF(AND(NOT(ISBLANK($G147)),ISBLANK($G148)),$C$42-$F$40-$F$42,"""")"
Avril 2026;148;C;C148;;"=IF(AND(NOT(ISBLANK($G147)),ISBLANK($G148)),""Reste réel"","""")"
Avril 2026;148;D;D148;;"=IF(AND(NOT(ISBLANK($G147)),ISBLANK($G148)),$C$42-$H$40-$F$42,"""")"
Avril 2026;148;J;J148;0;"=IF(I148=""x"",H148,0)"
Avril 2026;149;A;A149;;"=IF(AND(NOT(ISBLANK(G148)),ISBLANK(G149)),""Reste prévu"","""")"
Avril 2026;149;B;B149;;"=IF(AND(NOT(ISBLANK($G148)),ISBLANK($G149)),$C$42-$F$40-$F$42,"""")"
Avril 2026;149;C;C149;;"=IF(AND(NOT(ISBLANK($G148)),ISBLANK($G149)),""Reste réel"","""")"
Avril 2026;149;D;D149;;"=IF(AND(NOT(ISBLANK($G148)),ISBLANK($G149)),$C$42-$H$40-$F$42,"""")"
Avril 2026;149;J;J149;0;"=IF(I149=""x"",H149,0)"
Avril 2026;150;A;A150;;"=IF(AND(NOT(ISBLANK(G149)),ISBLANK(G150)),""Reste prévu"","""")"
Avril 2026;150;B;B150;;"=IF(AND(NOT(ISBLANK($G149)),ISBLANK($G150)),$C$42-$F$40-$F$42,"""")"
Avril 2026;150;C;C150;;"=IF(AND(NOT(ISBLANK($G149)),ISBLANK($G150)),""Reste réel"","""")"
Avril 2026;150;D;D150;;"=IF(AND(NOT(ISBLANK($G149)),ISBLANK($G150)),$C$42-$H$40-$F$42,"""")"
Avril 2026;150;J;J150;0;"=IF(I150=""x"",H150,0)"
Avril 2026;151;A;A151;;"=IF(AND(NOT(ISBLANK(G150)),ISBLANK(G151)),""Reste prévu"","""")"
Avril 2026;151;B;B151;;"=IF(AND(NOT(ISBLANK($G150)),ISBLANK($G151)),$C$42-$F$40-$F$42,"""")"
Avril 2026;151;C;C151;;"=IF(AND(NOT(ISBLANK($G150)),ISBLANK($G151)),""Reste réel"","""")"
Avril 2026;151;D;D151;;"=IF(AND(NOT(ISBLANK($G150)),ISBLANK($G151)),$C$42-$H$40-$F$42,"""")"
Avril 2026;151;J;J151;0;"=IF(I151=""x"",H151,0)"
Avril 2026;152;A;A152;;"=IF(AND(NOT(ISBLANK(G151)),ISBLANK(G152)),""Reste prévu"","""")"
Avril 2026;152;B;B152;;"=IF(AND(NOT(ISBLANK($G151)),ISBLANK($G152)),$C$42-$F$40-$F$42,"""")"
Avril 2026;152;C;C152;;"=IF(AND(NOT(ISBLANK($G151)),ISBLANK($G152)),""Reste réel"","""")"
Avril 2026;152;D;D152;;"=IF(AND(NOT(ISBLANK($G151)),ISBLANK($G152)),$C$42-$H$40-$F$42,"""")"
Avril 2026;152;J;J152;0;"=IF(I152=""x"",H152,0)"
Avril 2026;153;A;A153;;"=IF(AND(NOT(ISBLANK(G152)),ISBLANK(G153)),""Reste prévu"","""")"
Avril 2026;153;B;B153;;"=IF(AND(NOT(ISBLANK($G152)),ISBLANK($G153)),$C$42-$F$40-$F$42,"""")"
Avril 2026;153;C;C153;;"=IF(AND(NOT(ISBLANK($G152)),ISBLANK($G153)),""Reste réel"","""")"
Avril 2026;153;D;D153;;"=IF(AND(NOT(ISBLANK($G152)),ISBLANK($G153)),$C$42-$H$40-$F$42,"""")"
Avril 2026;153;J;J153;0;"=IF(I153=""x"",H153,0)"
Avril 2026;154;A;A154;;"=IF(AND(NOT(ISBLANK(G153)),ISBLANK(G154)),""Reste prévu"","""")"
Avril 2026;154;B;B154;;"=IF(AND(NOT(ISBLANK($G153)),ISBLANK($G154)),$C$42-$F$40-$F$42,"""")"
Avril 2026;154;C;C154;;"=IF(AND(NOT(ISBLANK($G153)),ISBLANK($G154)),""Reste réel"","""")"
Avril 2026;154;D;D154;;"=IF(AND(NOT(ISBLANK($G153)),ISBLANK($G154)),$C$42-$H$40-$F$42,"""")"
Avril 2026;154;J;J154;0;"=IF(I154=""x"",H154,0)"
Avril 2026;155;A;A155;;"=IF(AND(NOT(ISBLANK(G154)),ISBLANK(G155)),""Reste prévu"","""")"
Avril 2026;155;B;B155;;"=IF(AND(NOT(ISBLANK($G154)),ISBLANK($G155)),$C$42-$F$40-$F$42,"""")"
Avril 2026;155;C;C155;;"=IF(AND(NOT(ISBLANK($G154)),ISBLANK($G155)),""Reste réel"","""")"
Avril 2026;155;D;D155;;"=IF(AND(NOT(ISBLANK($G154)),ISBLANK($G155)),$C$42-$H$40-$F$42,"""")"
Avril 2026;155;J;J155;0;"=IF(I155=""x"",H155,0)"
Avril 2026;156;A;A156;;"=IF(AND(NOT(ISBLANK(G155)),ISBLANK(G156)),""Reste prévu"","""")"
Avril 2026;156;B;B156;;"=IF(AND(NOT(ISBLANK($G155)),ISBLANK($G156)),$C$42-$F$40-$F$42,"""")"
Avril 2026;156;C;C156;;"=IF(AND(NOT(ISBLANK($G155)),ISBLANK($G156)),""Reste réel"","""")"
Avril 2026;156;D;D156;;"=IF(AND(NOT(ISBLANK($G155)),ISBLANK($G156)),$C$42-$H$40-$F$42,"""")"
Avril 2026;156;J;J156;0;"=IF(I156=""x"",H156,0)"
Avril 2026;157;A;A157;;"=IF(AND(NOT(ISBLANK(G156)),ISBLANK(G157)),""Reste prévu"","""")"
Avril 2026;157;B;B157;;"=IF(AND(NOT(ISBLANK($G156)),ISBLANK($G157)),$C$42-$F$40-$F$42,"""")"
Avril 2026;157;C;C157;;"=IF(AND(NOT(ISBLANK($G156)),ISBLANK($G157)),""Reste réel"","""")"
Avril 2026;157;D;D157;;"=IF(AND(NOT(ISBLANK($G156)),ISBLANK($G157)),$C$42-$H$40-$F$42,"""")"
Avril 2026;157;J;J157;0;"=IF(I157=""x"",H157,0)"
Avril 2026;158;A;A158;;"=IF(AND(NOT(ISBLANK(G157)),ISBLANK(G158)),""Reste prévu"","""")"
Avril 2026;158;B;B158;;"=IF(AND(NOT(ISBLANK($G157)),ISBLANK($G158)),$C$42-$F$40-$F$42,"""")"
Avril 2026;158;C;C158;;"=IF(AND(NOT(ISBLANK($G157)),ISBLANK($G158)),""Reste réel"","""")"
Avril 2026;158;D;D158;;"=IF(AND(NOT(ISBLANK($G157)),ISBLANK($G158)),$C$42-$H$40-$F$42,"""")"
Avril 2026;158;J;J158;0;"=IF(I158=""x"",H158,0)"
Avril 2026;159;A;A159;;"=IF(AND(NOT(ISBLANK(G158)),ISBLANK(G159)),""Reste prévu"","""")"
Avril 2026;159;B;B159;;"=IF(AND(NOT(ISBLANK($G158)),ISBLANK($G159)),$C$42-$F$40-$F$42,"""")"
Avril 2026;159;C;C159;;"=IF(AND(NOT(ISBLANK($G158)),ISBLANK($G159)),""Reste réel"","""")"
Avril 2026;159;D;D159;;"=IF(AND(NOT(ISBLANK($G158)),ISBLANK($G159)),$C$42-$H$40-$F$42,"""")"
Avril 2026;159;J;J159;0;"=IF(I159=""x"",H159,0)"
Avril 2026;160;A;A160;;"=IF(AND(NOT(ISBLANK(G159)),ISBLANK(G160)),""Reste prévu"","""")"
Avril 2026;160;B;B160;;"=IF(AND(NOT(ISBLANK($G159)),ISBLANK($G160)),$C$42-$F$40-$F$42,"""")"
Avril 2026;160;C;C160;;"=IF(AND(NOT(ISBLANK($G159)),ISBLANK($G160)),""Reste réel"","""")"
Avril 2026;160;D;D160;;"=IF(AND(NOT(ISBLANK($G159)),ISBLANK($G160)),$C$42-$H$40-$F$42,"""")"
Avril 2026;160;J;J160;0;"=IF(I160=""x"",H160,0)"
Avril 2026;161;A;A161;;"=IF(AND(NOT(ISBLANK(G160)),ISBLANK(G161)),""Reste prévu"","""")"
Avril 2026;161;B;B161;;"=IF(AND(NOT(ISBLANK($G160)),ISBLANK($G161)),$C$42-$F$40-$F$42,"""")"
Avril 2026;161;C;C161;;"=IF(AND(NOT(ISBLANK($G160)),ISBLANK($G161)),""Reste réel"","""")"
Avril 2026;161;D;D161;;"=IF(AND(NOT(ISBLANK($G160)),ISBLANK($G161)),$C$42-$H$40-$F$42,"""")"
Avril 2026;161;J;J161;0;"=IF(I161=""x"",H161,0)"
Avril 2026;162;A;A162;;"=IF(AND(NOT(ISBLANK(G161)),ISBLANK(G162)),""Reste prévu"","""")"
Avril 2026;162;B;B162;;"=IF(AND(NOT(ISBLANK($G161)),ISBLANK($G162)),$C$42-$F$40-$F$42,"""")"
Avril 2026;162;C;C162;;"=IF(AND(NOT(ISBLANK($G161)),ISBLANK($G162)),""Reste réel"","""")"
Avril 2026;162;D;D162;;"=IF(AND(NOT(ISBLANK($G161)),ISBLANK($G162)),$C$42-$H$40-$F$42,"""")"
Avril 2026;162;J;J162;0;"=IF(I162=""x"",H162,0)"
Avril 2026;163;A;A163;;"=IF(AND(NOT(ISBLANK(G162)),ISBLANK(G163)),""Reste prévu"","""")"
Avril 2026;163;B;B163;;"=IF(AND(NOT(ISBLANK($G162)),ISBLANK($G163)),$C$42-$F$40-$F$42,"""")"
Avril 2026;163;C;C163;;"=IF(AND(NOT(ISBLANK($G162)),ISBLANK($G163)),""Reste réel"","""")"
Avril 2026;163;D;D163;;"=IF(AND(NOT(ISBLANK($G162)),ISBLANK($G163)),$C$42-$H$40-$F$42,"""")"
Avril 2026;163;J;J163;0;"=IF(I163=""x"",H163,0)"
Avril 2026;164;A;A164;;"=IF(AND(NOT(ISBLANK(G163)),ISBLANK(G164)),""Reste prévu"","""")"
Avril 2026;164;B;B164;;"=IF(AND(NOT(ISBLANK($G163)),ISBLANK($G164)),$C$42-$F$40-$F$42,"""")"
Avril 2026;164;C;C164;;"=IF(AND(NOT(ISBLANK($G163)),ISBLANK($G164)),""Reste réel"","""")"
Avril 2026;164;D;D164;;"=IF(AND(NOT(ISBLANK($G163)),ISBLANK($G164)),$C$42-$H$40-$F$42,"""")"
Avril 2026;164;J;J164;0;"=IF(I164=""x"",H164,0)"
Avril 2026;165;A;A165;;"=IF(AND(NOT(ISBLANK(G164)),ISBLANK(G165)),""Reste prévu"","""")"
Avril 2026;165;B;B165;;"=IF(AND(NOT(ISBLANK($G164)),ISBLANK($G165)),$C$42-$F$40-$F$42,"""")"
Avril 2026;165;C;C165;;"=IF(AND(NOT(ISBLANK($G164)),ISBLANK($G165)),""Reste réel"","""")"
Avril 2026;165;D;D165;;"=IF(AND(NOT(ISBLANK($G164)),ISBLANK($G165)),$C$42-$H$40-$F$42,"""")"
Avril 2026;165;J;J165;0;"=IF(I165=""x"",H165,0)"
Avril 2026;166;A;A166;;"=IF(AND(NOT(ISBLANK(G165)),ISBLANK(G166)),""Reste prévu"","""")"
Avril 2026;166;B;B166;;"=IF(AND(NOT(ISBLANK($G165)),ISBLANK($G166)),$C$42-$F$40-$F$42,"""")"
Avril 2026;166;C;C166;;"=IF(AND(NOT(ISBLANK($G165)),ISBLANK($G166)),""Reste réel"","""")"
Avril 2026;166;D;D166;;"=IF(AND(NOT(ISBLANK($G165)),ISBLANK($G166)),$C$42-$H$40-$F$42,"""")"
Avril 2026;166;J;J166;0;"=IF(I166=""x"",H166,0)"
Avril 2026;167;A;A167;;"=IF(AND(NOT(ISBLANK(G166)),ISBLANK(G167)),""Reste prévu"","""")"
Avril 2026;167;B;B167;;"=IF(AND(NOT(ISBLANK($G166)),ISBLANK($G167)),$C$42-$F$40-$F$42,"""")"
Avril 2026;167;C;C167;;"=IF(AND(NOT(ISBLANK($G166)),ISBLANK($G167)),""Reste réel"","""")"
Avril 2026;167;D;D167;;"=IF(AND(NOT(ISBLANK($G166)),ISBLANK($G167)),$C$42-$H$40-$F$42,"""")"
Avril 2026;167;J;J167;0;"=IF(I167=""x"",H167,0)"
Avril 2026;168;A;A168;;"=IF(AND(NOT(ISBLANK(G167)),ISBLANK(G168)),""Reste prévu"","""")"
Avril 2026;168;B;B168;;"=IF(AND(NOT(ISBLANK($G167)),ISBLANK($G168)),$C$42-$F$40-$F$42,"""")"
Avril 2026;168;C;C168;;"=IF(AND(NOT(ISBLANK($G167)),ISBLANK($G168)),""Reste réel"","""")"
Avril 2026;168;D;D168;;"=IF(AND(NOT(ISBLANK($G167)),ISBLANK($G168)),$C$42-$H$40-$F$42,"""")"
Avril 2026;168;J;J168;0;"=IF(I168=""x"",H168,0)"
Avril 2026;169;A;A169;;"=IF(AND(NOT(ISBLANK(G168)),ISBLANK(G169)),""Reste prévu"","""")"
Avril 2026;169;B;B169;;"=IF(AND(NOT(ISBLANK($G168)),ISBLANK($G169)),$C$42-$F$40-$F$42,"""")"
Avril 2026;169;C;C169;;"=IF(AND(NOT(ISBLANK($G168)),ISBLANK($G169)),""Reste réel"","""")"
Avril 2026;169;D;D169;;"=IF(AND(NOT(ISBLANK($G168)),ISBLANK($G169)),$C$42-$H$40-$F$42,"""")"
Avril 2026;169;J;J169;0;"=IF(I169=""x"",H169,0)"
Avril 2026;170;A;A170;;"=IF(AND(NOT(ISBLANK(G169)),ISBLANK(G170)),""Reste prévu"","""")"
Avril 2026;170;B;B170;;"=IF(AND(NOT(ISBLANK($G169)),ISBLANK($G170)),$C$42-$F$40-$F$42,"""")"
Avril 2026;170;C;C170;;"=IF(AND(NOT(ISBLANK($G169)),ISBLANK($G170)),""Reste réel"","""")"
Avril 2026;170;D;D170;;"=IF(AND(NOT(ISBLANK($G169)),ISBLANK($G170)),$C$42-$H$40-$F$42,"""")"
Avril 2026;170;J;J170;0;"=IF(I170=""x"",H170,0)"
Avril 2026;171;A;A171;;"=IF(AND(NOT(ISBLANK(G170)),ISBLANK(G171)),""Reste prévu"","""")"
Avril 2026;171;B;B171;;"=IF(AND(NOT(ISBLANK($G170)),ISBLANK($G171)),$C$42-$F$40-$F$42,"""")"
Avril 2026;171;C;C171;;"=IF(AND(NOT(ISBLANK($G170)),ISBLANK($G171)),""Reste réel"","""")"
Avril 2026;171;D;D171;;"=IF(AND(NOT(ISBLANK($G170)),ISBLANK($G171)),$C$42-$H$40-$F$42,"""")"
Avril 2026;171;J;J171;0;"=IF(I171=""x"",H171,0)"
Avril 2026;172;A;A172;;"=IF(AND(NOT(ISBLANK(G171)),ISBLANK(G172)),""Reste prévu"","""")"
Avril 2026;172;B;B172;;"=IF(AND(NOT(ISBLANK($G171)),ISBLANK($G172)),$C$42-$F$40-$F$42,"""")"
Avril 2026;172;C;C172;;"=IF(AND(NOT(ISBLANK($G171)),ISBLANK($G172)),""Reste réel"","""")"
Avril 2026;172;D;D172;;"=IF(AND(NOT(ISBLANK($G171)),ISBLANK($G172)),$C$42-$H$40-$F$42,"""")"
Avril 2026;172;J;J172;0;"=IF(I172=""x"",H172,0)"
Avril 2026;173;A;A173;;"=IF(AND(NOT(ISBLANK(G172)),ISBLANK(G173)),""Reste prévu"","""")"
Avril 2026;173;B;B173;;"=IF(AND(NOT(ISBLANK($G172)),ISBLANK($G173)),$C$42-$F$40-$F$42,"""")"
Avril 2026;173;C;C173;;"=IF(AND(NOT(ISBLANK($G172)),ISBLANK($G173)),""Reste réel"","""")"
Avril 2026;173;D;D173;;"=IF(AND(NOT(ISBLANK($G172)),ISBLANK($G173)),$C$42-$H$40-$F$42,"""")"
Avril 2026;173;J;J173;0;"=IF(I173=""x"",H173,0)"
Avril 2026;174;A;A174;;"=IF(AND(NOT(ISBLANK(G173)),ISBLANK(G174)),""Reste prévu"","""")"
Avril 2026;174;B;B174;;"=IF(AND(NOT(ISBLANK($G173)),ISBLANK($G174)),$C$42-$F$40-$F$42,"""")"
Avril 2026;174;C;C174;;"=IF(AND(NOT(ISBLANK($G173)),ISBLANK($G174)),""Reste réel"","""")"
Avril 2026;174;D;D174;;"=IF(AND(NOT(ISBLANK($G173)),ISBLANK($G174)),$C$42-$H$40-$F$42,"""")"
Avril 2026;174;J;J174;0;"=IF(I174=""x"",H174,0)"
Avril 2026;175;A;A175;;"=IF(AND(NOT(ISBLANK(G174)),ISBLANK(G175)),""Reste prévu"","""")"
Avril 2026;175;B;B175;;"=IF(AND(NOT(ISBLANK($G174)),ISBLANK($G175)),$C$42-$F$40-$F$42,"""")"
Avril 2026;175;C;C175;;"=IF(AND(NOT(ISBLANK($G174)),ISBLANK($G175)),""Reste réel"","""")"
Avril 2026;175;D;D175;;"=IF(AND(NOT(ISBLANK($G174)),ISBLANK($G175)),$C$42-$H$40-$F$42,"""")"
Avril 2026;175;J;J175;0;"=IF(I175=""x"",H175,0)"
Avril 2026;176;A;A176;;"=IF(AND(NOT(ISBLANK(G175)),ISBLANK(G176)),""Reste prévu"","""")"
Avril 2026;176;B;B176;;"=IF(AND(NOT(ISBLANK($G175)),ISBLANK($G176)),$C$42-$F$40-$F$42,"""")"
Avril 2026;176;C;C176;;"=IF(AND(NOT(ISBLANK($G175)),ISBLANK($G176)),""Reste réel"","""")"
Avril 2026;176;D;D176;;"=IF(AND(NOT(ISBLANK($G175)),ISBLANK($G176)),$C$42-$H$40-$F$42,"""")"
Avril 2026;176;J;J176;0;"=IF(I176=""x"",H176,0)"
Avril 2026;177;A;A177;;"=IF(AND(NOT(ISBLANK(G176)),ISBLANK(G177)),""Reste prévu"","""")"
Avril 2026;177;B;B177;;"=IF(AND(NOT(ISBLANK($G176)),ISBLANK($G177)),$C$42-$F$40-$F$42,"""")"
Avril 2026;177;C;C177;;"=IF(AND(NOT(ISBLANK($G176)),ISBLANK($G177)),""Reste réel"","""")"
Avril 2026;177;D;D177;;"=IF(AND(NOT(ISBLANK($G176)),ISBLANK($G177)),$C$42-$H$40-$F$42,"""")"
Avril 2026;177;J;J177;0;"=IF(I177=""x"",H177,0)"
Avril 2026;178;A;A178;;"=IF(AND(NOT(ISBLANK(G177)),ISBLANK(G178)),""Reste prévu"","""")"
Avril 2026;178;B;B178;;"=IF(AND(NOT(ISBLANK($G177)),ISBLANK($G178)),$C$42-$F$40-$F$42,"""")"
Avril 2026;178;C;C178;;"=IF(AND(NOT(ISBLANK($G177)),ISBLANK($G178)),""Reste réel"","""")"
Avril 2026;178;D;D178;;"=IF(AND(NOT(ISBLANK($G177)),ISBLANK($G178)),$C$42-$H$40-$F$42,"""")"
Avril 2026;178;J;J178;0;"=IF(I178=""x"",H178,0)"
Avril 2026;179;A;A179;;"=IF(AND(NOT(ISBLANK(G178)),ISBLANK(G179)),""Reste prévu"","""")"
Avril 2026;179;B;B179;;"=IF(AND(NOT(ISBLANK($G178)),ISBLANK($G179)),$C$42-$F$40-$F$42,"""")"
Avril 2026;179;C;C179;;"=IF(AND(NOT(ISBLANK($G178)),ISBLANK($G179)),""Reste réel"","""")"
Avril 2026;179;D;D179;;"=IF(AND(NOT(ISBLANK($G178)),ISBLANK($G179)),$C$42-$H$40-$F$42,"""")"
Avril 2026;179;J;J179;0;"=IF(I179=""x"",H179,0)"
Avril 2026;180;A;A180;;"=IF(AND(NOT(ISBLANK(G179)),ISBLANK(G180)),""Reste prévu"","""")"
Avril 2026;180;B;B180;;"=IF(AND(NOT(ISBLANK($G179)),ISBLANK($G180)),$C$42-$F$40-$F$42,"""")"
Avril 2026;180;C;C180;;"=IF(AND(NOT(ISBLANK($G179)),ISBLANK($G180)),""Reste réel"","""")"
Avril 2026;180;D;D180;;"=IF(AND(NOT(ISBLANK($G179)),ISBLANK($G180)),$C$42-$H$40-$F$42,"""")"
Avril 2026;180;J;J180;0;"=IF(I180=""x"",H180,0)"
Avril 2026;181;A;A181;;"=IF(AND(NOT(ISBLANK(G180)),ISBLANK(G181)),""Reste prévu"","""")"
Avril 2026;181;B;B181;;"=IF(AND(NOT(ISBLANK($G180)),ISBLANK($G181)),$C$42-$F$40-$F$42,"""")"
Avril 2026;181;C;C181;;"=IF(AND(NOT(ISBLANK($G180)),ISBLANK($G181)),""Reste réel"","""")"
Avril 2026;181;D;D181;;"=IF(AND(NOT(ISBLANK($G180)),ISBLANK($G181)),$C$42-$H$40-$F$42,"""")"
Avril 2026;181;J;J181;0;"=IF(I181=""x"",H181,0)"
Avril 2026;182;A;A182;;"=IF(AND(NOT(ISBLANK(G181)),ISBLANK(G182)),""Reste prévu"","""")"
Avril 2026;182;B;B182;;"=IF(AND(NOT(ISBLANK($G181)),ISBLANK($G182)),$C$42-$F$40-$F$42,"""")"
Avril 2026;182;C;C182;;"=IF(AND(NOT(ISBLANK($G181)),ISBLANK($G182)),""Reste réel"","""")"
Avril 2026;182;D;D182;;"=IF(AND(NOT(ISBLANK($G181)),ISBLANK($G182)),$C$42-$H$40-$F$42,"""")"
Avril 2026;182;J;J182;0;"=IF(I182=""x"",H182,0)"
Avril 2026;183;A;A183;;"=IF(AND(NOT(ISBLANK(G182)),ISBLANK(G183)),""Reste prévu"","""")"
Avril 2026;183;B;B183;;"=IF(AND(NOT(ISBLANK($G182)),ISBLANK($G183)),$C$42-$F$40-$F$42,"""")"
Avril 2026;183;C;C183;;"=IF(AND(NOT(ISBLANK($G182)),ISBLANK($G183)),""Reste réel"","""")"
Avril 2026;183;D;D183;;"=IF(AND(NOT(ISBLANK($G182)),ISBLANK($G183)),$C$42-$H$40-$F$42,"""")"
Avril 2026;183;J;J183;0;"=IF(I183=""x"",H183,0)"
Avril 2026;184;A;A184;;"=IF(AND(NOT(ISBLANK(G183)),ISBLANK(G184)),""Reste prévu"","""")"
Avril 2026;184;B;B184;;"=IF(AND(NOT(ISBLANK($G183)),ISBLANK($G184)),$C$42-$F$40-$F$42,"""")"
Avril 2026;184;C;C184;;"=IF(AND(NOT(ISBLANK($G183)),ISBLANK($G184)),""Reste réel"","""")"
Avril 2026;184;D;D184;;"=IF(AND(NOT(ISBLANK($G183)),ISBLANK($G184)),$C$42-$H$40-$F$42,"""")"
Avril 2026;184;J;J184;0;"=IF(I184=""x"",H184,0)"
Avril 2026;185;A;A185;;"=IF(AND(NOT(ISBLANK(G184)),ISBLANK(G185)),""Reste prévu"","""")"
Avril 2026;185;B;B185;;"=IF(AND(NOT(ISBLANK($G184)),ISBLANK($G185)),$C$42-$F$40-$F$42,"""")"
Avril 2026;185;C;C185;;"=IF(AND(NOT(ISBLANK($G184)),ISBLANK($G185)),""Reste réel"","""")"
Avril 2026;185;D;D185;;"=IF(AND(NOT(ISBLANK($G184)),ISBLANK($G185)),$C$42-$H$40-$F$42,"""")"
Avril 2026;185;J;J185;0;"=IF(I185=""x"",H185,0)"
Avril 2026;186;A;A186;;"=IF(AND(NOT(ISBLANK(G185)),ISBLANK(G186)),""Reste prévu"","""")"
Avril 2026;186;B;B186;;"=IF(AND(NOT(ISBLANK($G185)),ISBLANK($G186)),$C$42-$F$40-$F$42,"""")"
Avril 2026;186;C;C186;;"=IF(AND(NOT(ISBLANK($G185)),ISBLANK($G186)),""Reste réel"","""")"
Avril 2026;186;D;D186;;"=IF(AND(NOT(ISBLANK($G185)),ISBLANK($G186)),$C$42-$H$40-$F$42,"""")"
Avril 2026;186;J;J186;0;"=IF(I186=""x"",H186,0)"
Avril 2026;187;A;A187;;"=IF(AND(NOT(ISBLANK(G186)),ISBLANK(G187)),""Reste prévu"","""")"
Avril 2026;187;B;B187;;"=IF(AND(NOT(ISBLANK($G186)),ISBLANK($G187)),$C$42-$F$40-$F$42,"""")"
Avril 2026;187;C;C187;;"=IF(AND(NOT(ISBLANK($G186)),ISBLANK($G187)),""Reste réel"","""")"
Avril 2026;187;D;D187;;"=IF(AND(NOT(ISBLANK($G186)),ISBLANK($G187)),$C$42-$H$40-$F$42,"""")"
Avril 2026;187;J;J187;0;"=IF(I187=""x"",H187,0)"
Avril 2026;188;A;A188;;"=IF(AND(NOT(ISBLANK(G187)),ISBLANK(G188)),""Reste prévu"","""")"
Avril 2026;188;B;B188;;"=IF(AND(NOT(ISBLANK($G187)),ISBLANK($G188)),$C$42-$F$40-$F$42,"""")"
Avril 2026;188;C;C188;;"=IF(AND(NOT(ISBLANK($G187)),ISBLANK($G188)),""Reste réel"","""")"
Avril 2026;188;D;D188;;"=IF(AND(NOT(ISBLANK($G187)),ISBLANK($G188)),$C$42-$H$40-$F$42,"""")"
Avril 2026;188;J;J188;0;"=IF(I188=""x"",H188,0)"
Avril 2026;189;A;A189;;"=IF(AND(NOT(ISBLANK(G188)),ISBLANK(G189)),""Reste prévu"","""")"
Avril 2026;189;B;B189;;"=IF(AND(NOT(ISBLANK($G188)),ISBLANK($G189)),$C$42-$F$40-$F$42,"""")"
Avril 2026;189;C;C189;;"=IF(AND(NOT(ISBLANK($G188)),ISBLANK($G189)),""Reste réel"","""")"
Avril 2026;189;D;D189;;"=IF(AND(NOT(ISBLANK($G188)),ISBLANK($G189)),$C$42-$H$40-$F$42,"""")"
Avril 2026;189;J;J189;0;"=IF(I189=""x"",H189,0)"
Avril 2026;190;A;A190;;"=IF(AND(NOT(ISBLANK(G189)),ISBLANK(G190)),""Reste prévu"","""")"
Avril 2026;190;B;B190;;"=IF(AND(NOT(ISBLANK($G189)),ISBLANK($G190)),$C$42-$F$40-$F$42,"""")"
Avril 2026;190;C;C190;;"=IF(AND(NOT(ISBLANK($G189)),ISBLANK($G190)),""Reste réel"","""")"
Avril 2026;190;D;D190;;"=IF(AND(NOT(ISBLANK($G189)),ISBLANK($G190)),$C$42-$H$40-$F$42,"""")"
Avril 2026;190;J;J190;0;"=IF(I190=""x"",H190,0)"
Avril 2026;191;A;A191;;"=IF(AND(NOT(ISBLANK(G190)),ISBLANK(G191)),""Reste prévu"","""")"
Avril 2026;191;B;B191;;"=IF(AND(NOT(ISBLANK($G190)),ISBLANK($G191)),$C$42-$F$40-$F$42,"""")"
Avril 2026;191;C;C191;;"=IF(AND(NOT(ISBLANK($G190)),ISBLANK($G191)),""Reste réel"","""")"
Avril 2026;191;D;D191;;"=IF(AND(NOT(ISBLANK($G190)),ISBLANK($G191)),$C$42-$H$40-$F$42,"""")"
Avril 2026;191;J;J191;0;"=IF(I191=""x"",H191,0)"
Avril 2026;192;A;A192;;"=IF(AND(NOT(ISBLANK(G191)),ISBLANK(G192)),""Reste prévu"","""")"
Avril 2026;192;B;B192;;"=IF(AND(NOT(ISBLANK($G191)),ISBLANK($G192)),$C$42-$F$40-$F$42,"""")"
Avril 2026;192;C;C192;;"=IF(AND(NOT(ISBLANK($G191)),ISBLANK($G192)),""Reste réel"","""")"
Avril 2026;192;D;D192;;"=IF(AND(NOT(ISBLANK($G191)),ISBLANK($G192)),$C$42-$H$40-$F$42,"""")"
Avril 2026;192;J;J192;0;"=IF(I192=""x"",H192,0)"
Avril 2026;193;A;A193;;"=IF(AND(NOT(ISBLANK(G192)),ISBLANK(G193)),""Reste prévu"","""")"
Avril 2026;193;B;B193;;"=IF(AND(NOT(ISBLANK($G192)),ISBLANK($G193)),$C$42-$F$40-$F$42,"""")"
Avril 2026;193;C;C193;;"=IF(AND(NOT(ISBLANK($G192)),ISBLANK($G193)),""Reste réel"","""")"
Avril 2026;193;D;D193;;"=IF(AND(NOT(ISBLANK($G192)),ISBLANK($G193)),$C$42-$H$40-$F$42,"""")"
Avril 2026;193;J;J193;0;"=IF(I193=""x"",H193,0)"
Avril 2026;194;A;A194;;"=IF(AND(NOT(ISBLANK(G193)),ISBLANK(G194)),""Reste prévu"","""")"
Avril 2026;194;B;B194;;"=IF(AND(NOT(ISBLANK($G193)),ISBLANK($G194)),$C$42-$F$40-$F$42,"""")"
Avril 2026;194;C;C194;;"=IF(AND(NOT(ISBLANK($G193)),ISBLANK($G194)),""Reste réel"","""")"
Avril 2026;194;D;D194;;"=IF(AND(NOT(ISBLANK($G193)),ISBLANK($G194)),$C$42-$H$40-$F$42,"""")"
Avril 2026;194;J;J194;0;"=IF(I194=""x"",H194,0)"
Avril 2026;195;A;A195;;"=IF(AND(NOT(ISBLANK(G194)),ISBLANK(G195)),""Reste prévu"","""")"
Avril 2026;195;B;B195;;"=IF(AND(NOT(ISBLANK($G194)),ISBLANK($G195)),$C$42-$F$40-$F$42,"""")"
Avril 2026;195;C;C195;;"=IF(AND(NOT(ISBLANK($G194)),ISBLANK($G195)),""Reste réel"","""")"
Avril 2026;195;D;D195;;"=IF(AND(NOT(ISBLANK($G194)),ISBLANK($G195)),$C$42-$H$40-$F$42,"""")"
Avril 2026;195;J;J195;0;"=IF(I195=""x"",H195,0)"
Avril 2026;196;A;A196;;"=IF(AND(NOT(ISBLANK(G195)),ISBLANK(G196)),""Reste prévu"","""")"
Avril 2026;196;B;B196;;"=IF(AND(NOT(ISBLANK($G195)),ISBLANK($G196)),$C$42-$F$40-$F$42,"""")"
Avril 2026;196;C;C196;;"=IF(AND(NOT(ISBLANK($G195)),ISBLANK($G196)),""Reste réel"","""")"
Avril 2026;196;D;D196;;"=IF(AND(NOT(ISBLANK($G195)),ISBLANK($G196)),$C$42-$H$40-$F$42,"""")"
Avril 2026;196;J;J196;0;"=IF(I196=""x"",H196,0)"
Avril 2026;197;A;A197;;"=IF(AND(NOT(ISBLANK(G196)),ISBLANK(G197)),""Reste prévu"","""")"
Avril 2026;197;B;B197;;"=IF(AND(NOT(ISBLANK($G196)),ISBLANK($G197)),$C$42-$F$40-$F$42,"""")"
Avril 2026;197;C;C197;;"=IF(AND(NOT(ISBLANK($G196)),ISBLANK($G197)),""Reste réel"","""")"
Avril 2026;197;D;D197;;"=IF(AND(NOT(ISBLANK($G196)),ISBLANK($G197)),$C$42-$H$40-$F$42,"""")"
Avril 2026;197;J;J197;0;"=IF(I197=""x"",H197,0)"
Avril 2026;198;A;A198;;"=IF(AND(NOT(ISBLANK(G197)),ISBLANK(G198)),""Reste prévu"","""")"
Avril 2026;198;B;B198;;"=IF(AND(NOT(ISBLANK($G197)),ISBLANK($G198)),$C$42-$F$40-$F$42,"""")"
Avril 2026;198;C;C198;;"=IF(AND(NOT(ISBLANK($G197)),ISBLANK($G198)),""Reste réel"","""")"
Avril 2026;198;D;D198;;"=IF(AND(NOT(ISBLANK($G197)),ISBLANK($G198)),$C$42-$H$40-$F$42,"""")"
Avril 2026;198;J;J198;0;"=IF(I198=""x"",H198,0)"
Avril 2026;199;A;A199;;"=IF(AND(NOT(ISBLANK(G198)),ISBLANK(G199)),""Reste prévu"","""")"
Avril 2026;199;B;B199;;"=IF(AND(NOT(ISBLANK($G198)),ISBLANK($G199)),$C$42-$F$40-$F$42,"""")"
Avril 2026;199;C;C199;;"=IF(AND(NOT(ISBLANK($G198)),ISBLANK($G199)),""Reste réel"","""")"
Avril 2026;199;D;D199;;"=IF(AND(NOT(ISBLANK($G198)),ISBLANK($G199)),$C$42-$H$40-$F$42,"""")"
Avril 2026;199;J;J199;0;"=IF(I199=""x"",H199,0)"
Avril 2026;200;A;A200;;"=IF(AND(NOT(ISBLANK(G199)),ISBLANK(G200)),""Reste prévu"","""")"
Avril 2026;200;B;B200;;"=IF(AND(NOT(ISBLANK($G199)),ISBLANK($G200)),$C$42-$F$40-$F$42,"""")"
Avril 2026;200;C;C200;;"=IF(AND(NOT(ISBLANK($G199)),ISBLANK($G200)),""Reste réel"","""")"
Avril 2026;200;D;D200;;"=IF(AND(NOT(ISBLANK($G199)),ISBLANK($G200)),$C$42-$H$40-$F$42,"""")"
Avril 2026;200;J;J200;0;"=IF(I200=""x"",H200,0)"
Avril 2026;201;A;A201;;"=IF(AND(NOT(ISBLANK(G200)),ISBLANK(G201)),""Reste prévu"","""")"
Avril 2026;201;B;B201;;"=IF(AND(NOT(ISBLANK($G200)),ISBLANK($G201)),$C$42-$F$40-$F$42,"""")"
Avril 2026;201;C;C201;;"=IF(AND(NOT(ISBLANK($G200)),ISBLANK($G201)),""Reste réel"","""")"
Avril 2026;201;D;D201;;"=IF(AND(NOT(ISBLANK($G200)),ISBLANK($G201)),$C$42-$H$40-$F$42,"""")"
Avril 2026;201;J;J201;0;"=IF(I201=""x"",H201,0)"
Avril 2026;202;A;A202;;"=IF(AND(NOT(ISBLANK(G201)),ISBLANK(G202)),""Reste prévu"","""")"
Avril 2026;202;B;B202;;"=IF(AND(NOT(ISBLANK($G201)),ISBLANK($G202)),$C$42-$F$40-$F$42,"""")"
Avril 2026;202;C;C202;;"=IF(AND(NOT(ISBLANK($G201)),ISBLANK($G202)),""Reste réel"","""")"
Avril 2026;202;D;D202;;"=IF(AND(NOT(ISBLANK($G201)),ISBLANK($G202)),$C$42-$H$40-$F$42,"""")"
Avril 2026;202;J;J202;0;"=IF(I202=""x"",H202,0)"
Avril 2026;203;A;A203;;"=IF(AND(NOT(ISBLANK(G202)),ISBLANK(G203)),""Reste prévu"","""")"
Avril 2026;203;B;B203;;"=IF(AND(NOT(ISBLANK($G202)),ISBLANK($G203)),$C$42-$F$40-$F$42,"""")"
Avril 2026;203;C;C203;;"=IF(AND(NOT(ISBLANK($G202)),ISBLANK($G203)),""Reste réel"","""")"
Avril 2026;203;D;D203;;"=IF(AND(NOT(ISBLANK($G202)),ISBLANK($G203)),$C$42-$H$40-$F$42,"""")"
Avril 2026;203;J;J203;0;"=IF(I203=""x"",H203,0)"
Avril 2026;204;A;A204;;"=IF(AND(NOT(ISBLANK(G203)),ISBLANK(G204)),""Reste prévu"","""")"
Avril 2026;204;B;B204;;"=IF(AND(NOT(ISBLANK($G203)),ISBLANK($G204)),$C$42-$F$40-$F$42,"""")"
Avril 2026;204;C;C204;;"=IF(AND(NOT(ISBLANK($G203)),ISBLANK($G204)),""Reste réel"","""")"
Avril 2026;204;D;D204;;"=IF(AND(NOT(ISBLANK($G203)),ISBLANK($G204)),$C$42-$H$40-$F$42,"""")"
Avril 2026;204;J;J204;0;"=IF(I204=""x"",H204,0)"
Avril 2026;205;A;A205;;"=IF(AND(NOT(ISBLANK(G204)),ISBLANK(G205)),""Reste prévu"","""")"
Avril 2026;205;B;B205;;"=IF(AND(NOT(ISBLANK($G204)),ISBLANK($G205)),$C$42-$F$40-$F$42,"""")"
Avril 2026;205;C;C205;;"=IF(AND(NOT(ISBLANK($G204)),ISBLANK($G205)),""Reste réel"","""")"
Avril 2026;205;D;D205;;"=IF(AND(NOT(ISBLANK($G204)),ISBLANK($G205)),$C$42-$H$40-$F$42,"""")"
Avril 2026;205;J;J205;0;"=IF(I205=""x"",H205,0)"
Avril 2026;206;A;A206;;"=IF(AND(NOT(ISBLANK(G205)),ISBLANK(G206)),""Reste prévu"","""")"
Avril 2026;206;B;B206;;"=IF(AND(NOT(ISBLANK($G205)),ISBLANK($G206)),$C$42-$F$40-$F$42,"""")"
Avril 2026;206;C;C206;;"=IF(AND(NOT(ISBLANK($G205)),ISBLANK($G206)),""Reste réel"","""")"
Avril 2026;206;D;D206;;"=IF(AND(NOT(ISBLANK($G205)),ISBLANK($G206)),$C$42-$H$40-$F$42,"""")"
Avril 2026;206;J;J206;0;"=IF(I206=""x"",H206,0)"
Avril 2026;207;A;A207;;"=IF(AND(NOT(ISBLANK(G206)),ISBLANK(G207)),""Reste prévu"","""")"
Avril 2026;207;B;B207;;"=IF(AND(NOT(ISBLANK($G206)),ISBLANK($G207)),$C$42-$F$40-$F$42,"""")"
Avril 2026;207;C;C207;;"=IF(AND(NOT(ISBLANK($G206)),ISBLANK($G207)),""Reste réel"","""")"
Avril 2026;207;D;D207;;"=IF(AND(NOT(ISBLANK($G206)),ISBLANK($G207)),$C$42-$H$40-$F$42,"""")"
Avril 2026;207;J;J207;0;"=IF(I207=""x"",H207,0)"
Avril 2026;208;A;A208;;"=IF(AND(NOT(ISBLANK(G207)),ISBLANK(G208)),""Reste prévu"","""")"
Avril 2026;208;B;B208;;"=IF(AND(NOT(ISBLANK($G207)),ISBLANK($G208)),$C$42-$F$40-$F$42,"""")"
Avril 2026;208;C;C208;;"=IF(AND(NOT(ISBLANK($G207)),ISBLANK($G208)),""Reste réel"","""")"
Avril 2026;208;D;D208;;"=IF(AND(NOT(ISBLANK($G207)),ISBLANK($G208)),$C$42-$H$40-$F$42,"""")"
Avril 2026;208;J;J208;0;"=IF(I208=""x"",H208,0)"
Avril 2026;209;A;A209;;"=IF(AND(NOT(ISBLANK(G208)),ISBLANK(G209)),""Reste prévu"","""")"
Avril 2026;209;B;B209;;"=IF(AND(NOT(ISBLANK($G208)),ISBLANK($G209)),$C$42-$F$40-$F$42,"""")"
Avril 2026;209;C;C209;;"=IF(AND(NOT(ISBLANK($G208)),ISBLANK($G209)),""Reste réel"","""")"
Avril 2026;209;D;D209;;"=IF(AND(NOT(ISBLANK($G208)),ISBLANK($G209)),$C$42-$H$40-$F$42,"""")"
Avril 2026;209;J;J209;0;"=IF(I209=""x"",H209,0)"
Avril 2026;210;A;A210;;"=IF(AND(NOT(ISBLANK(G209)),ISBLANK(G210)),""Reste prévu"","""")"
Avril 2026;210;B;B210;;"=IF(AND(NOT(ISBLANK($G209)),ISBLANK($G210)),$C$42-$F$40-$F$42,"""")"
Avril 2026;210;C;C210;;"=IF(AND(NOT(ISBLANK($G209)),ISBLANK($G210)),""Reste réel"","""")"
Avril 2026;210;D;D210;;"=IF(AND(NOT(ISBLANK($G209)),ISBLANK($G210)),$C$42-$H$40-$F$42,"""")"
Avril 2026;210;J;J210;0;"=IF(I210=""x"",H210,0)"
Avril 2026;211;A;A211;;"=IF(AND(NOT(ISBLANK(G210)),ISBLANK(G211)),""Reste prévu"","""")"
Avril 2026;211;B;B211;;"=IF(AND(NOT(ISBLANK($G210)),ISBLANK($G211)),$C$42-$F$40-$F$42,"""")"
Avril 2026;211;C;C211;;"=IF(AND(NOT(ISBLANK($G210)),ISBLANK($G211)),""Reste réel"","""")"
Avril 2026;211;D;D211;;"=IF(AND(NOT(ISBLANK($G210)),ISBLANK($G211)),$C$42-$H$40-$F$42,"""")"
Avril 2026;211;J;J211;0;"=IF(I211=""x"",H211,0)"
Avril 2026;212;A;A212;;"=IF(AND(NOT(ISBLANK(G211)),ISBLANK(G212)),""Reste prévu"","""")"
Avril 2026;212;B;B212;;"=IF(AND(NOT(ISBLANK($G211)),ISBLANK($G212)),$C$42-$F$40-$F$42,"""")"
Avril 2026;212;C;C212;;"=IF(AND(NOT(ISBLANK($G211)),ISBLANK($G212)),""Reste réel"","""")"
Avril 2026;212;D;D212;;"=IF(AND(NOT(ISBLANK($G211)),ISBLANK($G212)),$C$42-$H$40-$F$42,"""")"
Avril 2026;212;J;J212;0;"=IF(I212=""x"",H212,0)"
Avril 2026;213;A;A213;;"=IF(AND(NOT(ISBLANK(G212)),ISBLANK(G213)),""Reste prévu"","""")"
Avril 2026;213;B;B213;;"=IF(AND(NOT(ISBLANK($G212)),ISBLANK($G213)),$C$42-$F$40-$F$42,"""")"
Avril 2026;213;C;C213;;"=IF(AND(NOT(ISBLANK($G212)),ISBLANK($G213)),""Reste réel"","""")"
Avril 2026;213;D;D213;;"=IF(AND(NOT(ISBLANK($G212)),ISBLANK($G213)),$C$42-$H$40-$F$42,"""")"
Avril 2026;213;J;J213;0;"=IF(I213=""x"",H213,0)"
Avril 2026;214;A;A214;;"=IF(AND(NOT(ISBLANK(G213)),ISBLANK(G214)),""Reste prévu"","""")"
Avril 2026;214;B;B214;;"=IF(AND(NOT(ISBLANK($G213)),ISBLANK($G214)),$C$42-$F$40-$F$42,"""")"
Avril 2026;214;C;C214;;"=IF(AND(NOT(ISBLANK($G213)),ISBLANK($G214)),""Reste réel"","""")"
Avril 2026;214;D;D214;;"=IF(AND(NOT(ISBLANK($G213)),ISBLANK($G214)),$C$42-$H$40-$F$42,"""")"
Avril 2026;215;A;A215;;"=IF(AND(NOT(ISBLANK(G214)),ISBLANK(G215)),""Reste prévu"","""")"
Avril 2026;215;B;B215;;"=IF(AND(NOT(ISBLANK($G214)),ISBLANK($G215)),$C$42-$F$40-$F$42,"""")"
Avril 2026;215;C;C215;;"=IF(AND(NOT(ISBLANK($G214)),ISBLANK($G215)),""Reste réel"","""")"
Avril 2026;215;D;D215;;"=IF(AND(NOT(ISBLANK($G214)),ISBLANK($G215)),$C$42-$H$40-$F$42,"""")"
Avril 2026;216;A;A216;;"=IF(AND(NOT(ISBLANK(G215)),ISBLANK(G216)),""Reste prévu"","""")"
Avril 2026;216;B;B216;;"=IF(AND(NOT(ISBLANK($G215)),ISBLANK($G216)),$C$42-$F$40-$F$42,"""")"
Avril 2026;216;C;C216;;"=IF(AND(NOT(ISBLANK($G215)),ISBLANK($G216)),""Reste réel"","""")"
Avril 2026;216;D;D216;;"=IF(AND(NOT(ISBLANK($G215)),ISBLANK($G216)),$C$42-$H$40-$F$42,"""")"
Avril 2026;217;A;A217;;"=IF(AND(NOT(ISBLANK(G216)),ISBLANK(G217)),""Reste prévu"","""")"
Avril 2026;217;B;B217;;"=IF(AND(NOT(ISBLANK($G216)),ISBLANK($G217)),$C$42-$F$40-$F$42,"""")"
Avril 2026;217;C;C217;;"=IF(AND(NOT(ISBLANK($G216)),ISBLANK($G217)),""Reste réel"","""")"
Avril 2026;217;D;D217;;"=IF(AND(NOT(ISBLANK($G216)),ISBLANK($G217)),$C$42-$H$40-$F$42,"""")"
Avril 2026;218;A;A218;;"=IF(AND(NOT(ISBLANK(G217)),ISBLANK(G218)),""Reste prévu"","""")"
Avril 2026;218;B;B218;;"=IF(AND(NOT(ISBLANK($G217)),ISBLANK($G218)),$C$42-$F$40-$F$42,"""")"
Avril 2026;218;C;C218;;"=IF(AND(NOT(ISBLANK($G217)),ISBLANK($G218)),""Reste réel"","""")"
Avril 2026;218;D;D218;;"=IF(AND(NOT(ISBLANK($G217)),ISBLANK($G218)),$C$42-$H$40-$F$42,"""")"
Avril 2026;219;A;A219;;"=IF(AND(NOT(ISBLANK(G218)),ISBLANK(G219)),""Reste prévu"","""")"
Avril 2026;219;B;B219;;"=IF(AND(NOT(ISBLANK($G218)),ISBLANK($G219)),$C$42-$F$40-$F$42,"""")"
Avril 2026;219;C;C219;;"=IF(AND(NOT(ISBLANK($G218)),ISBLANK($G219)),""Reste réel"","""")"
Avril 2026;219;D;D219;;"=IF(AND(NOT(ISBLANK($G218)),ISBLANK($G219)),$C$42-$H$40-$F$42,"""")"
Avril 2026;220;A;A220;;"=IF(AND(NOT(ISBLANK(G219)),ISBLANK(G220)),""Reste prévu"","""")"
Avril 2026;220;B;B220;;"=IF(AND(NOT(ISBLANK($G219)),ISBLANK($G220)),$C$42-$F$40-$F$42,"""")"
Avril 2026;220;C;C220;;"=IF(AND(NOT(ISBLANK($G219)),ISBLANK($G220)),""Reste réel"","""")"
Avril 2026;220;D;D220;;"=IF(AND(NOT(ISBLANK($G219)),ISBLANK($G220)),$C$42-$H$40-$F$42,"""")"
Avril 2026;221;A;A221;;"=IF(AND(NOT(ISBLANK(G220)),ISBLANK(G221)),""Reste prévu"","""")"
Avril 2026;221;B;B221;;"=IF(AND(NOT(ISBLANK($G220)),ISBLANK($G221)),$C$42-$F$40-$F$42,"""")"
Avril 2026;221;C;C221;;"=IF(AND(NOT(ISBLANK($G220)),ISBLANK($G221)),""Reste réel"","""")"
Avril 2026;221;D;D221;;"=IF(AND(NOT(ISBLANK($G220)),ISBLANK($G221)),$C$42-$H$40-$F$42,"""")"
Avril 2026;222;A;A222;;"=IF(AND(NOT(ISBLANK(G221)),ISBLANK(G222)),""Reste prévu"","""")"
Avril 2026;222;B;B222;;"=IF(AND(NOT(ISBLANK($G221)),ISBLANK($G222)),$C$42-$F$40-$F$42,"""")"
Avril 2026;222;C;C222;;"=IF(AND(NOT(ISBLANK($G221)),ISBLANK($G222)),""Reste réel"","""")"
Avril 2026;222;D;D222;;"=IF(AND(NOT(ISBLANK($G221)),ISBLANK($G222)),$C$42-$H$40-$F$42,"""")"
Avril 2026;223;A;A223;;"=IF(AND(NOT(ISBLANK(G222)),ISBLANK(G223)),""Reste prévu"","""")"
Avril 2026;223;B;B223;;"=IF(AND(NOT(ISBLANK($G222)),ISBLANK($G223)),$C$42-$F$40-$F$42,"""")"
Avril 2026;223;C;C223;;"=IF(AND(NOT(ISBLANK($G222)),ISBLANK($G223)),""Reste réel"","""")"
Avril 2026;223;D;D223;;"=IF(AND(NOT(ISBLANK($G222)),ISBLANK($G223)),$C$42-$H$40-$F$42,"""")"
Avril 2026;224;A;A224;;"=IF(AND(NOT(ISBLANK(G223)),ISBLANK(G224)),""Reste prévu"","""")"
Avril 2026;224;B;B224;;"=IF(AND(NOT(ISBLANK($G223)),ISBLANK($G224)),$C$42-$F$40-$F$42,"""")"
Avril 2026;224;C;C224;;"=IF(AND(NOT(ISBLANK($G223)),ISBLANK($G224)),""Reste réel"","""")"
Avril 2026;224;D;D224;;"=IF(AND(NOT(ISBLANK($G223)),ISBLANK($G224)),$C$42-$H$40-$F$42,"""")"
Avril 2026;225;A;A225;;"=IF(AND(NOT(ISBLANK(G224)),ISBLANK(G225)),""Reste prévu"","""")"
Avril 2026;225;B;B225;;"=IF(AND(NOT(ISBLANK($G224)),ISBLANK($G225)),$C$42-$F$40-$F$42,"""")"
Avril 2026;225;C;C225;;"=IF(AND(NOT(ISBLANK($G224)),ISBLANK($G225)),""Reste réel"","""")"
Avril 2026;225;D;D225;;"=IF(AND(NOT(ISBLANK($G224)),ISBLANK($G225)),$C$42-$H$40-$F$42,"""")"
Avril 2026;226;A;A226;;"=IF(AND(NOT(ISBLANK(G225)),ISBLANK(G226)),""Reste prévu"","""")"
Avril 2026;226;B;B226;;"=IF(AND(NOT(ISBLANK($G225)),ISBLANK($G226)),$C$42-$F$40-$F$42,"""")"
Avril 2026;226;C;C226;;"=IF(AND(NOT(ISBLANK($G225)),ISBLANK($G226)),""Reste réel"","""")"
Avril 2026;226;D;D226;;"=IF(AND(NOT(ISBLANK($G225)),ISBLANK($G226)),$C$42-$H$40-$F$42,"""")"
Avril 2026;227;A;A227;;"=IF(AND(NOT(ISBLANK(G226)),ISBLANK(G227)),""Reste prévu"","""")"
Avril 2026;227;B;B227;;"=IF(AND(NOT(ISBLANK($G226)),ISBLANK($G227)),$C$42-$F$40-$F$42,"""")"
Avril 2026;227;C;C227;;"=IF(AND(NOT(ISBLANK($G226)),ISBLANK($G227)),""Reste réel"","""")"
Avril 2026;227;D;D227;;"=IF(AND(NOT(ISBLANK($G226)),ISBLANK($G227)),$C$42-$H$40-$F$42,"""")"
Avril 2026;228;A;A228;;"=IF(AND(NOT(ISBLANK(G227)),ISBLANK(G228)),""Reste prévu"","""")"
Avril 2026;228;B;B228;;"=IF(AND(NOT(ISBLANK($G227)),ISBLANK($G228)),$C$42-$F$40-$F$42,"""")"
Avril 2026;228;C;C228;;"=IF(AND(NOT(ISBLANK($G227)),ISBLANK($G228)),""Reste réel"","""")"
Avril 2026;228;D;D228;;"=IF(AND(NOT(ISBLANK($G227)),ISBLANK($G228)),$C$42-$H$40-$F$42,"""")"
Avril 2026;229;A;A229;;"=IF(AND(NOT(ISBLANK(G228)),ISBLANK(G229)),""Reste prévu"","""")"
Avril 2026;229;B;B229;;"=IF(AND(NOT(ISBLANK($G228)),ISBLANK($G229)),$C$42-$F$40-$F$42,"""")"
Avril 2026;229;C;C229;;"=IF(AND(NOT(ISBLANK($G228)),ISBLANK($G229)),""Reste réel"","""")"
Avril 2026;229;D;D229;;"=IF(AND(NOT(ISBLANK($G228)),ISBLANK($G229)),$C$42-$H$40-$F$42,"""")"
Avril 2026;230;A;A230;;"=IF(AND(NOT(ISBLANK(G229)),ISBLANK(G230)),""Reste prévu"","""")"
Avril 2026;230;B;B230;;"=IF(AND(NOT(ISBLANK($G229)),ISBLANK($G230)),$C$42-$F$40-$F$42,"""")"
Avril 2026;230;C;C230;;"=IF(AND(NOT(ISBLANK($G229)),ISBLANK($G230)),""Reste réel"","""")"
Avril 2026;230;D;D230;;"=IF(AND(NOT(ISBLANK($G229)),ISBLANK($G230)),$C$42-$H$40-$F$42,"""")"
Avril 2026;231;A;A231;;"=IF(AND(NOT(ISBLANK(G230)),ISBLANK(G231)),""Reste prévu"","""")"
Avril 2026;231;B;B231;;"=IF(AND(NOT(ISBLANK($G230)),ISBLANK($G231)),$C$42-$F$40-$F$42,"""")"
Avril 2026;231;C;C231;;"=IF(AND(NOT(ISBLANK($G230)),ISBLANK($G231)),""Reste réel"","""")"
Avril 2026;231;D;D231;;"=IF(AND(NOT(ISBLANK($G230)),ISBLANK($G231)),$C$42-$H$40-$F$42,"""")"
Avril 2026;232;A;A232;;"=IF(AND(NOT(ISBLANK(G231)),ISBLANK(G232)),""Reste prévu"","""")"
Avril 2026;232;B;B232;;"=IF(AND(NOT(ISBLANK($G231)),ISBLANK($G232)),$C$42-$F$40-$F$42,"""")"
Avril 2026;232;C;C232;;"=IF(AND(NOT(ISBLANK($G231)),ISBLANK($G232)),""Reste réel"","""")"
Avril 2026;232;D;D232;;"=IF(AND(NOT(ISBLANK($G231)),ISBLANK($G232)),$C$42-$H$40-$F$42,"""")"
Avril 2026;233;A;A233;;"=IF(AND(NOT(ISBLANK(G232)),ISBLANK(G233)),""Reste prévu"","""")"
Avril 2026;233;B;B233;;"=IF(AND(NOT(ISBLANK($G232)),ISBLANK($G233)),$C$42-$F$40-$F$42,"""")"
Avril 2026;233;C;C233;;"=IF(AND(NOT(ISBLANK($G232)),ISBLANK($G233)),""Reste réel"","""")"
Avril 2026;233;D;D233;;"=IF(AND(NOT(ISBLANK($G232)),ISBLANK($G233)),$C$42-$H$40-$F$42,"""")"
Avril 2026;234;A;A234;;"=IF(AND(NOT(ISBLANK(G233)),ISBLANK(G234)),""Reste prévu"","""")"
Avril 2026;234;B;B234;;"=IF(AND(NOT(ISBLANK($G233)),ISBLANK($G234)),$C$42-$F$40-$F$42,"""")"
Avril 2026;234;C;C234;;"=IF(AND(NOT(ISBLANK($G233)),ISBLANK($G234)),""Reste réel"","""")"
Avril 2026;234;D;D234;;"=IF(AND(NOT(ISBLANK($G233)),ISBLANK($G234)),$C$42-$H$40-$F$42,"""")"
Avril 2026;235;A;A235;;"=IF(AND(NOT(ISBLANK(G234)),ISBLANK(G235)),""Reste prévu"","""")"
Avril 2026;235;B;B235;;"=IF(AND(NOT(ISBLANK($G234)),ISBLANK($G235)),$C$42-$F$40-$F$42,"""")"
Avril 2026;235;C;C235;;"=IF(AND(NOT(ISBLANK($G234)),ISBLANK($G235)),""Reste réel"","""")"
Avril 2026;235;D;D235;;"=IF(AND(NOT(ISBLANK($G234)),ISBLANK($G235)),$C$42-$H$40-$F$42,"""")"
Avril 2026;236;A;A236;;"=IF(AND(NOT(ISBLANK(G235)),ISBLANK(G236)),""Reste prévu"","""")"
Avril 2026;236;B;B236;;"=IF(AND(NOT(ISBLANK($G235)),ISBLANK($G236)),$C$42-$F$40-$F$42,"""")"
Avril 2026;236;C;C236;;"=IF(AND(NOT(ISBLANK($G235)),ISBLANK($G236)),""Reste réel"","""")"
Avril 2026;236;D;D236;;"=IF(AND(NOT(ISBLANK($G235)),ISBLANK($G236)),$C$42-$H$40-$F$42,"""")"
Mars 2026;1;B;B1;Recettes;
Mars 2026;1;E;E1;Dépenses;
Mars 2026;1;K;K1;Cadeau;
Mars 2026;3;B;B3;Salaire Pierre;
Mars 2026;3;C;C3;5258.61;
Mars 2026;3;E;E3;Loyer Elouen;
Mars 2026;3;F;F3;669.7;
Mars 2026;3;G;G3;x;
Mars 2026;3;H;H3;669.7;"=IF(G3=""x"",F3,0)"
Mars 2026;3;K;K3;Logement;
Mars 2026;4;B;B4;Salaire Sterenn;
Mars 2026;4;C;C4;1828.73;
Mars 2026;4;E;E4;Argent de poche Elouen;
Mars 2026;4;H;H4;0;"=IF(G4=""x"",F4,0)"
Mars 2026;4;K;K4;Charges;
Mars 2026;5;B;B5;CAF;
Mars 2026;5;C;C5;113.3;
Mars 2026;5;E;E5;Engie Elouen;
Mars 2026;5;F;F5;70;
Mars 2026;5;G;G5;x;
Mars 2026;5;H;H5;70;"=IF(G5=""x"",F5,0)"
Mars 2026;5;K;K5;Charges;
Mars 2026;6;E;E6;Argent de poche Arthur;
Mars 2026;6;F;F6;164.99;
Mars 2026;6;G;G6;x;
Mars 2026;6;H;H6;164.99;"=IF(G6=""x"",F6,0)"
Mars 2026;6;K;K6;Charges;
Mars 2026;7;E;E7;Prêt 25 ;
Mars 2026;7;F;F7;995.15;
Mars 2026;7;G;G7;x;
Mars 2026;7;H;H7;995.15;"=IF(G7=""x"",F7,0)"
Mars 2026;7;K;K7;Logement;
Mars 2026;8;E;E8;Prêt 15;
Mars 2026;8;F;F8;883.42;
Mars 2026;8;G;G8;x;
Mars 2026;8;H;H8;883.42;"=IF(G8=""x"",F8,0)"
Mars 2026;8;K;K8;Logement;
Mars 2026;9;B;B9;Frais Igienair;
Mars 2026;9;C;C9;93.15;
Mars 2026;9;E;E9;Assurances prêt;
Mars 2026;9;F;F9;11.46;
Mars 2026;9;G;G9;x;
Mars 2026;9;H;H9;11.46;"=IF(G9=""x"",F9,0)"
Mars 2026;9;K;K9;Logement;
Mars 2026;10;B;B10;Mutuelle;
Mars 2026;10;C;C10;10.5;
Mars 2026;10;E;E10;Assurances prêt;
Mars 2026;10;F;F10;32.57;
Mars 2026;10;G;G10;x;
Mars 2026;10;H;H10;32.57;"=IF(G10=""x"",F10,0)"
Mars 2026;10;K;K10;Logement;
Mars 2026;11;B;B11;Epargne Travaux;
Mars 2026;11;C;C11;599.17;
Mars 2026;11;E;E11;Assurances prêt;
Mars 2026;11;F;F11;79.98;
Mars 2026;11;G;G11;x;
Mars 2026;11;H;H11;79.98;"=IF(G11=""x"",F11,0)"
Mars 2026;11;K;K11;Logement;
Mars 2026;12;B;B12;Remboursement Mitigeur Lidl;
Mars 2026;12;C;C12;26.99;
Mars 2026;12;E;E12;Assurances prêt;
Mars 2026;12;F;F12;28.49;
Mars 2026;12;G;G12;x;
Mars 2026;12;H;H12;28.49;"=IF(G12=""x"",F12,0)"
Mars 2026;12;K;K12;Logement;
Mars 2026;13;B;B13;CPAM;
Mars 2026;13;C;C13;4;
Mars 2026;13;E;E13;Disney;
Mars 2026;13;F;F13;6.99;
Mars 2026;13;G;G13;x;
Mars 2026;13;H;H13;6.99;"=IF(G13=""x"",F13,0)"
Mars 2026;13;K;K13;Internet/Téléphone;
Mars 2026;14;B;B14;Epargne Travaux;
Mars 2026;14;C;C14;450;
Mars 2026;14;E;E14;EDF Arthur;
Mars 2026;14;F;F14;65;
Mars 2026;14;G;G14;x;
Mars 2026;14;H;H14;65;"=IF(G14=""x"",F14,0)"
Mars 2026;14;K;K14;Charges;
Mars 2026;15;B;B15;Edouard Padel;
Mars 2026;15;C;C15;4.2;
Mars 2026;15;E;E15;EkWateur;
Mars 2026;15;F;F15;208;
Mars 2026;15;G;G15;x;
Mars 2026;15;H;H15;208;"=IF(G15=""x"",F15,0)"
Mars 2026;15;K;K15;Charges;
Mars 2026;16;B;B16;Jean Marie Raclette;
Mars 2026;16;C;C16;15.67;
Mars 2026;16;E;E16;Sosh Maison;
Mars 2026;16;F;F16;24.99;
Mars 2026;16;G;G16;x;
Mars 2026;16;H;H16;24.99;"=IF(G16=""x"",F16,0)"
Mars 2026;16;K;K16;Internet/Téléphone;
Mars 2026;17;B;B17;Epargne Travaux;
Mars 2026;17;C;C17;178.72;
Mars 2026;17;E;E17;Sosh Arthur;
Mars 2026;17;F;F17;14.99;
Mars 2026;17;G;G17;x;
Mars 2026;17;H;H17;14.99;"=IF(G17=""x"",F17,0)"
Mars 2026;17;K;K17;Internet/Téléphone;
Mars 2026;18;E;E18;Sosh Ael;
Mars 2026;18;F;F18;14.99;
Mars 2026;18;G;G18;x;
Mars 2026;18;H;H18;14.99;"=IF(G18=""x"",F18,0)"
Mars 2026;18;K;K18;Internet/Téléphone;
Mars 2026;19;E;E19;Sosh Elouen;
Mars 2026;19;F;F19;14.99;
Mars 2026;19;G;G19;x;
Mars 2026;19;H;H19;14.99;"=IF(G19=""x"",F19,0)"
Mars 2026;19;K;K19;Internet/Téléphone;
Mars 2026;20;E;E20;Sosh Sterenn;
Mars 2026;20;F;F20;10.99;
Mars 2026;20;G;G20;x;
Mars 2026;20;H;H20;10.99;"=IF(G20=""x"",F20,0)"
Mars 2026;20;K;K20;Internet/Téléphone;
Mars 2026;21;E;E21;Mutuelle;
Mars 2026;21;F;F21;104.98;
Mars 2026;21;G;G21;x;
Mars 2026;21;H;H21;104.98;"=IF(G21=""x"",F21,0)"
Mars 2026;21;K;K21;Assurances/Mutuelle;
Mars 2026;23;E;E23;Suravenir Habitation;
Mars 2026;23;F;F23;60.09;
Mars 2026;23;G;G23;x;
Mars 2026;23;H;H23;60.09;"=IF(G23=""x"",F23,0)"
Mars 2026;23;K;K23;Assurances/Mutuelle;
Mars 2026;24;E;E24;VW LDD;
Mars 2026;24;F;F24;331.65;
Mars 2026;24;G;G24;x;
Mars 2026;24;H;H24;331.65;"=IF(G24=""x"",F24,0)"
Mars 2026;24;K;K24;Voiture/Déplacement;
Mars 2026;25;E;E25;Suravenir Voiture;
Mars 2026;25;F;F25;133.7;
Mars 2026;25;G;G25;x;
Mars 2026;25;H;H25;133.7;"=IF(G25=""x"",F25,0)"
Mars 2026;25;K;K25;Assurances/Mutuelle;
Mars 2026;26;E;E26;Suravenir Garanties Vie;
Mars 2026;26;F;F26;29.97;
Mars 2026;26;G;G26;x;
Mars 2026;26;H;H26;29.97;"=IF(G26=""x"",F26,0)"
Mars 2026;26;K;K26;Assurances/Mutuelle;
Mars 2026;27;E;E27;Joséphine;
Mars 2026;27;F;F27;20;
Mars 2026;27;G;G27;x;
Mars 2026;27;H;H27;20;"=IF(G27=""x"",F27,0)"
Mars 2026;27;K;K27;Divers;
Mars 2026;28;E;E28;Canal Plus;
Mars 2026;28;F;F28;21.99;
Mars 2026;28;G;G28;x;
Mars 2026;28;H;H28;21.99;"=IF(G28=""x"",F28,0)"
Mars 2026;28;K;K28;Internet/Téléphone;
Mars 2026;29;H;H29;0;"=IF(G29=""x"",F29,0)"
Mars 2026;29;K;K29;Voiture/Déplacement;
Mars 2026;30;E;E30;Keolis Elouen;
Mars 2026;30;F;F30;21.4;
Mars 2026;30;G;G30;x;
Mars 2026;30;H;H30;21.4;"=IF(G30=""x"",F30,0)"
Mars 2026;30;K;K30;Voiture/Déplacement;
Mars 2026;31;E;E31;Apple;
Mars 2026;31;F;F31;0.99;
Mars 2026;31;G;G31;x;
Mars 2026;31;H;H31;0.99;"=IF(G31=""x"",F31,0)"
Mars 2026;31;K;K31;Internet/Téléphone;
Mars 2026;32;E;E32;Apple;
Mars 2026;32;F;F32;16.99;
Mars 2026;32;G;G32;x;
Mars 2026;32;H;H32;16.99;"=IF(G32=""x"",F32,0)"
Mars 2026;32;K;K32;Internet/Téléphone;
Mars 2026;33;E;E33;St Charles;
Mars 2026;33;F;F33;178.3;
Mars 2026;33;G;G33;x;
Mars 2026;33;H;H33;178.3;"=IF(G33=""x"",F33,0)"
Mars 2026;33;K;K33;Scolarité;
Mars 2026;34;E;E34;Ménage;
Mars 2026;34;F;F34;102;
Mars 2026;34;G;G34;x;
Mars 2026;34;H;H34;102;"=IF(G34=""x"",F34,0)"
Mars 2026;34;K;K34;Logement;
Mars 2026;35;E;E35;Urssaaf;
Mars 2026;35;F;F35;104.6;
Mars 2026;35;G;G35;x;
Mars 2026;35;H;H35;104.6;"=IF(G35=""x"",F35,0)"
Mars 2026;35;K;K35;Logement;
Mars 2026;36;E;E36;Cotisation Eurocompte;
Mars 2026;36;F;F36;19.03;
Mars 2026;36;G;G36;x;
Mars 2026;36;H;H36;19.03;"=IF(G36=""x"",F36,0)"
Mars 2026;37;E;E37;Indivision;
Mars 2026;37;F;F37;33.89;
Mars 2026;37;G;G37;x;
Mars 2026;37;H;H37;33.89;"=IF(G37=""x"",F37,0)"
Mars 2026;39;A;A39;Etat mois précédent;
Mars 2026;39;C;C39;#REF!;='Fevrier 2026'!D43
Mars 2026;40;A;A40;Recettes fixes;
Mars 2026;40;C;C40;7200.64;=SUM(C2:C6)
Mars 2026;40;E;E40;Somme dépenses prévues;
Mars 2026;40;F;F40;4476.279999999999;=SUM(F2:F38)
Mars 2026;40;G;G40;Somme dépenses réelles;
Mars 2026;40;H;H40;4476.279999999999;=SUM(H2:H38)
Mars 2026;40;I;I40;Delta moins les exceptions;
Mars 2026;41;A;A41;Recettes additionnelles du mois;
Mars 2026;41;C;C41;1382.4;=SUM(C8:C35)
Mars 2026;41;E;E41;Reste previsionnel;
Mars 2026;41;F;F41;#REF!;=C42-F40
Mars 2026;41;G;G41;Delta du mois;
Mars 2026;41;H;H41;#REF!;=C39+C40+C41-H40-F42
Mars 2026;42;A;A42;Total Recettes;
Mars 2026;42;C;C42;#REF!;=SUM(C39:C41)
Mars 2026;42;E;E42;Somme dépenses non prévues;
Mars 2026;42;F;F42;3943.44;=SUM(J44:J246)
Mars 2026;43;A;A43;Reste prévu;
Mars 2026;43;B;B43;#REF!;=$C$42-$F$40-$F$42
Mars 2026;43;C;C43;Reste réel;
Mars 2026;43;D;D43;#REF!;=$C$42-$H$40-$F$42
Mars 2026;44;A;A44;;"=IF(AND(NOT(ISBLANK(#REF!)),ISBLANK(G44)),""Reste prévu"","""")"
Mars 2026;44;B;B44;;"=IF(AND(NOT(ISBLANK(#REF!)),ISBLANK($G44)),$C$42-$F$40-$F$42,"""")"
Mars 2026;44;C;C44;;"=IF(AND(NOT(ISBLANK(#REF!)),ISBLANK($G44)),""Reste réel"","""")"
Mars 2026;44;D;D44;;"=IF(AND(NOT(ISBLANK(#REF!)),ISBLANK($G44)),$C$42-$H$40-$F$42,"""")"
Mars 2026;44;G;G44;Soirée Hand;
Mars 2026;44;H;H44;11.5;
Mars 2026;44;I;I44;x;
Mars 2026;44;J;J44;11.5;"=IF(I44=""x"",H44,0)"
Mars 2026;44;K;K44;Loisirs;
Mars 2026;45;A;A45;;"=IF(AND(NOT(ISBLANK(G44)),ISBLANK(G45)),""Reste prévu"","""")"
Mars 2026;45;B;B45;;"=IF(AND(NOT(ISBLANK($G44)),ISBLANK($G45)),$C$42-$F$40-$F$42,"""")"
Mars 2026;45;C;C45;;"=IF(AND(NOT(ISBLANK($G44)),ISBLANK($G45)),""Reste réel"","""")"
Mars 2026;45;D;D45;;"=IF(AND(NOT(ISBLANK($G44)),ISBLANK($G45)),$C$42-$H$40-$F$42,"""")"
Mars 2026;45;G;G45;Boucherie;
Mars 2026;45;H;H45;21.02;
Mars 2026;45;I;I45;x;
Mars 2026;45;J;J45;21.02;"=IF(I45=""x"",H45,0)"
Mars 2026;45;K;K45;Courses;
Mars 2026;46;A;A46;;"=IF(AND(NOT(ISBLANK(G45)),ISBLANK(G46)),""Reste prévu"","""")"
Mars 2026;46;B;B46;;"=IF(AND(NOT(ISBLANK($G45)),ISBLANK($G46)),$C$42-$F$40-$F$42,"""")"
Mars 2026;46;C;C46;;"=IF(AND(NOT(ISBLANK($G45)),ISBLANK($G46)),""Reste réel"","""")"
Mars 2026;46;D;D46;;"=IF(AND(NOT(ISBLANK($G45)),ISBLANK($G46)),$C$42-$H$40-$F$42,"""")"
Mars 2026;46;G;G46;Leclerc;
Mars 2026;46;H;H46;205.56;
Mars 2026;46;I;I46;x;
Mars 2026;46;J;J46;205.56;"=IF(I46=""x"",H46,0)"
Mars 2026;46;K;K46;Courses;
Mars 2026;47;A;A47;;"=IF(AND(NOT(ISBLANK(G46)),ISBLANK(G47)),""Reste prévu"","""")"
Mars 2026;47;B;B47;;"=IF(AND(NOT(ISBLANK($G46)),ISBLANK($G47)),$C$42-$F$40-$F$42,"""")"
Mars 2026;47;C;C47;;"=IF(AND(NOT(ISBLANK($G46)),ISBLANK($G47)),""Reste réel"","""")"
Mars 2026;47;D;D47;;"=IF(AND(NOT(ISBLANK($G46)),ISBLANK($G47)),$C$42-$H$40-$F$42,"""")"
Mars 2026;47;G;G47;Mr Bricolage;
Mars 2026;47;H;H47;209.7;
Mars 2026;47;I;I47;x;
Mars 2026;47;J;J47;209.7;"=IF(I47=""x"",H47,0)"
Mars 2026;47;K;K47;Bricolage/Travaux;
Mars 2026;48;A;A48;;"=IF(AND(NOT(ISBLANK(G47)),ISBLANK(G48)),""Reste prévu"","""")"
Mars 2026;48;B;B48;;"=IF(AND(NOT(ISBLANK($G47)),ISBLANK($G48)),$C$42-$F$40-$F$42,"""")"
Mars 2026;48;C;C48;;"=IF(AND(NOT(ISBLANK($G47)),ISBLANK($G48)),""Reste réel"","""")"
Mars 2026;48;D;D48;;"=IF(AND(NOT(ISBLANK($G47)),ISBLANK($G48)),$C$42-$H$40-$F$42,"""")"
Mars 2026;48;G;G48;Pharmacie;
Mars 2026;48;H;H48;28.65;
Mars 2026;48;I;I48;x;
Mars 2026;48;J;J48;28.65;"=IF(I48=""x"",H48,0)"
Mars 2026;48;K;K48;Medical;
Mars 2026;49;A;A49;;"=IF(AND(NOT(ISBLANK(G48)),ISBLANK(G49)),""Reste prévu"","""")"
Mars 2026;49;B;B49;;"=IF(AND(NOT(ISBLANK($G48)),ISBLANK($G49)),$C$42-$F$40-$F$42,"""")"
Mars 2026;49;C;C49;;"=IF(AND(NOT(ISBLANK($G48)),ISBLANK($G49)),""Reste réel"","""")"
Mars 2026;49;D;D49;;"=IF(AND(NOT(ISBLANK($G48)),ISBLANK($G49)),$C$42-$H$40-$F$42,"""")"
Mars 2026;49;G;G49;Train Arthur;
Mars 2026;49;H;H49;9;
Mars 2026;49;I;I49;x;
Mars 2026;49;J;J49;9;"=IF(I49=""x"",H49,0)"
Mars 2026;49;K;K49;Voiture/Déplacement;
Mars 2026;50;A;A50;;"=IF(AND(NOT(ISBLANK(G49)),ISBLANK(G50)),""Reste prévu"","""")"
Mars 2026;50;B;B50;;"=IF(AND(NOT(ISBLANK($G49)),ISBLANK($G50)),$C$42-$F$40-$F$42,"""")"
Mars 2026;50;C;C50;;"=IF(AND(NOT(ISBLANK($G49)),ISBLANK($G50)),""Reste réel"","""")"
Mars 2026;50;D;D50;;"=IF(AND(NOT(ISBLANK($G49)),ISBLANK($G50)),$C$42-$H$40-$F$42,"""")"
Mars 2026;50;G;G50;ChargeMap;
Mars 2026;50;H;H50;115.4;
Mars 2026;50;I;I50;x;
Mars 2026;50;J;J50;115.4;"=IF(I50=""x"",H50,0)"
Mars 2026;50;K;K50;Voiture/Déplacement;
Mars 2026;51;A;A51;;"=IF(AND(NOT(ISBLANK(G50)),ISBLANK(G51)),""Reste prévu"","""")"
Mars 2026;51;B;B51;;"=IF(AND(NOT(ISBLANK($G50)),ISBLANK($G51)),$C$42-$F$40-$F$42,"""")"
Mars 2026;51;C;C51;;"=IF(AND(NOT(ISBLANK($G50)),ISBLANK($G51)),""Reste réel"","""")"
Mars 2026;51;D;D51;;"=IF(AND(NOT(ISBLANK($G50)),ISBLANK($G51)),$C$42-$H$40-$F$42,"""")"
Mars 2026;51;G;G51;Cireuse qui ne marche pas Amazon;
Mars 2026;51;H;H51;105.9;
Mars 2026;51;I;I51;x;
Mars 2026;51;J;J51;105.9;"=IF(I51=""x"",H51,0)"
Mars 2026;51;K;K51;Bricolage/Travaux;
Mars 2026;52;A;A52;;"=IF(AND(NOT(ISBLANK(G51)),ISBLANK(G52)),""Reste prévu"","""")"
Mars 2026;52;B;B52;;"=IF(AND(NOT(ISBLANK($G51)),ISBLANK($G52)),$C$42-$F$40-$F$42,"""")"
Mars 2026;52;C;C52;;"=IF(AND(NOT(ISBLANK($G51)),ISBLANK($G52)),""Reste réel"","""")"
Mars 2026;52;D;D52;;"=IF(AND(NOT(ISBLANK($G51)),ISBLANK($G52)),$C$42-$H$40-$F$42,"""")"
Mars 2026;52;G;G52;Leclerc;
Mars 2026;52;H;H52;5.18;
Mars 2026;52;I;I52;x;
Mars 2026;52;J;J52;5.18;"=IF(I52=""x"",H52,0)"
Mars 2026;52;K;K52;Courses;
Mars 2026;53;A;A53;;"=IF(AND(NOT(ISBLANK(G52)),ISBLANK(G53)),""Reste prévu"","""")"
Mars 2026;53;B;B53;;"=IF(AND(NOT(ISBLANK($G52)),ISBLANK($G53)),$C$42-$F$40-$F$42,"""")"
Mars 2026;53;C;C53;;"=IF(AND(NOT(ISBLANK($G52)),ISBLANK($G53)),""Reste réel"","""")"
Mars 2026;53;D;D53;;"=IF(AND(NOT(ISBLANK($G52)),ISBLANK($G53)),$C$42-$H$40-$F$42,"""")"
Mars 2026;53;G;G53;Train Arthur;
Mars 2026;53;H;H53;9;
Mars 2026;53;I;I53;x;
Mars 2026;53;J;J53;9;"=IF(I53=""x"",H53,0)"
Mars 2026;53;K;K53;Voiture/Déplacement;
Mars 2026;54;A;A54;;"=IF(AND(NOT(ISBLANK(G53)),ISBLANK(G54)),""Reste prévu"","""")"
Mars 2026;54;B;B54;;"=IF(AND(NOT(ISBLANK($G53)),ISBLANK($G54)),$C$42-$F$40-$F$42,"""")"
Mars 2026;54;C;C54;;"=IF(AND(NOT(ISBLANK($G53)),ISBLANK($G54)),""Reste réel"","""")"
Mars 2026;54;D;D54;;"=IF(AND(NOT(ISBLANK($G53)),ISBLANK($G54)),$C$42-$H$40-$F$42,"""")"
Mars 2026;54;G;G54;Lavage Voiture;
Mars 2026;54;H;H54;14;
Mars 2026;54;I;I54;x;
Mars 2026;54;J;J54;14;"=IF(I54=""x"",H54,0)"
Mars 2026;54;K;K54;Voiture/Déplacement;
Mars 2026;55;A;A55;;"=IF(AND(NOT(ISBLANK(G54)),ISBLANK(G55)),""Reste prévu"","""")"
Mars 2026;55;B;B55;;"=IF(AND(NOT(ISBLANK($G54)),ISBLANK($G55)),$C$42-$F$40-$F$42,"""")"
Mars 2026;55;C;C55;;"=IF(AND(NOT(ISBLANK($G54)),ISBLANK($G55)),""Reste réel"","""")"
Mars 2026;55;D;D55;;"=IF(AND(NOT(ISBLANK($G54)),ISBLANK($G55)),$C$42-$H$40-$F$42,"""")"
Mars 2026;55;G;G55;Pharmacie;
Mars 2026;55;H;H55;3.46;
Mars 2026;55;I;I55;x;
Mars 2026;55;J;J55;3.46;"=IF(I55=""x"",H55,0)"
Mars 2026;55;K;K55;Medical;
Mars 2026;56;A;A56;;"=IF(AND(NOT(ISBLANK(G55)),ISBLANK(G56)),""Reste prévu"","""")"
Mars 2026;56;B;B56;;"=IF(AND(NOT(ISBLANK($G55)),ISBLANK($G56)),$C$42-$F$40-$F$42,"""")"
Mars 2026;56;C;C56;;"=IF(AND(NOT(ISBLANK($G55)),ISBLANK($G56)),""Reste réel"","""")"
Mars 2026;56;D;D56;;"=IF(AND(NOT(ISBLANK($G55)),ISBLANK($G56)),$C$42-$H$40-$F$42,"""")"
Mars 2026;56;G;G56;Pharmacie;
Mars 2026;56;H;H56;67.28;
Mars 2026;56;I;I56;x;
Mars 2026;56;J;J56;67.28;"=IF(I56=""x"",H56,0)"
Mars 2026;56;K;K56;Medical;
Mars 2026;57;A;A57;;"=IF(AND(NOT(ISBLANK(G56)),ISBLANK(G57)),""Reste prévu"","""")"
Mars 2026;57;B;B57;;"=IF(AND(NOT(ISBLANK($G56)),ISBLANK($G57)),$C$42-$F$40-$F$42,"""")"
Mars 2026;57;C;C57;;"=IF(AND(NOT(ISBLANK($G56)),ISBLANK($G57)),""Reste réel"","""")"
Mars 2026;57;D;D57;;"=IF(AND(NOT(ISBLANK($G56)),ISBLANK($G57)),$C$42-$H$40-$F$42,"""")"
Mars 2026;57;G;G57;Metro Rennes;
Mars 2026;57;H;H57;3.4;
Mars 2026;57;I;I57;x;
Mars 2026;57;J;J57;3.4;"=IF(I57=""x"",H57,0)"
Mars 2026;57;K;K57;Voiture/Déplacement;
Mars 2026;58;A;A58;;"=IF(AND(NOT(ISBLANK(G57)),ISBLANK(G58)),""Reste prévu"","""")"
Mars 2026;58;B;B58;;"=IF(AND(NOT(ISBLANK($G57)),ISBLANK($G58)),$C$42-$F$40-$F$42,"""")"
Mars 2026;58;C;C58;;"=IF(AND(NOT(ISBLANK($G57)),ISBLANK($G58)),""Reste réel"","""")"
Mars 2026;58;D;D58;;"=IF(AND(NOT(ISBLANK($G57)),ISBLANK($G58)),$C$42-$H$40-$F$42,"""")"
Mars 2026;58;G;G58;Café Cap;
Mars 2026;58;H;H58;0.5;
Mars 2026;58;I;I58;x;
Mars 2026;58;J;J58;0.5;"=IF(I58=""x"",H58,0)"
Mars 2026;58;K;K58;Divers;
Mars 2026;59;A;A59;;"=IF(AND(NOT(ISBLANK(G58)),ISBLANK(G59)),""Reste prévu"","""")"
Mars 2026;59;B;B59;;"=IF(AND(NOT(ISBLANK($G58)),ISBLANK($G59)),$C$42-$F$40-$F$42,"""")"
Mars 2026;59;C;C59;;"=IF(AND(NOT(ISBLANK($G58)),ISBLANK($G59)),""Reste réel"","""")"
Mars 2026;59;D;D59;;"=IF(AND(NOT(ISBLANK($G58)),ISBLANK($G59)),$C$42-$H$40-$F$42,"""")"
Mars 2026;59;G;G59;Café Cap;
Mars 2026;59;H;H59;0.5;
Mars 2026;59;I;I59;x;
Mars 2026;59;J;J59;0.5;"=IF(I59=""x"",H59,0)"
Mars 2026;59;K;K59;Divers;
Mars 2026;60;A;A60;;"=IF(AND(NOT(ISBLANK(G59)),ISBLANK(G60)),""Reste prévu"","""")"
Mars 2026;60;B;B60;;"=IF(AND(NOT(ISBLANK($G59)),ISBLANK($G60)),$C$42-$F$40-$F$42,"""")"
Mars 2026;60;C;C60;;"=IF(AND(NOT(ISBLANK($G59)),ISBLANK($G60)),""Reste réel"","""")"
Mars 2026;60;D;D60;;"=IF(AND(NOT(ISBLANK($G59)),ISBLANK($G60)),$C$42-$H$40-$F$42,"""")"
Mars 2026;60;G;G60;Café Cap;
Mars 2026;60;H;H60;0.5;
Mars 2026;60;I;I60;x;
Mars 2026;60;J;J60;0.5;"=IF(I60=""x"",H60,0)"
Mars 2026;60;K;K60;Divers;
Mars 2026;61;A;A61;;"=IF(AND(NOT(ISBLANK(G60)),ISBLANK(G61)),""Reste prévu"","""")"
Mars 2026;61;B;B61;;"=IF(AND(NOT(ISBLANK($G60)),ISBLANK($G61)),$C$42-$F$40-$F$42,"""")"
Mars 2026;61;C;C61;;"=IF(AND(NOT(ISBLANK($G60)),ISBLANK($G61)),""Reste réel"","""")"
Mars 2026;61;D;D61;;"=IF(AND(NOT(ISBLANK($G60)),ISBLANK($G61)),$C$42-$H$40-$F$42,"""")"
Mars 2026;61;G;G61;Metro Rennes;
Mars 2026;61;H;H61;3.5;
Mars 2026;61;I;I61;x;
Mars 2026;61;J;J61;3.5;"=IF(I61=""x"",H61,0)"
Mars 2026;61;K;K61;Voiture/Déplacement;
Mars 2026;62;A;A62;;"=IF(AND(NOT(ISBLANK(G61)),ISBLANK(G62)),""Reste prévu"","""")"
Mars 2026;62;B;B62;;"=IF(AND(NOT(ISBLANK($G61)),ISBLANK($G62)),$C$42-$F$40-$F$42,"""")"
Mars 2026;62;C;C62;;"=IF(AND(NOT(ISBLANK($G61)),ISBLANK($G62)),""Reste réel"","""")"
Mars 2026;62;D;D62;;"=IF(AND(NOT(ISBLANK($G61)),ISBLANK($G62)),$C$42-$H$40-$F$42,"""")"
Mars 2026;62;G;G62;Librairie Lamballe;
Mars 2026;62;H;H62;9.2;
Mars 2026;62;I;I62;x;
Mars 2026;62;J;J62;9.2;"=IF(I62=""x"",H62,0)"
Mars 2026;62;K;K62;Loisirs;
Mars 2026;63;A;A63;;"=IF(AND(NOT(ISBLANK(G62)),ISBLANK(G63)),""Reste prévu"","""")"
Mars 2026;63;B;B63;;"=IF(AND(NOT(ISBLANK($G62)),ISBLANK($G63)),$C$42-$F$40-$F$42,"""")"
Mars 2026;63;C;C63;;"=IF(AND(NOT(ISBLANK($G62)),ISBLANK($G63)),""Reste réel"","""")"
Mars 2026;63;D;D63;;"=IF(AND(NOT(ISBLANK($G62)),ISBLANK($G63)),$C$42-$H$40-$F$42,"""")"
Mars 2026;63;G;G63;Train Cesson;
Mars 2026;63;H;H63;34;
Mars 2026;63;I;I63;x;
Mars 2026;63;J;J63;34;"=IF(I63=""x"",H63,0)"
Mars 2026;63;K;K63;Voiture/Déplacement;
Mars 2026;64;A;A64;;"=IF(AND(NOT(ISBLANK(G63)),ISBLANK(G64)),""Reste prévu"","""")"
Mars 2026;64;B;B64;;"=IF(AND(NOT(ISBLANK($G63)),ISBLANK($G64)),$C$42-$F$40-$F$42,"""")"
Mars 2026;64;C;C64;;"=IF(AND(NOT(ISBLANK($G63)),ISBLANK($G64)),""Reste réel"","""")"
Mars 2026;64;D;D64;;"=IF(AND(NOT(ISBLANK($G63)),ISBLANK($G64)),$C$42-$H$40-$F$42,"""")"
Mars 2026;64;G;G64;Chocolats;
Mars 2026;64;H;H64;43.42;
Mars 2026;64;I;I64;x;
Mars 2026;64;J;J64;43.42;"=IF(I64=""x"",H64,0)"
Mars 2026;64;K;K64;Courses;
Mars 2026;65;A;A65;;"=IF(AND(NOT(ISBLANK(G64)),ISBLANK(G65)),""Reste prévu"","""")"
Mars 2026;65;B;B65;;"=IF(AND(NOT(ISBLANK($G64)),ISBLANK($G65)),$C$42-$F$40-$F$42,"""")"
Mars 2026;65;C;C65;;"=IF(AND(NOT(ISBLANK($G64)),ISBLANK($G65)),""Reste réel"","""")"
Mars 2026;65;D;D65;;"=IF(AND(NOT(ISBLANK($G64)),ISBLANK($G65)),$C$42-$H$40-$F$42,"""")"
Mars 2026;65;G;G65;Carré Gourmand;
Mars 2026;65;H;H65;12.55;
Mars 2026;65;I;I65;x;
Mars 2026;65;J;J65;12.55;"=IF(I65=""x"",H65,0)"
Mars 2026;65;K;K65;Courses;
Mars 2026;66;A;A66;;"=IF(AND(NOT(ISBLANK(G65)),ISBLANK(G66)),""Reste prévu"","""")"
Mars 2026;66;B;B66;;"=IF(AND(NOT(ISBLANK($G65)),ISBLANK($G66)),$C$42-$F$40-$F$42,"""")"
Mars 2026;66;C;C66;;"=IF(AND(NOT(ISBLANK($G65)),ISBLANK($G66)),""Reste réel"","""")"
Mars 2026;66;D;D66;;"=IF(AND(NOT(ISBLANK($G65)),ISBLANK($G66)),$C$42-$H$40-$F$42,"""")"
Mars 2026;66;G;G66;Leclerc;
Mars 2026;66;H;H66;3.49;
Mars 2026;66;I;I66;x;
Mars 2026;66;J;J66;3.49;"=IF(I66=""x"",H66,0)"
Mars 2026;66;K;K66;Courses;
Mars 2026;67;A;A67;;"=IF(AND(NOT(ISBLANK(G66)),ISBLANK(G67)),""Reste prévu"","""")"
Mars 2026;67;B;B67;;"=IF(AND(NOT(ISBLANK($G66)),ISBLANK($G67)),$C$42-$F$40-$F$42,"""")"
Mars 2026;67;C;C67;;"=IF(AND(NOT(ISBLANK($G66)),ISBLANK($G67)),""Reste réel"","""")"
Mars 2026;67;D;D67;;"=IF(AND(NOT(ISBLANK($G66)),ISBLANK($G67)),$C$42-$H$40-$F$42,"""")"
Mars 2026;67;G;G67;FDJ;
Mars 2026;67;H;H67;25;
Mars 2026;67;I;I67;x;
Mars 2026;67;J;J67;25;"=IF(I67=""x"",H67,0)"
Mars 2026;67;K;K67;Divers;
Mars 2026;68;A;A68;;"=IF(AND(NOT(ISBLANK(G67)),ISBLANK(G68)),""Reste prévu"","""")"
Mars 2026;68;B;B68;;"=IF(AND(NOT(ISBLANK($G67)),ISBLANK($G68)),$C$42-$F$40-$F$42,"""")"
Mars 2026;68;C;C68;;"=IF(AND(NOT(ISBLANK($G67)),ISBLANK($G68)),""Reste réel"","""")"
Mars 2026;68;D;D68;;"=IF(AND(NOT(ISBLANK($G67)),ISBLANK($G68)),$C$42-$H$40-$F$42,"""")"
Mars 2026;68;G;G68;Leclerc;
Mars 2026;68;H;H68;33.92;
Mars 2026;68;I;I68;x;
Mars 2026;68;J;J68;33.92;"=IF(I68=""x"",H68,0)"
Mars 2026;68;K;K68;Courses;
Mars 2026;69;A;A69;;"=IF(AND(NOT(ISBLANK(G68)),ISBLANK(G69)),""Reste prévu"","""")"
Mars 2026;69;B;B69;;"=IF(AND(NOT(ISBLANK($G68)),ISBLANK($G69)),$C$42-$F$40-$F$42,"""")"
Mars 2026;69;C;C69;;"=IF(AND(NOT(ISBLANK($G68)),ISBLANK($G69)),""Reste réel"","""")"
Mars 2026;69;D;D69;;"=IF(AND(NOT(ISBLANK($G68)),ISBLANK($G69)),$C$42-$H$40-$F$42,"""")"
Mars 2026;69;G;G69;CEWE Langueux;
Mars 2026;69;H;H69;2.73;
Mars 2026;69;I;I69;x;
Mars 2026;69;J;J69;2.73;"=IF(I69=""x"",H69,0)"
Mars 2026;69;K;K69;Courses;
Mars 2026;70;A;A70;;"=IF(AND(NOT(ISBLANK(G69)),ISBLANK(G70)),""Reste prévu"","""")"
Mars 2026;70;B;B70;;"=IF(AND(NOT(ISBLANK($G69)),ISBLANK($G70)),$C$42-$F$40-$F$42,"""")"
Mars 2026;70;C;C70;;"=IF(AND(NOT(ISBLANK($G69)),ISBLANK($G70)),""Reste réel"","""")"
Mars 2026;70;D;D70;;"=IF(AND(NOT(ISBLANK($G69)),ISBLANK($G70)),$C$42-$H$40-$F$42,"""")"
Mars 2026;70;G;G70;Feuillette Boulangerie;
Mars 2026;70;H;H70;6.6;
Mars 2026;70;I;I70;x;
Mars 2026;70;J;J70;6.6;"=IF(I70=""x"",H70,0)"
Mars 2026;70;K;K70;Courses;
Mars 2026;71;A;A71;;"=IF(AND(NOT(ISBLANK(G70)),ISBLANK(G71)),""Reste prévu"","""")"
Mars 2026;71;B;B71;;"=IF(AND(NOT(ISBLANK($G70)),ISBLANK($G71)),$C$42-$F$40-$F$42,"""")"
Mars 2026;71;C;C71;;"=IF(AND(NOT(ISBLANK($G70)),ISBLANK($G71)),""Reste réel"","""")"
Mars 2026;71;D;D71;;"=IF(AND(NOT(ISBLANK($G70)),ISBLANK($G71)),$C$42-$H$40-$F$42,"""")"
Mars 2026;71;G;G71;Leroy Merlin;
Mars 2026;71;H;H71;26.4;
Mars 2026;71;I;I71;x;
Mars 2026;71;J;J71;26.4;"=IF(I71=""x"",H71,0)"
Mars 2026;71;K;K71;Bricolage/Travaux;
Mars 2026;72;A;A72;;"=IF(AND(NOT(ISBLANK(G71)),ISBLANK(G72)),""Reste prévu"","""")"
Mars 2026;72;B;B72;;"=IF(AND(NOT(ISBLANK($G71)),ISBLANK($G72)),$C$42-$F$40-$F$42,"""")"
Mars 2026;72;C;C72;;"=IF(AND(NOT(ISBLANK($G71)),ISBLANK($G72)),""Reste réel"","""")"
Mars 2026;72;D;D72;;"=IF(AND(NOT(ISBLANK($G71)),ISBLANK($G72)),$C$42-$H$40-$F$42,"""")"
Mars 2026;72;G;G72;Lidl Saint Alban;
Mars 2026;72;H;H72;55.09;
Mars 2026;72;I;I72;x;
Mars 2026;72;J;J72;55.09;"=IF(I72=""x"",H72,0)"
Mars 2026;72;K;K72;Courses;
Mars 2026;73;A;A73;;"=IF(AND(NOT(ISBLANK(G72)),ISBLANK(G73)),""Reste prévu"","""")"
Mars 2026;73;B;B73;;"=IF(AND(NOT(ISBLANK($G72)),ISBLANK($G73)),$C$42-$F$40-$F$42,"""")"
Mars 2026;73;C;C73;;"=IF(AND(NOT(ISBLANK($G72)),ISBLANK($G73)),""Reste réel"","""")"
Mars 2026;73;D;D73;;"=IF(AND(NOT(ISBLANK($G72)),ISBLANK($G73)),$C$42-$H$40-$F$42,"""")"
Mars 2026;73;G;G73;Cigarettes;
Mars 2026;73;H;H73;13;
Mars 2026;73;I;I73;x;
Mars 2026;73;J;J73;13;"=IF(I73=""x"",H73,0)"
Mars 2026;73;K;K73;Divers;
Mars 2026;74;A;A74;;"=IF(AND(NOT(ISBLANK(G73)),ISBLANK(G74)),""Reste prévu"","""")"
Mars 2026;74;B;B74;;"=IF(AND(NOT(ISBLANK($G73)),ISBLANK($G74)),$C$42-$F$40-$F$42,"""")"
Mars 2026;74;C;C74;;"=IF(AND(NOT(ISBLANK($G73)),ISBLANK($G74)),""Reste réel"","""")"
Mars 2026;74;D;D74;;"=IF(AND(NOT(ISBLANK($G73)),ISBLANK($G74)),$C$42-$H$40-$F$42,"""")"
Mars 2026;74;G;G74;Brico Dépot;
Mars 2026;74;H;H74;159.9;
Mars 2026;74;I;I74;x;
Mars 2026;74;J;J74;159.9;"=IF(I74=""x"",H74,0)"
Mars 2026;74;K;K74;Bricolage/Travaux;
Mars 2026;75;A;A75;;"=IF(AND(NOT(ISBLANK(G74)),ISBLANK(G75)),""Reste prévu"","""")"
Mars 2026;75;B;B75;;"=IF(AND(NOT(ISBLANK($G74)),ISBLANK($G75)),$C$42-$F$40-$F$42,"""")"
Mars 2026;75;C;C75;;"=IF(AND(NOT(ISBLANK($G74)),ISBLANK($G75)),""Reste réel"","""")"
Mars 2026;75;D;D75;;"=IF(AND(NOT(ISBLANK($G74)),ISBLANK($G75)),$C$42-$H$40-$F$42,"""")"
Mars 2026;75;G;G75;Boulangerie;
Mars 2026;75;H;H75;7.45;
Mars 2026;75;I;I75;x;
Mars 2026;75;J;J75;7.45;"=IF(I75=""x"",H75,0)"
Mars 2026;75;K;K75;Courses;
Mars 2026;76;A;A76;;"=IF(AND(NOT(ISBLANK(G75)),ISBLANK(G76)),""Reste prévu"","""")"
Mars 2026;76;B;B76;;"=IF(AND(NOT(ISBLANK($G75)),ISBLANK($G76)),$C$42-$F$40-$F$42,"""")"
Mars 2026;76;C;C76;;"=IF(AND(NOT(ISBLANK($G75)),ISBLANK($G76)),""Reste réel"","""")"
Mars 2026;76;D;D76;;"=IF(AND(NOT(ISBLANK($G75)),ISBLANK($G76)),$C$42-$H$40-$F$42,"""")"
Mars 2026;76;G;G76;Train Arthur;
Mars 2026;76;H;H76;9;
Mars 2026;76;I;I76;x;
Mars 2026;76;J;J76;9;"=IF(I76=""x"",H76,0)"
Mars 2026;76;K;K76;Voiture/Déplacement;
Mars 2026;77;A;A77;;"=IF(AND(NOT(ISBLANK(G76)),ISBLANK(G77)),""Reste prévu"","""")"
Mars 2026;77;B;B77;;"=IF(AND(NOT(ISBLANK($G76)),ISBLANK($G77)),$C$42-$F$40-$F$42,"""")"
Mars 2026;77;C;C77;;"=IF(AND(NOT(ISBLANK($G76)),ISBLANK($G77)),""Reste réel"","""")"
Mars 2026;77;D;D77;;"=IF(AND(NOT(ISBLANK($G76)),ISBLANK($G77)),$C$42-$H$40-$F$42,"""")"
Mars 2026;77;G;G77;Train Arthur;
Mars 2026;77;H;H77;9;
Mars 2026;77;I;I77;x;
Mars 2026;77;J;J77;9;"=IF(I77=""x"",H77,0)"
Mars 2026;77;K;K77;Voiture/Déplacement;
Mars 2026;78;A;A78;;"=IF(AND(NOT(ISBLANK(G77)),ISBLANK(G78)),""Reste prévu"","""")"
Mars 2026;78;B;B78;;"=IF(AND(NOT(ISBLANK($G77)),ISBLANK($G78)),$C$42-$F$40-$F$42,"""")"
Mars 2026;78;C;C78;;"=IF(AND(NOT(ISBLANK($G77)),ISBLANK($G78)),""Reste réel"","""")"
Mars 2026;78;D;D78;;"=IF(AND(NOT(ISBLANK($G77)),ISBLANK($G78)),$C$42-$H$40-$F$42,"""")"
Mars 2026;78;G;G78;Leclerc Drive;
Mars 2026;78;H;H78;130.44;
Mars 2026;78;I;I78;x;
Mars 2026;78;J;J78;130.44;"=IF(I78=""x"",H78,0)"
Mars 2026;78;K;K78;Courses;
Mars 2026;79;A;A79;;"=IF(AND(NOT(ISBLANK(G78)),ISBLANK(G79)),""Reste prévu"","""")"
Mars 2026;79;B;B79;;"=IF(AND(NOT(ISBLANK($G78)),ISBLANK($G79)),$C$42-$F$40-$F$42,"""")"
Mars 2026;79;C;C79;;"=IF(AND(NOT(ISBLANK($G78)),ISBLANK($G79)),""Reste réel"","""")"
Mars 2026;79;D;D79;;"=IF(AND(NOT(ISBLANK($G78)),ISBLANK($G79)),$C$42-$H$40-$F$42,"""")"
Mars 2026;79;G;G79;Amende;
Mars 2026;79;H;H79;45;
Mars 2026;79;I;I79;x;
Mars 2026;79;J;J79;45;"=IF(I79=""x"",H79,0)"
Mars 2026;79;K;K79;Voiture/Déplacement;
Mars 2026;80;A;A80;;"=IF(AND(NOT(ISBLANK(G79)),ISBLANK(G80)),""Reste prévu"","""")"
Mars 2026;80;B;B80;;"=IF(AND(NOT(ISBLANK($G79)),ISBLANK($G80)),$C$42-$F$40-$F$42,"""")"
Mars 2026;80;C;C80;;"=IF(AND(NOT(ISBLANK($G79)),ISBLANK($G80)),""Reste réel"","""")"
Mars 2026;80;D;D80;;"=IF(AND(NOT(ISBLANK($G79)),ISBLANK($G80)),$C$42-$H$40-$F$42,"""")"
Mars 2026;80;G;G80;L'obele;
Mars 2026;80;H;H80;17.95;
Mars 2026;80;I;I80;x;
Mars 2026;80;J;J80;17.95;"=IF(I80=""x"",H80,0)"
Mars 2026;80;K;K80;Loisirs;
Mars 2026;81;A;A81;;"=IF(AND(NOT(ISBLANK(G80)),ISBLANK(G81)),""Reste prévu"","""")"
Mars 2026;81;B;B81;;"=IF(AND(NOT(ISBLANK($G80)),ISBLANK($G81)),$C$42-$F$40-$F$42,"""")"
Mars 2026;81;C;C81;;"=IF(AND(NOT(ISBLANK($G80)),ISBLANK($G81)),""Reste réel"","""")"
Mars 2026;81;D;D81;;"=IF(AND(NOT(ISBLANK($G80)),ISBLANK($G81)),$C$42-$H$40-$F$42,"""")"
Mars 2026;81;G;G81;Leclerc;
Mars 2026;81;H;H81;36.18;
Mars 2026;81;I;I81;x;
Mars 2026;81;J;J81;36.18;"=IF(I81=""x"",H81,0)"
Mars 2026;81;K;K81;Courses;
Mars 2026;82;A;A82;;"=IF(AND(NOT(ISBLANK(G81)),ISBLANK(G82)),""Reste prévu"","""")"
Mars 2026;82;B;B82;;"=IF(AND(NOT(ISBLANK($G81)),ISBLANK($G82)),$C$42-$F$40-$F$42,"""")"
Mars 2026;82;C;C82;;"=IF(AND(NOT(ISBLANK($G81)),ISBLANK($G82)),""Reste réel"","""")"
Mars 2026;82;D;D82;;"=IF(AND(NOT(ISBLANK($G81)),ISBLANK($G82)),$C$42-$H$40-$F$42,"""")"
Mars 2026;82;G;G82;Leclerc;
Mars 2026;82;H;H82;48.47;
Mars 2026;82;I;I82;x;
Mars 2026;82;J;J82;48.47;"=IF(I82=""x"",H82,0)"
Mars 2026;82;K;K82;Courses;
Mars 2026;83;A;A83;;"=IF(AND(NOT(ISBLANK(G82)),ISBLANK(G83)),""Reste prévu"","""")"
Mars 2026;83;B;B83;;"=IF(AND(NOT(ISBLANK($G82)),ISBLANK($G83)),$C$42-$F$40-$F$42,"""")"
Mars 2026;83;C;C83;;"=IF(AND(NOT(ISBLANK($G82)),ISBLANK($G83)),""Reste réel"","""")"
Mars 2026;83;D;D83;;"=IF(AND(NOT(ISBLANK($G82)),ISBLANK($G83)),$C$42-$H$40-$F$42,"""")"
Mars 2026;83;G;G83;Tartapain;
Mars 2026;83;H;H83;10.91;
Mars 2026;83;I;I83;x;
Mars 2026;83;J;J83;10.91;"=IF(I83=""x"",H83,0)"
Mars 2026;83;K;K83;Courses;
Mars 2026;84;A;A84;;"=IF(AND(NOT(ISBLANK(G83)),ISBLANK(G84)),""Reste prévu"","""")"
Mars 2026;84;B;B84;;"=IF(AND(NOT(ISBLANK($G83)),ISBLANK($G84)),$C$42-$F$40-$F$42,"""")"
Mars 2026;84;C;C84;;"=IF(AND(NOT(ISBLANK($G83)),ISBLANK($G84)),""Reste réel"","""")"
Mars 2026;84;D;D84;;"=IF(AND(NOT(ISBLANK($G83)),ISBLANK($G84)),$C$42-$H$40-$F$42,"""")"
Mars 2026;84;G;G84;Boucherie;
Mars 2026;84;H;H84;25.82;
Mars 2026;84;I;I84;x;
Mars 2026;84;J;J84;25.82;"=IF(I84=""x"",H84,0)"
Mars 2026;84;K;K84;Courses;
Mars 2026;85;A;A85;;"=IF(AND(NOT(ISBLANK(G84)),ISBLANK(G85)),""Reste prévu"","""")"
Mars 2026;85;B;B85;;"=IF(AND(NOT(ISBLANK($G84)),ISBLANK($G85)),$C$42-$F$40-$F$42,"""")"
Mars 2026;85;C;C85;;"=IF(AND(NOT(ISBLANK($G84)),ISBLANK($G85)),""Reste réel"","""")"
Mars 2026;85;D;D85;;"=IF(AND(NOT(ISBLANK($G84)),ISBLANK($G85)),$C$42-$H$40-$F$42,"""")"
Mars 2026;85;G;G85;Vinted;
Mars 2026;85;H;H85;29.83;
Mars 2026;85;I;I85;x;
Mars 2026;85;J;J85;29.83;"=IF(I85=""x"",H85,0)"
Mars 2026;85;K;K85;Vêtements;
Mars 2026;86;A;A86;;"=IF(AND(NOT(ISBLANK(G85)),ISBLANK(G86)),""Reste prévu"","""")"
Mars 2026;86;B;B86;;"=IF(AND(NOT(ISBLANK($G85)),ISBLANK($G86)),$C$42-$F$40-$F$42,"""")"
Mars 2026;86;C;C86;;"=IF(AND(NOT(ISBLANK($G85)),ISBLANK($G86)),""Reste réel"","""")"
Mars 2026;86;D;D86;;"=IF(AND(NOT(ISBLANK($G85)),ISBLANK($G86)),$C$42-$H$40-$F$42,"""")"
Mars 2026;86;G;G86;Vinted;
Mars 2026;86;H;H86;57.59;
Mars 2026;86;I;I86;x;
Mars 2026;86;J;J86;57.59;"=IF(I86=""x"",H86,0)"
Mars 2026;86;K;K86;Vêtements;
Mars 2026;87;A;A87;;"=IF(AND(NOT(ISBLANK(G86)),ISBLANK(G87)),""Reste prévu"","""")"
Mars 2026;87;B;B87;;"=IF(AND(NOT(ISBLANK($G86)),ISBLANK($G87)),$C$42-$F$40-$F$42,"""")"
Mars 2026;87;C;C87;;"=IF(AND(NOT(ISBLANK($G86)),ISBLANK($G87)),""Reste réel"","""")"
Mars 2026;87;D;D87;;"=IF(AND(NOT(ISBLANK($G86)),ISBLANK($G87)),$C$42-$H$40-$F$42,"""")"
Mars 2026;87;G;G87;Decathlon Elouen;
Mars 2026;87;H;H87;118;
Mars 2026;87;I;I87;x;
Mars 2026;87;J;J87;118;"=IF(I87=""x"",H87,0)"
Mars 2026;87;K;K87;Cadeau;
Mars 2026;88;A;A88;;"=IF(AND(NOT(ISBLANK(G87)),ISBLANK(G88)),""Reste prévu"","""")"
Mars 2026;88;B;B88;;"=IF(AND(NOT(ISBLANK($G87)),ISBLANK($G88)),$C$42-$F$40-$F$42,"""")"
Mars 2026;88;C;C88;;"=IF(AND(NOT(ISBLANK($G87)),ISBLANK($G88)),""Reste réel"","""")"
Mars 2026;88;D;D88;;"=IF(AND(NOT(ISBLANK($G87)),ISBLANK($G88)),$C$42-$H$40-$F$42,"""")"
Mars 2026;88;G;G88;Joom;
Mars 2026;88;H;H88;140;
Mars 2026;88;I;I88;x;
Mars 2026;88;J;J88;140;"=IF(I88=""x"",H88,0)"
Mars 2026;88;K;K88;Vêtements;
Mars 2026;89;A;A89;;"=IF(AND(NOT(ISBLANK(G88)),ISBLANK(G89)),""Reste prévu"","""")"
Mars 2026;89;B;B89;;"=IF(AND(NOT(ISBLANK($G88)),ISBLANK($G89)),$C$42-$F$40-$F$42,"""")"
Mars 2026;89;C;C89;;"=IF(AND(NOT(ISBLANK($G88)),ISBLANK($G89)),""Reste réel"","""")"
Mars 2026;89;D;D89;;"=IF(AND(NOT(ISBLANK($G88)),ISBLANK($G89)),$C$42-$H$40-$F$42,"""")"
Mars 2026;89;G;G89;Studocu;
Mars 2026;89;H;H89;41.88;
Mars 2026;89;I;I89;x;
Mars 2026;89;J;J89;41.88;"=IF(I89=""x"",H89,0)"
Mars 2026;89;K;K89;Scolarité;
Mars 2026;90;A;A90;;"=IF(AND(NOT(ISBLANK(G89)),ISBLANK(G90)),""Reste prévu"","""")"
Mars 2026;90;B;B90;;"=IF(AND(NOT(ISBLANK($G89)),ISBLANK($G90)),$C$42-$F$40-$F$42,"""")"
Mars 2026;90;C;C90;;"=IF(AND(NOT(ISBLANK($G89)),ISBLANK($G90)),""Reste réel"","""")"
Mars 2026;90;D;D90;;"=IF(AND(NOT(ISBLANK($G89)),ISBLANK($G90)),$C$42-$H$40-$F$42,"""")"
Mars 2026;90;G;G90;Ouest Pathologie;
Mars 2026;90;H;H90;23.1;
Mars 2026;90;I;I90;x;
Mars 2026;90;J;J90;23.1;"=IF(I90=""x"",H90,0)"
Mars 2026;90;K;K90;Soins;
Mars 2026;91;A;A91;;"=IF(AND(NOT(ISBLANK(G90)),ISBLANK(G91)),""Reste prévu"","""")"
Mars 2026;91;B;B91;;"=IF(AND(NOT(ISBLANK($G90)),ISBLANK($G91)),$C$42-$F$40-$F$42,"""")"
Mars 2026;91;C;C91;;"=IF(AND(NOT(ISBLANK($G90)),ISBLANK($G91)),""Reste réel"","""")"
Mars 2026;91;D;D91;;"=IF(AND(NOT(ISBLANK($G90)),ISBLANK($G91)),$C$42-$H$40-$F$42,"""")"
Mars 2026;91;G;G91;Fariault Lamballe;
Mars 2026;91;H;H91;12;
Mars 2026;91;I;I91;x;
Mars 2026;91;J;J91;12;"=IF(I91=""x"",H91,0)"
Mars 2026;91;K;K91;Vêtements;
Mars 2026;92;A;A92;;"=IF(AND(NOT(ISBLANK(G91)),ISBLANK(G92)),""Reste prévu"","""")"
Mars 2026;92;B;B92;;"=IF(AND(NOT(ISBLANK($G91)),ISBLANK($G92)),$C$42-$F$40-$F$42,"""")"
Mars 2026;92;C;C92;;"=IF(AND(NOT(ISBLANK($G91)),ISBLANK($G92)),""Reste réel"","""")"
Mars 2026;92;D;D92;;"=IF(AND(NOT(ISBLANK($G91)),ISBLANK($G92)),$C$42-$H$40-$F$42,"""")"
Mars 2026;92;G;G92;Bières Hand;
Mars 2026;92;H;H92;4;
Mars 2026;92;I;I92;x;
Mars 2026;92;J;J92;4;"=IF(I92=""x"",H92,0)"
Mars 2026;92;K;K92;Loisirs;
Mars 2026;93;A;A93;;"=IF(AND(NOT(ISBLANK(G92)),ISBLANK(G93)),""Reste prévu"","""")"
Mars 2026;93;B;B93;;"=IF(AND(NOT(ISBLANK($G92)),ISBLANK($G93)),$C$42-$F$40-$F$42,"""")"
Mars 2026;93;C;C93;;"=IF(AND(NOT(ISBLANK($G92)),ISBLANK($G93)),""Reste réel"","""")"
Mars 2026;93;D;D93;;"=IF(AND(NOT(ISBLANK($G92)),ISBLANK($G93)),$C$42-$H$40-$F$42,"""")"
Mars 2026;93;G;G93;Fleurs;
Mars 2026;93;H;H93;26.8;
Mars 2026;93;I;I93;x;
Mars 2026;93;J;J93;26.8;"=IF(I93=""x"",H93,0)"
Mars 2026;93;K;K93;Cadeau;
Mars 2026;94;A;A94;;"=IF(AND(NOT(ISBLANK(G93)),ISBLANK(G94)),""Reste prévu"","""")"
Mars 2026;94;B;B94;;"=IF(AND(NOT(ISBLANK($G93)),ISBLANK($G94)),$C$42-$F$40-$F$42,"""")"
Mars 2026;94;C;C94;;"=IF(AND(NOT(ISBLANK($G93)),ISBLANK($G94)),""Reste réel"","""")"
Mars 2026;94;D;D94;;"=IF(AND(NOT(ISBLANK($G93)),ISBLANK($G94)),$C$42-$H$40-$F$42,"""")"
Mars 2026;94;G;G94;Vinted;
Mars 2026;94;H;H94;35.48;
Mars 2026;94;I;I94;x;
Mars 2026;94;J;J94;35.48;"=IF(I94=""x"",H94,0)"
Mars 2026;94;K;K94;Vêtements;
Mars 2026;95;A;A95;;"=IF(AND(NOT(ISBLANK(G94)),ISBLANK(G95)),""Reste prévu"","""")"
Mars 2026;95;B;B95;;"=IF(AND(NOT(ISBLANK($G94)),ISBLANK($G95)),$C$42-$F$40-$F$42,"""")"
Mars 2026;95;C;C95;;"=IF(AND(NOT(ISBLANK($G94)),ISBLANK($G95)),""Reste réel"","""")"
Mars 2026;95;D;D95;;"=IF(AND(NOT(ISBLANK($G94)),ISBLANK($G95)),$C$42-$H$40-$F$42,"""")"
Mars 2026;95;G;G95;Pharmacie;
Mars 2026;95;H;H95;78.9;
Mars 2026;95;I;I95;x;
Mars 2026;95;J;J95;78.9;"=IF(I95=""x"",H95,0)"
Mars 2026;95;K;K95;Medical;
Mars 2026;96;A;A96;;"=IF(AND(NOT(ISBLANK(G95)),ISBLANK(G96)),""Reste prévu"","""")"
Mars 2026;96;B;B96;;"=IF(AND(NOT(ISBLANK($G95)),ISBLANK($G96)),$C$42-$F$40-$F$42,"""")"
Mars 2026;96;C;C96;;"=IF(AND(NOT(ISBLANK($G95)),ISBLANK($G96)),""Reste réel"","""")"
Mars 2026;96;D;D96;;"=IF(AND(NOT(ISBLANK($G95)),ISBLANK($G96)),$C$42-$H$40-$F$42,"""")"
Mars 2026;96;G;G96;Boulangerie;
Mars 2026;96;H;H96;6.97;
Mars 2026;96;I;I96;x;
Mars 2026;96;J;J96;6.97;"=IF(I96=""x"",H96,0)"
Mars 2026;96;K;K96;Courses;
Mars 2026;97;A;A97;;"=IF(AND(NOT(ISBLANK(G96)),ISBLANK(G97)),""Reste prévu"","""")"
Mars 2026;97;B;B97;;"=IF(AND(NOT(ISBLANK($G96)),ISBLANK($G97)),$C$42-$F$40-$F$42,"""")"
Mars 2026;97;C;C97;;"=IF(AND(NOT(ISBLANK($G96)),ISBLANK($G97)),""Reste réel"","""")"
Mars 2026;97;D;D97;;"=IF(AND(NOT(ISBLANK($G96)),ISBLANK($G97)),$C$42-$H$40-$F$42,"""")"
Mars 2026;97;G;G97;Leroy Merlin;
Mars 2026;97;H;H97;202.71;
Mars 2026;97;I;I97;x;
Mars 2026;97;J;J97;202.71;"=IF(I97=""x"",H97,0)"
Mars 2026;97;K;K97;Bricolage/Travaux;
Mars 2026;98;A;A98;;"=IF(AND(NOT(ISBLANK(G97)),ISBLANK(G98)),""Reste prévu"","""")"
Mars 2026;98;B;B98;;"=IF(AND(NOT(ISBLANK($G97)),ISBLANK($G98)),$C$42-$F$40-$F$42,"""")"
Mars 2026;98;C;C98;;"=IF(AND(NOT(ISBLANK($G97)),ISBLANK($G98)),""Reste réel"","""")"
Mars 2026;98;D;D98;;"=IF(AND(NOT(ISBLANK($G97)),ISBLANK($G98)),$C$42-$H$40-$F$42,"""")"
Mars 2026;98;G;G98;Train;
Mars 2026;98;H;H98;9;
Mars 2026;98;I;I98;x;
Mars 2026;98;J;J98;9;"=IF(I98=""x"",H98,0)"
Mars 2026;98;K;K98;Voiture/Déplacement;
Mars 2026;99;A;A99;;"=IF(AND(NOT(ISBLANK(G98)),ISBLANK(G99)),""Reste prévu"","""")"
Mars 2026;99;B;B99;;"=IF(AND(NOT(ISBLANK($G98)),ISBLANK($G99)),$C$42-$F$40-$F$42,"""")"
Mars 2026;99;C;C99;;"=IF(AND(NOT(ISBLANK($G98)),ISBLANK($G99)),""Reste réel"","""")"
Mars 2026;99;D;D99;;"=IF(AND(NOT(ISBLANK($G98)),ISBLANK($G99)),$C$42-$H$40-$F$42,"""")"
Mars 2026;99;G;G99;Train;
Mars 2026;99;H;H99;9;
Mars 2026;99;I;I99;x;
Mars 2026;99;J;J99;9;"=IF(I99=""x"",H99,0)"
Mars 2026;99;K;K99;Voiture/Déplacement;
Mars 2026;100;A;A100;;"=IF(AND(NOT(ISBLANK(G99)),ISBLANK(G100)),""Reste prévu"","""")"
Mars 2026;100;B;B100;;"=IF(AND(NOT(ISBLANK($G99)),ISBLANK($G100)),$C$42-$F$40-$F$42,"""")"
Mars 2026;100;C;C100;;"=IF(AND(NOT(ISBLANK($G99)),ISBLANK($G100)),""Reste réel"","""")"
Mars 2026;100;D;D100;;"=IF(AND(NOT(ISBLANK($G99)),ISBLANK($G100)),$C$42-$H$40-$F$42,"""")"
Mars 2026;100;G;G100;Leclerc;
Mars 2026;100;H;H100;14.28;
Mars 2026;100;I;I100;x;
Mars 2026;100;J;J100;14.28;"=IF(I100=""x"",H100,0)"
Mars 2026;100;K;K100;Courses;
Mars 2026;101;A;A101;;"=IF(AND(NOT(ISBLANK(G100)),ISBLANK(G101)),""Reste prévu"","""")"
Mars 2026;101;B;B101;;"=IF(AND(NOT(ISBLANK($G100)),ISBLANK($G101)),$C$42-$F$40-$F$42,"""")"
Mars 2026;101;C;C101;;"=IF(AND(NOT(ISBLANK($G100)),ISBLANK($G101)),""Reste réel"","""")"
Mars 2026;101;D;D101;;"=IF(AND(NOT(ISBLANK($G100)),ISBLANK($G101)),$C$42-$H$40-$F$42,"""")"
Mars 2026;101;G;G101;Apple;
Mars 2026;101;H;H101;0.99;
Mars 2026;101;I;I101;x;
Mars 2026;101;J;J101;0.99;"=IF(I101=""x"",H101,0)"
Mars 2026;101;K;K101;Internet/Téléphone;
Mars 2026;102;A;A102;;"=IF(AND(NOT(ISBLANK(G101)),ISBLANK(G102)),""Reste prévu"","""")"
Mars 2026;102;B;B102;;"=IF(AND(NOT(ISBLANK($G101)),ISBLANK($G102)),$C$42-$F$40-$F$42,"""")"
Mars 2026;102;C;C102;;"=IF(AND(NOT(ISBLANK($G101)),ISBLANK($G102)),""Reste réel"","""")"
Mars 2026;102;D;D102;;"=IF(AND(NOT(ISBLANK($G101)),ISBLANK($G102)),$C$42-$H$40-$F$42,"""")"
Mars 2026;102;G;G102;Leclerc;
Mars 2026;102;H;H102;32.71;
Mars 2026;102;I;I102;x;
Mars 2026;102;J;J102;32.71;"=IF(I102=""x"",H102,0)"
Mars 2026;102;K;K102;Courses;
Mars 2026;103;A;A103;;"=IF(AND(NOT(ISBLANK(G102)),ISBLANK(G103)),""Reste prévu"","""")"
Mars 2026;103;B;B103;;"=IF(AND(NOT(ISBLANK($G102)),ISBLANK($G103)),$C$42-$F$40-$F$42,"""")"
Mars 2026;103;C;C103;;"=IF(AND(NOT(ISBLANK($G102)),ISBLANK($G103)),""Reste réel"","""")"
Mars 2026;103;D;D103;;"=IF(AND(NOT(ISBLANK($G102)),ISBLANK($G103)),$C$42-$H$40-$F$42,"""")"
Mars 2026;103;G;G103;La ruche;
Mars 2026;103;H;H103;10.5;
Mars 2026;103;I;I103;x;
Mars 2026;103;J;J103;10.5;"=IF(I103=""x"",H103,0)"
Mars 2026;103;K;K103;Loisirs;
Mars 2026;104;A;A104;;"=IF(AND(NOT(ISBLANK(G103)),ISBLANK(G104)),""Reste prévu"","""")"
Mars 2026;104;B;B104;;"=IF(AND(NOT(ISBLANK($G103)),ISBLANK($G104)),$C$42-$F$40-$F$42,"""")"
Mars 2026;104;C;C104;;"=IF(AND(NOT(ISBLANK($G103)),ISBLANK($G104)),""Reste réel"","""")"
Mars 2026;104;D;D104;;"=IF(AND(NOT(ISBLANK($G103)),ISBLANK($G104)),$C$42-$H$40-$F$42,"""")"
Mars 2026;104;G;G104;FDJ;
Mars 2026;104;H;H104;25;
Mars 2026;104;I;I104;x;
Mars 2026;104;J;J104;25;"=IF(I104=""x"",H104,0)"
Mars 2026;104;K;K104;Loisirs;
Mars 2026;105;A;A105;;"=IF(AND(NOT(ISBLANK(G104)),ISBLANK(G105)),""Reste prévu"","""")"
Mars 2026;105;B;B105;;"=IF(AND(NOT(ISBLANK($G104)),ISBLANK($G105)),$C$42-$F$40-$F$42,"""")"
Mars 2026;105;C;C105;;"=IF(AND(NOT(ISBLANK($G104)),ISBLANK($G105)),""Reste réel"","""")"
Mars 2026;105;D;D105;;"=IF(AND(NOT(ISBLANK($G104)),ISBLANK($G105)),$C$42-$H$40-$F$42,"""")"
Mars 2026;105;G;G105;Leclerc Drive;
Mars 2026;105;H;H105;45.42;
Mars 2026;105;I;I105;x;
Mars 2026;105;J;J105;45.42;"=IF(I105=""x"",H105,0)"
Mars 2026;105;K;K105;Courses;
Mars 2026;106;A;A106;;"=IF(AND(NOT(ISBLANK(G105)),ISBLANK(G106)),""Reste prévu"","""")"
Mars 2026;106;B;B106;;"=IF(AND(NOT(ISBLANK($G105)),ISBLANK($G106)),$C$42-$F$40-$F$42,"""")"
Mars 2026;106;C;C106;;"=IF(AND(NOT(ISBLANK($G105)),ISBLANK($G106)),""Reste réel"","""")"
Mars 2026;106;D;D106;;"=IF(AND(NOT(ISBLANK($G105)),ISBLANK($G106)),$C$42-$H$40-$F$42,"""")"
Mars 2026;106;G;G106;Fournil;
Mars 2026;106;H;H106;7.88;
Mars 2026;106;I;I106;x;
Mars 2026;106;J;J106;7.88;"=IF(I106=""x"",H106,0)"
Mars 2026;106;K;K106;Courses;
Mars 2026;107;A;A107;;"=IF(AND(NOT(ISBLANK(G106)),ISBLANK(G107)),""Reste prévu"","""")"
Mars 2026;107;B;B107;;"=IF(AND(NOT(ISBLANK($G106)),ISBLANK($G107)),$C$42-$F$40-$F$42,"""")"
Mars 2026;107;C;C107;;"=IF(AND(NOT(ISBLANK($G106)),ISBLANK($G107)),""Reste réel"","""")"
Mars 2026;107;D;D107;;"=IF(AND(NOT(ISBLANK($G106)),ISBLANK($G107)),$C$42-$H$40-$F$42,"""")"
Mars 2026;107;G;G107;Leclerc;
Mars 2026;107;H;H107;17.5;
Mars 2026;107;I;I107;x;
Mars 2026;107;J;J107;17.5;"=IF(I107=""x"",H107,0)"
Mars 2026;107;K;K107;Courses;
Mars 2026;108;A;A108;;"=IF(AND(NOT(ISBLANK(G107)),ISBLANK(G108)),""Reste prévu"","""")"
Mars 2026;108;B;B108;;"=IF(AND(NOT(ISBLANK($G107)),ISBLANK($G108)),$C$42-$F$40-$F$42,"""")"
Mars 2026;108;C;C108;;"=IF(AND(NOT(ISBLANK($G107)),ISBLANK($G108)),""Reste réel"","""")"
Mars 2026;108;D;D108;;"=IF(AND(NOT(ISBLANK($G107)),ISBLANK($G108)),$C$42-$H$40-$F$42,"""")"
Mars 2026;108;G;G108;Leclerc;
Mars 2026;108;H;H108;28.37;
Mars 2026;108;I;I108;x;
Mars 2026;108;J;J108;28.37;"=IF(I108=""x"",H108,0)"
Mars 2026;108;K;K108;Courses;
Mars 2026;109;A;A109;;"=IF(AND(NOT(ISBLANK(G108)),ISBLANK(G109)),""Reste prévu"","""")"
Mars 2026;109;B;B109;;"=IF(AND(NOT(ISBLANK($G108)),ISBLANK($G109)),$C$42-$F$40-$F$42,"""")"
Mars 2026;109;C;C109;;"=IF(AND(NOT(ISBLANK($G108)),ISBLANK($G109)),""Reste réel"","""")"
Mars 2026;109;D;D109;;"=IF(AND(NOT(ISBLANK($G108)),ISBLANK($G109)),$C$42-$H$40-$F$42,"""")"
Mars 2026;109;G;G109;Cigarettes;
Mars 2026;109;H;H109;13;
Mars 2026;109;I;I109;x;
Mars 2026;109;J;J109;13;"=IF(I109=""x"",H109,0)"
Mars 2026;109;K;K109;Divers;
Mars 2026;110;A;A110;;"=IF(AND(NOT(ISBLANK(G109)),ISBLANK(G110)),""Reste prévu"","""")"
Mars 2026;110;B;B110;;"=IF(AND(NOT(ISBLANK($G109)),ISBLANK($G110)),$C$42-$F$40-$F$42,"""")"
Mars 2026;110;C;C110;;"=IF(AND(NOT(ISBLANK($G109)),ISBLANK($G110)),""Reste réel"","""")"
Mars 2026;110;D;D110;;"=IF(AND(NOT(ISBLANK($G109)),ISBLANK($G110)),$C$42-$H$40-$F$42,"""")"
Mars 2026;110;G;G110;Mr Bricolage;
Mars 2026;110;H;H110;13.65;
Mars 2026;110;I;I110;x;
Mars 2026;110;J;J110;13.65;"=IF(I110=""x"",H110,0)"
Mars 2026;110;K;K110;Bricolage/Travaux;
Mars 2026;111;A;A111;;"=IF(AND(NOT(ISBLANK(G110)),ISBLANK(G111)),""Reste prévu"","""")"
Mars 2026;111;B;B111;;"=IF(AND(NOT(ISBLANK($G110)),ISBLANK($G111)),$C$42-$F$40-$F$42,"""")"
Mars 2026;111;C;C111;;"=IF(AND(NOT(ISBLANK($G110)),ISBLANK($G111)),""Reste réel"","""")"
Mars 2026;111;D;D111;;"=IF(AND(NOT(ISBLANK($G110)),ISBLANK($G111)),$C$42-$H$40-$F$42,"""")"
Mars 2026;111;G;G111;Autoroute;
Mars 2026;111;H;H111;68.6;
Mars 2026;111;I;I111;x;
Mars 2026;111;J;J111;68.6;"=IF(I111=""x"",H111,0)"
Mars 2026;111;K;K111;Voiture/Déplacement;
Mars 2026;112;A;A112;;"=IF(AND(NOT(ISBLANK(G111)),ISBLANK(G112)),""Reste prévu"","""")"
Mars 2026;112;B;B112;;"=IF(AND(NOT(ISBLANK($G111)),ISBLANK($G112)),$C$42-$F$40-$F$42,"""")"
Mars 2026;112;C;C112;;"=IF(AND(NOT(ISBLANK($G111)),ISBLANK($G112)),""Reste réel"","""")"
Mars 2026;112;D;D112;;"=IF(AND(NOT(ISBLANK($G111)),ISBLANK($G112)),$C$42-$H$40-$F$42,"""")"
Mars 2026;112;G;G112;Leclerc;
Mars 2026;112;H;H112;11.52;
Mars 2026;112;I;I112;x;
Mars 2026;112;J;J112;11.52;"=IF(I112=""x"",H112,0)"
Mars 2026;112;K;K112;Courses;
Mars 2026;113;A;A113;;"=IF(AND(NOT(ISBLANK(G112)),ISBLANK(G113)),""Reste prévu"","""")"
Mars 2026;113;B;B113;;"=IF(AND(NOT(ISBLANK($G112)),ISBLANK($G113)),$C$42-$F$40-$F$42,"""")"
Mars 2026;113;C;C113;;"=IF(AND(NOT(ISBLANK($G112)),ISBLANK($G113)),""Reste réel"","""")"
Mars 2026;113;D;D113;;"=IF(AND(NOT(ISBLANK($G112)),ISBLANK($G113)),$C$42-$H$40-$F$42,"""")"
Mars 2026;113;G;G113;Retrait;
Mars 2026;113;H;H113;100;
Mars 2026;113;I;I113;x;
Mars 2026;113;J;J113;100;"=IF(I113=""x"",H113,0)"
Mars 2026;113;K;K113;Courses;
Mars 2026;114;A;A114;;"=IF(AND(NOT(ISBLANK(G113)),ISBLANK(G114)),""Reste prévu"","""")"
Mars 2026;114;B;B114;;"=IF(AND(NOT(ISBLANK($G113)),ISBLANK($G114)),$C$42-$F$40-$F$42,"""")"
Mars 2026;114;C;C114;;"=IF(AND(NOT(ISBLANK($G113)),ISBLANK($G114)),""Reste réel"","""")"
Mars 2026;114;D;D114;;"=IF(AND(NOT(ISBLANK($G113)),ISBLANK($G114)),$C$42-$H$40-$F$42,"""")"
Mars 2026;114;G;G114;Leclerc;
Mars 2026;114;H;H114;109.75;
Mars 2026;114;I;I114;x;
Mars 2026;114;J;J114;109.75;"=IF(I114=""x"",H114,0)"
Mars 2026;114;K;K114;Courses;
Mars 2026;115;A;A115;;"=IF(AND(NOT(ISBLANK(G114)),ISBLANK(G115)),""Reste prévu"","""")"
Mars 2026;115;B;B115;;"=IF(AND(NOT(ISBLANK($G114)),ISBLANK($G115)),$C$42-$F$40-$F$42,"""")"
Mars 2026;115;C;C115;;"=IF(AND(NOT(ISBLANK($G114)),ISBLANK($G115)),""Reste réel"","""")"
Mars 2026;115;D;D115;;"=IF(AND(NOT(ISBLANK($G114)),ISBLANK($G115)),$C$42-$H$40-$F$42,"""")"
Mars 2026;115;G;G115;Mr Bricolage;
Mars 2026;115;H;H115;3.76;
Mars 2026;115;I;I115;x;
Mars 2026;115;J;J115;3.76;"=IF(I115=""x"",H115,0)"
Mars 2026;115;K;K115;Bricolage/Travaux;
Mars 2026;116;A;A116;;"=IF(AND(NOT(ISBLANK(G115)),ISBLANK(G116)),""Reste prévu"","""")"
Mars 2026;116;B;B116;;"=IF(AND(NOT(ISBLANK($G115)),ISBLANK($G116)),$C$42-$F$40-$F$42,"""")"
Mars 2026;116;C;C116;;"=IF(AND(NOT(ISBLANK($G115)),ISBLANK($G116)),""Reste réel"","""")"
Mars 2026;116;D;D116;;"=IF(AND(NOT(ISBLANK($G115)),ISBLANK($G116)),$C$42-$H$40-$F$42,"""")"
Mars 2026;116;G;G116;Fournil;
Mars 2026;116;H;H116;4.9;
Mars 2026;116;I;I116;x;
Mars 2026;116;J;J116;4.9;"=IF(I116=""x"",H116,0)"
Mars 2026;116;K;K116;Courses;
Mars 2026;117;A;A117;;"=IF(AND(NOT(ISBLANK(G116)),ISBLANK(G117)),""Reste prévu"","""")"
Mars 2026;117;B;B117;;"=IF(AND(NOT(ISBLANK($G116)),ISBLANK($G117)),$C$42-$F$40-$F$42,"""")"
Mars 2026;117;C;C117;;"=IF(AND(NOT(ISBLANK($G116)),ISBLANK($G117)),""Reste réel"","""")"
Mars 2026;117;D;D117;;"=IF(AND(NOT(ISBLANK($G116)),ISBLANK($G117)),$C$42-$H$40-$F$42,"""")"
Mars 2026;117;G;G117;Leroy Merlin;
Mars 2026;117;H;H117;234.96;
Mars 2026;117;I;I117;x;
Mars 2026;117;J;J117;234.96;"=IF(I117=""x"",H117,0)"
Mars 2026;117;K;K117;Bricolage/Travaux;
Mars 2026;118;A;A118;;"=IF(AND(NOT(ISBLANK(G117)),ISBLANK(G118)),""Reste prévu"","""")"
Mars 2026;118;B;B118;;"=IF(AND(NOT(ISBLANK($G117)),ISBLANK($G118)),$C$42-$F$40-$F$42,"""")"
Mars 2026;118;C;C118;;"=IF(AND(NOT(ISBLANK($G117)),ISBLANK($G118)),""Reste réel"","""")"
Mars 2026;118;D;D118;;"=IF(AND(NOT(ISBLANK($G117)),ISBLANK($G118)),$C$42-$H$40-$F$42,"""")"
Mars 2026;118;G;G118;Train Arthur;
Mars 2026;118;H;H118;9;
Mars 2026;118;I;I118;x;
Mars 2026;118;J;J118;9;"=IF(I118=""x"",H118,0)"
Mars 2026;118;K;K118;Voiture/Déplacement;
Mars 2026;119;A;A119;;"=IF(AND(NOT(ISBLANK(G118)),ISBLANK(G119)),""Reste prévu"","""")"
Mars 2026;119;B;B119;;"=IF(AND(NOT(ISBLANK($G118)),ISBLANK($G119)),$C$42-$F$40-$F$42,"""")"
Mars 2026;119;C;C119;;"=IF(AND(NOT(ISBLANK($G118)),ISBLANK($G119)),""Reste réel"","""")"
Mars 2026;119;D;D119;;"=IF(AND(NOT(ISBLANK($G118)),ISBLANK($G119)),$C$42-$H$40-$F$42,"""")"
Mars 2026;119;G;G119;Train Arthur;
Mars 2026;119;H;H119;9;
Mars 2026;119;I;I119;x;
Mars 2026;119;J;J119;9;"=IF(I119=""x"",H119,0)"
Mars 2026;119;K;K119;Voiture/Déplacement;
Mars 2026;120;A;A120;;"=IF(AND(NOT(ISBLANK(G119)),ISBLANK(G120)),""Reste prévu"","""")"
Mars 2026;120;B;B120;;"=IF(AND(NOT(ISBLANK($G119)),ISBLANK($G120)),$C$42-$F$40-$F$42,"""")"
Mars 2026;120;C;C120;;"=IF(AND(NOT(ISBLANK($G119)),ISBLANK($G120)),""Reste réel"","""")"
Mars 2026;120;D;D120;;"=IF(AND(NOT(ISBLANK($G119)),ISBLANK($G120)),$C$42-$H$40-$F$42,"""")"
Mars 2026;120;G;G120;Croquettes Oska;
Mars 2026;120;H;H120;47.01;
Mars 2026;120;I;I120;x;
Mars 2026;120;J;J120;47.01;"=IF(I120=""x"",H120,0)"
Mars 2026;120;K;K120;Divers;
Mars 2026;121;A;A121;;"=IF(AND(NOT(ISBLANK(G120)),ISBLANK(G121)),""Reste prévu"","""")"
Mars 2026;121;B;B121;;"=IF(AND(NOT(ISBLANK($G120)),ISBLANK($G121)),$C$42-$F$40-$F$42,"""")"
Mars 2026;121;C;C121;;"=IF(AND(NOT(ISBLANK($G120)),ISBLANK($G121)),""Reste réel"","""")"
Mars 2026;121;D;D121;;"=IF(AND(NOT(ISBLANK($G120)),ISBLANK($G121)),$C$42-$H$40-$F$42,"""")"
Mars 2026;121;G;G121;Cidrerie;
Mars 2026;121;H;H121;58.8;
Mars 2026;121;I;I121;x;
Mars 2026;121;J;J121;58.8;"=IF(I121=""x"",H121,0)"
Mars 2026;121;K;K121;Courses;
Mars 2026;122;A;A122;;"=IF(AND(NOT(ISBLANK(G121)),ISBLANK(G122)),""Reste prévu"","""")"
Mars 2026;122;B;B122;;"=IF(AND(NOT(ISBLANK($G121)),ISBLANK($G122)),$C$42-$F$40-$F$42,"""")"
Mars 2026;122;C;C122;;"=IF(AND(NOT(ISBLANK($G121)),ISBLANK($G122)),""Reste réel"","""")"
Mars 2026;122;D;D122;;"=IF(AND(NOT(ISBLANK($G121)),ISBLANK($G122)),$C$42-$H$40-$F$42,"""")"
Mars 2026;122;G;G122;Boulangerie;
Mars 2026;122;H;H122;26.7;
Mars 2026;122;I;I122;x;
Mars 2026;122;J;J122;26.7;"=IF(I122=""x"",H122,0)"
Mars 2026;122;K;K122;Courses;
Mars 2026;123;A;A123;;"=IF(AND(NOT(ISBLANK(G122)),ISBLANK(G123)),""Reste prévu"","""")"
Mars 2026;123;B;B123;;"=IF(AND(NOT(ISBLANK($G122)),ISBLANK($G123)),$C$42-$F$40-$F$42,"""")"
Mars 2026;123;C;C123;;"=IF(AND(NOT(ISBLANK($G122)),ISBLANK($G123)),""Reste réel"","""")"
Mars 2026;123;D;D123;;"=IF(AND(NOT(ISBLANK($G122)),ISBLANK($G123)),$C$42-$H$40-$F$42,"""")"
Mars 2026;123;G;G123;Leclerc;
Mars 2026;123;H;H123;50.24;
Mars 2026;123;I;I123;x;
Mars 2026;123;J;J123;50.24;"=IF(I123=""x"",H123,0)"
Mars 2026;123;K;K123;Courses;
Mars 2026;124;A;A124;;"=IF(AND(NOT(ISBLANK(G123)),ISBLANK(G124)),""Reste prévu"","""")"
Mars 2026;124;B;B124;;"=IF(AND(NOT(ISBLANK($G123)),ISBLANK($G124)),$C$42-$F$40-$F$42,"""")"
Mars 2026;124;C;C124;;"=IF(AND(NOT(ISBLANK($G123)),ISBLANK($G124)),""Reste réel"","""")"
Mars 2026;124;D;D124;;"=IF(AND(NOT(ISBLANK($G123)),ISBLANK($G124)),$C$42-$H$40-$F$42,"""")"
Mars 2026;124;G;G124;Boulangerie;
Mars 2026;124;H;H124;28.2;
Mars 2026;124;I;I124;x;
Mars 2026;124;J;J124;28.2;"=IF(I124=""x"",H124,0)"
Mars 2026;124;K;K124;Courses;
Mars 2026;125;A;A125;;"=IF(AND(NOT(ISBLANK(G124)),ISBLANK(G125)),""Reste prévu"","""")"
Mars 2026;125;B;B125;;"=IF(AND(NOT(ISBLANK($G124)),ISBLANK($G125)),$C$42-$F$40-$F$42,"""")"
Mars 2026;125;C;C125;;"=IF(AND(NOT(ISBLANK($G124)),ISBLANK($G125)),""Reste réel"","""")"
Mars 2026;125;D;D125;;"=IF(AND(NOT(ISBLANK($G124)),ISBLANK($G125)),$C$42-$H$40-$F$42,"""")"
Mars 2026;125;G;G125;Leroy Merlin;
Mars 2026;125;H;H125;31.74;
Mars 2026;125;I;I125;x;
Mars 2026;125;J;J125;31.74;"=IF(I125=""x"",H125,0)"
Mars 2026;125;K;K125;Bricolage/Travaux;
Mars 2026;126;A;A126;;"=IF(AND(NOT(ISBLANK(G125)),ISBLANK(G126)),""Reste prévu"","""")"
Mars 2026;126;B;B126;;"=IF(AND(NOT(ISBLANK($G125)),ISBLANK($G126)),$C$42-$F$40-$F$42,"""")"
Mars 2026;126;C;C126;;"=IF(AND(NOT(ISBLANK($G125)),ISBLANK($G126)),""Reste réel"","""")"
Mars 2026;126;D;D126;;"=IF(AND(NOT(ISBLANK($G125)),ISBLANK($G126)),$C$42-$H$40-$F$42,"""")"
Mars 2026;126;G;G126;Train Arthur;
Mars 2026;126;H;H126;9;
Mars 2026;126;I;I126;x;
Mars 2026;126;J;J126;9;"=IF(I126=""x"",H126,0)"
Mars 2026;126;K;K126;Voiture/Déplacement;
Mars 2026;127;A;A127;;"=IF(AND(NOT(ISBLANK(G126)),ISBLANK(G127)),""Reste prévu"","""")"
Mars 2026;127;B;B127;;"=IF(AND(NOT(ISBLANK($G126)),ISBLANK($G127)),$C$42-$F$40-$F$42,"""")"
Mars 2026;127;C;C127;;"=IF(AND(NOT(ISBLANK($G126)),ISBLANK($G127)),""Reste réel"","""")"
Mars 2026;127;D;D127;;"=IF(AND(NOT(ISBLANK($G126)),ISBLANK($G127)),$C$42-$H$40-$F$42,"""")"
Mars 2026;127;G;G127;Bevan;
Mars 2026;127;H;H127;264;
Mars 2026;127;I;I127;x;
Mars 2026;127;J;J127;264;"=IF(I127=""x"",H127,0)"
Mars 2026;127;K;K127;Loisirs;
Mars 2026;128;A;A128;;"=IF(AND(NOT(ISBLANK(G127)),ISBLANK(G128)),""Reste prévu"","""")"
Mars 2026;128;B;B128;;"=IF(AND(NOT(ISBLANK($G127)),ISBLANK($G128)),$C$42-$F$40-$F$42,"""")"
Mars 2026;128;C;C128;;"=IF(AND(NOT(ISBLANK($G127)),ISBLANK($G128)),""Reste réel"","""")"
Mars 2026;128;D;D128;;"=IF(AND(NOT(ISBLANK($G127)),ISBLANK($G128)),$C$42-$H$40-$F$42,"""")"
Mars 2026;128;G;G128;Cultura;
Mars 2026;128;H;H128;71.44;
Mars 2026;128;I;I128;x;
Mars 2026;128;J;J128;71.44;"=IF(I128=""x"",H128,0)"
Mars 2026;128;K;K128;Loisirs;
Mars 2026;129;A;A129;;"=IF(AND(NOT(ISBLANK(G128)),ISBLANK(G129)),""Reste prévu"","""")"
Mars 2026;129;B;B129;;"=IF(AND(NOT(ISBLANK($G128)),ISBLANK($G129)),$C$42-$F$40-$F$42,"""")"
Mars 2026;129;C;C129;;"=IF(AND(NOT(ISBLANK($G128)),ISBLANK($G129)),""Reste réel"","""")"
Mars 2026;129;D;D129;;"=IF(AND(NOT(ISBLANK($G128)),ISBLANK($G129)),$C$42-$H$40-$F$42,"""")"
Mars 2026;129;G;G129;FDJ;
Mars 2026;129;H;H129;25;
Mars 2026;129;I;I129;x;
Mars 2026;129;J;J129;25;"=IF(I129=""x"",H129,0)"
Mars 2026;129;K;K129;Divers;
Mars 2026;130;A;A130;;"=IF(AND(NOT(ISBLANK(G129)),ISBLANK(G130)),""Reste prévu"","""")"
Mars 2026;130;B;B130;;"=IF(AND(NOT(ISBLANK($G129)),ISBLANK($G130)),$C$42-$F$40-$F$42,"""")"
Mars 2026;130;C;C130;;"=IF(AND(NOT(ISBLANK($G129)),ISBLANK($G130)),""Reste réel"","""")"
Mars 2026;130;D;D130;;"=IF(AND(NOT(ISBLANK($G129)),ISBLANK($G130)),$C$42-$H$40-$F$42,"""")"
Mars 2026;130;G;G130;Bijouterie Paimpol;
Mars 2026;130;H;H130;39;
Mars 2026;130;I;I130;x;
Mars 2026;130;J;J130;39;"=IF(I130=""x"",H130,0)"
Mars 2026;130;K;K130;Cadeau;
Mars 2026;131;A;A131;;"=IF(AND(NOT(ISBLANK(G130)),ISBLANK(G131)),""Reste prévu"","""")"
Mars 2026;131;B;B131;;"=IF(AND(NOT(ISBLANK($G130)),ISBLANK($G131)),$C$42-$F$40-$F$42,"""")"
Mars 2026;131;C;C131;;"=IF(AND(NOT(ISBLANK($G130)),ISBLANK($G131)),""Reste réel"","""")"
Mars 2026;131;D;D131;;"=IF(AND(NOT(ISBLANK($G130)),ISBLANK($G131)),$C$42-$H$40-$F$42,"""")"
Mars 2026;131;G;G131;VEterinaire;
Mars 2026;131;H;H131;53.6;
Mars 2026;131;I;I131;x;
Mars 2026;131;J;J131;53.6;"=IF(I131=""x"",H131,0)"
Mars 2026;131;K;K131;Charges;
Mars 2026;132;A;A132;;"=IF(AND(NOT(ISBLANK(G131)),ISBLANK(G132)),""Reste prévu"","""")"
Mars 2026;132;B;B132;;"=IF(AND(NOT(ISBLANK($G131)),ISBLANK($G132)),$C$42-$F$40-$F$42,"""")"
Mars 2026;132;C;C132;;"=IF(AND(NOT(ISBLANK($G131)),ISBLANK($G132)),""Reste réel"","""")"
Mars 2026;132;D;D132;;"=IF(AND(NOT(ISBLANK($G131)),ISBLANK($G132)),$C$42-$H$40-$F$42,"""")"
Mars 2026;132;G;G132;Carrefour;
Mars 2026;132;H;H132;41.92;
Mars 2026;132;I;I132;x;
Mars 2026;132;J;J132;41.92;"=IF(I132=""x"",H132,0)"
Mars 2026;132;K;K132;Courses;
Mars 2026;133;A;A133;;"=IF(AND(NOT(ISBLANK(G132)),ISBLANK(G133)),""Reste prévu"","""")"
Mars 2026;133;B;B133;;"=IF(AND(NOT(ISBLANK($G132)),ISBLANK($G133)),$C$42-$F$40-$F$42,"""")"
Mars 2026;133;C;C133;;"=IF(AND(NOT(ISBLANK($G132)),ISBLANK($G133)),""Reste réel"","""")"
Mars 2026;133;D;D133;;"=IF(AND(NOT(ISBLANK($G132)),ISBLANK($G133)),$C$42-$H$40-$F$42,"""")"
Mars 2026;133;G;G133;PAdel;
Mars 2026;133;H;H133;19.9;
Mars 2026;133;I;I133;x;
Mars 2026;133;J;J133;19.9;"=IF(I133=""x"",H133,0)"
Mars 2026;133;K;K133;Loisirs;
Mars 2026;134;A;A134;;"=IF(AND(NOT(ISBLANK(G133)),ISBLANK(G134)),""Reste prévu"","""")"
Mars 2026;134;B;B134;;"=IF(AND(NOT(ISBLANK($G133)),ISBLANK($G134)),$C$42-$F$40-$F$42,"""")"
Mars 2026;134;C;C134;;"=IF(AND(NOT(ISBLANK($G133)),ISBLANK($G134)),""Reste réel"","""")"
Mars 2026;134;D;D134;;"=IF(AND(NOT(ISBLANK($G133)),ISBLANK($G134)),$C$42-$H$40-$F$42,"""")"
Mars 2026;134;G;G134;Fournil du port;
Mars 2026;134;H;H134;7.28;
Mars 2026;134;I;I134;x;
Mars 2026;134;J;J134;7.28;"=IF(I134=""x"",H134,0)"
Mars 2026;134;K;K134;Courses;
Mars 2026;135;A;A135;;"=IF(AND(NOT(ISBLANK(G134)),ISBLANK(G135)),""Reste prévu"","""")"
Mars 2026;135;B;B135;;"=IF(AND(NOT(ISBLANK($G134)),ISBLANK($G135)),$C$42-$F$40-$F$42,"""")"
Mars 2026;135;C;C135;;"=IF(AND(NOT(ISBLANK($G134)),ISBLANK($G135)),""Reste réel"","""")"
Mars 2026;135;D;D135;;"=IF(AND(NOT(ISBLANK($G134)),ISBLANK($G135)),$C$42-$H$40-$F$42,"""")"
Mars 2026;135;G;G135;Apple Arthur;
Mars 2026;135;H;H135;8.99;
Mars 2026;135;I;I135;x;
Mars 2026;135;J;J135;8.99;"=IF(I135=""x"",H135,0)"
Mars 2026;135;K;K135;Internet/Téléphone;
Mars 2026;136;A;A136;;"=IF(AND(NOT(ISBLANK(G135)),ISBLANK(G136)),""Reste prévu"","""")"
Mars 2026;136;B;B136;;"=IF(AND(NOT(ISBLANK($G135)),ISBLANK($G136)),$C$42-$F$40-$F$42,"""")"
Mars 2026;136;C;C136;;"=IF(AND(NOT(ISBLANK($G135)),ISBLANK($G136)),""Reste réel"","""")"
Mars 2026;136;D;D136;;"=IF(AND(NOT(ISBLANK($G135)),ISBLANK($G136)),$C$42-$H$40-$F$42,"""")"
Mars 2026;136;G;G136;Amende stationnement (Igienair);
Mars 2026;136;H;H136;25;
Mars 2026;136;I;I136;x;
Mars 2026;136;J;J136;25;"=IF(I136=""x"",H136,0)"
Mars 2026;136;K;K136;Voiture/Déplacement;
Mars 2026;137;A;A137;Reste prévu;"=IF(AND(NOT(ISBLANK(G136)),ISBLANK(G137)),""Reste prévu"","""")"
Mars 2026;137;B;B137;#REF!;"=IF(AND(NOT(ISBLANK($G136)),ISBLANK($G137)),$C$42-$F$40-$F$42,"""")"
Mars 2026;137;C;C137;Reste réel;"=IF(AND(NOT(ISBLANK($G136)),ISBLANK($G137)),""Reste réel"","""")"
Mars 2026;137;D;D137;#REF!;"=IF(AND(NOT(ISBLANK($G136)),ISBLANK($G137)),$C$42-$H$40-$F$42,"""")"
Mars 2026;137;J;J137;0;"=IF(I137=""x"",H137,0)"
Mars 2026;137;K;K137;Courses;
Mars 2026;138;A;A138;;"=IF(AND(NOT(ISBLANK(G137)),ISBLANK(G138)),""Reste prévu"","""")"
Mars 2026;138;B;B138;;"=IF(AND(NOT(ISBLANK($G137)),ISBLANK($G138)),$C$42-$F$40-$F$42,"""")"
Mars 2026;138;C;C138;;"=IF(AND(NOT(ISBLANK($G137)),ISBLANK($G138)),""Reste réel"","""")"
Mars 2026;138;D;D138;;"=IF(AND(NOT(ISBLANK($G137)),ISBLANK($G138)),$C$42-$H$40-$F$42,"""")"
Mars 2026;138;J;J138;0;"=IF(I138=""x"",H138,0)"
Mars 2026;138;K;K138;Courses;
Mars 2026;139;A;A139;;"=IF(AND(NOT(ISBLANK(G138)),ISBLANK(G139)),""Reste prévu"","""")"
Mars 2026;139;B;B139;;"=IF(AND(NOT(ISBLANK($G138)),ISBLANK($G139)),$C$42-$F$40-$F$42,"""")"
Mars 2026;139;C;C139;;"=IF(AND(NOT(ISBLANK($G138)),ISBLANK($G139)),""Reste réel"","""")"
Mars 2026;139;D;D139;;"=IF(AND(NOT(ISBLANK($G138)),ISBLANK($G139)),$C$42-$H$40-$F$42,"""")"
Mars 2026;139;J;J139;0;"=IF(I139=""x"",H139,0)"
Mars 2026;139;K;K139;Divers;
Mars 2026;140;A;A140;;"=IF(AND(NOT(ISBLANK(G139)),ISBLANK(G140)),""Reste prévu"","""")"
Mars 2026;140;B;B140;;"=IF(AND(NOT(ISBLANK($G139)),ISBLANK($G140)),$C$42-$F$40-$F$42,"""")"
Mars 2026;140;C;C140;;"=IF(AND(NOT(ISBLANK($G139)),ISBLANK($G140)),""Reste réel"","""")"
Mars 2026;140;D;D140;;"=IF(AND(NOT(ISBLANK($G139)),ISBLANK($G140)),$C$42-$H$40-$F$42,"""")"
Mars 2026;140;J;J140;0;"=IF(I140=""x"",H140,0)"
Mars 2026;140;K;K140;Courses;
Mars 2026;141;A;A141;;"=IF(AND(NOT(ISBLANK(G140)),ISBLANK(G141)),""Reste prévu"","""")"
Mars 2026;141;B;B141;;"=IF(AND(NOT(ISBLANK($G140)),ISBLANK($G141)),$C$42-$F$40-$F$42,"""")"
Mars 2026;141;C;C141;;"=IF(AND(NOT(ISBLANK($G140)),ISBLANK($G141)),""Reste réel"","""")"
Mars 2026;141;D;D141;;"=IF(AND(NOT(ISBLANK($G140)),ISBLANK($G141)),$C$42-$H$40-$F$42,"""")"
Mars 2026;141;J;J141;0;"=IF(I141=""x"",H141,0)"
Mars 2026;141;K;K141;Cadeau;
Mars 2026;142;A;A142;;"=IF(AND(NOT(ISBLANK(G141)),ISBLANK(G142)),""Reste prévu"","""")"
Mars 2026;142;B;B142;;"=IF(AND(NOT(ISBLANK($G141)),ISBLANK($G142)),$C$42-$F$40-$F$42,"""")"
Mars 2026;142;C;C142;;"=IF(AND(NOT(ISBLANK($G141)),ISBLANK($G142)),""Reste réel"","""")"
Mars 2026;142;D;D142;;"=IF(AND(NOT(ISBLANK($G141)),ISBLANK($G142)),$C$42-$H$40-$F$42,"""")"
Mars 2026;142;J;J142;0;"=IF(I142=""x"",H142,0)"
Mars 2026;142;K;K142;Cadeau;
Mars 2026;143;A;A143;;"=IF(AND(NOT(ISBLANK(G142)),ISBLANK(G143)),""Reste prévu"","""")"
Mars 2026;143;B;B143;;"=IF(AND(NOT(ISBLANK($G142)),ISBLANK($G143)),$C$42-$F$40-$F$42,"""")"
Mars 2026;143;C;C143;;"=IF(AND(NOT(ISBLANK($G142)),ISBLANK($G143)),""Reste réel"","""")"
Mars 2026;143;D;D143;;"=IF(AND(NOT(ISBLANK($G142)),ISBLANK($G143)),$C$42-$H$40-$F$42,"""")"
Mars 2026;143;J;J143;0;"=IF(I143=""x"",H143,0)"
Mars 2026;143;K;K143;Cadeau;
Mars 2026;144;A;A144;;"=IF(AND(NOT(ISBLANK(G143)),ISBLANK(G144)),""Reste prévu"","""")"
Mars 2026;144;B;B144;;"=IF(AND(NOT(ISBLANK($G143)),ISBLANK($G144)),$C$42-$F$40-$F$42,"""")"
Mars 2026;144;C;C144;;"=IF(AND(NOT(ISBLANK($G143)),ISBLANK($G144)),""Reste réel"","""")"
Mars 2026;144;D;D144;;"=IF(AND(NOT(ISBLANK($G143)),ISBLANK($G144)),$C$42-$H$40-$F$42,"""")"
Mars 2026;144;J;J144;0;"=IF(I144=""x"",H144,0)"
Mars 2026;144;K;K144;Cadeau;
Mars 2026;145;A;A145;;"=IF(AND(NOT(ISBLANK(G144)),ISBLANK(G145)),""Reste prévu"","""")"
Mars 2026;145;B;B145;;"=IF(AND(NOT(ISBLANK($G144)),ISBLANK($G145)),$C$42-$F$40-$F$42,"""")"
Mars 2026;145;C;C145;;"=IF(AND(NOT(ISBLANK($G144)),ISBLANK($G145)),""Reste réel"","""")"
Mars 2026;145;D;D145;;"=IF(AND(NOT(ISBLANK($G144)),ISBLANK($G145)),$C$42-$H$40-$F$42,"""")"
Mars 2026;145;J;J145;0;"=IF(I145=""x"",H145,0)"
Mars 2026;145;K;K145;Courses;
Mars 2026;146;A;A146;;"=IF(AND(NOT(ISBLANK(G145)),ISBLANK(G146)),""Reste prévu"","""")"
Mars 2026;146;B;B146;;"=IF(AND(NOT(ISBLANK($G145)),ISBLANK($G146)),$C$42-$F$40-$F$42,"""")"
Mars 2026;146;C;C146;;"=IF(AND(NOT(ISBLANK($G145)),ISBLANK($G146)),""Reste réel"","""")"
Mars 2026;146;D;D146;;"=IF(AND(NOT(ISBLANK($G145)),ISBLANK($G146)),$C$42-$H$40-$F$42,"""")"
Mars 2026;146;J;J146;0;"=IF(I146=""x"",H146,0)"
Mars 2026;146;K;K146;Cadeau;
Mars 2026;147;A;A147;;"=IF(AND(NOT(ISBLANK(G146)),ISBLANK(G147)),""Reste prévu"","""")"
Mars 2026;147;B;B147;;"=IF(AND(NOT(ISBLANK($G146)),ISBLANK($G147)),$C$42-$F$40-$F$42,"""")"
Mars 2026;147;C;C147;;"=IF(AND(NOT(ISBLANK($G146)),ISBLANK($G147)),""Reste réel"","""")"
Mars 2026;147;D;D147;;"=IF(AND(NOT(ISBLANK($G146)),ISBLANK($G147)),$C$42-$H$40-$F$42,"""")"
Mars 2026;147;J;J147;0;"=IF(I147=""x"",H147,0)"
Mars 2026;148;A;A148;;"=IF(AND(NOT(ISBLANK(G147)),ISBLANK(G148)),""Reste prévu"","""")"
Mars 2026;148;B;B148;;"=IF(AND(NOT(ISBLANK($G147)),ISBLANK($G148)),$C$42-$F$40-$F$42,"""")"
Mars 2026;148;C;C148;;"=IF(AND(NOT(ISBLANK($G147)),ISBLANK($G148)),""Reste réel"","""")"
Mars 2026;148;D;D148;;"=IF(AND(NOT(ISBLANK($G147)),ISBLANK($G148)),$C$42-$H$40-$F$42,"""")"
Mars 2026;148;J;J148;0;"=IF(I148=""x"",H148,0)"
Mars 2026;149;A;A149;;"=IF(AND(NOT(ISBLANK(G148)),ISBLANK(G149)),""Reste prévu"","""")"
Mars 2026;149;B;B149;;"=IF(AND(NOT(ISBLANK($G148)),ISBLANK($G149)),$C$42-$F$40-$F$42,"""")"
Mars 2026;149;C;C149;;"=IF(AND(NOT(ISBLANK($G148)),ISBLANK($G149)),""Reste réel"","""")"
Mars 2026;149;D;D149;;"=IF(AND(NOT(ISBLANK($G148)),ISBLANK($G149)),$C$42-$H$40-$F$42,"""")"
Mars 2026;149;J;J149;0;"=IF(I149=""x"",H149,0)"
Mars 2026;150;A;A150;;"=IF(AND(NOT(ISBLANK(G149)),ISBLANK(G150)),""Reste prévu"","""")"
Mars 2026;150;B;B150;;"=IF(AND(NOT(ISBLANK($G149)),ISBLANK($G150)),$C$42-$F$40-$F$42,"""")"
Mars 2026;150;C;C150;;"=IF(AND(NOT(ISBLANK($G149)),ISBLANK($G150)),""Reste réel"","""")"
Mars 2026;150;D;D150;;"=IF(AND(NOT(ISBLANK($G149)),ISBLANK($G150)),$C$42-$H$40-$F$42,"""")"
Mars 2026;150;J;J150;0;"=IF(I150=""x"",H150,0)"
Mars 2026;151;A;A151;;"=IF(AND(NOT(ISBLANK(G150)),ISBLANK(G151)),""Reste prévu"","""")"
Mars 2026;151;B;B151;;"=IF(AND(NOT(ISBLANK($G150)),ISBLANK($G151)),$C$42-$F$40-$F$42,"""")"
Mars 2026;151;C;C151;;"=IF(AND(NOT(ISBLANK($G150)),ISBLANK($G151)),""Reste réel"","""")"
Mars 2026;151;D;D151;;"=IF(AND(NOT(ISBLANK($G150)),ISBLANK($G151)),$C$42-$H$40-$F$42,"""")"
Mars 2026;151;J;J151;0;"=IF(I151=""x"",H151,0)"
Mars 2026;152;A;A152;;"=IF(AND(NOT(ISBLANK(G151)),ISBLANK(G152)),""Reste prévu"","""")"
Mars 2026;152;B;B152;;"=IF(AND(NOT(ISBLANK($G151)),ISBLANK($G152)),$C$42-$F$40-$F$42,"""")"
Mars 2026;152;C;C152;;"=IF(AND(NOT(ISBLANK($G151)),ISBLANK($G152)),""Reste réel"","""")"
Mars 2026;152;D;D152;;"=IF(AND(NOT(ISBLANK($G151)),ISBLANK($G152)),$C$42-$H$40-$F$42,"""")"
Mars 2026;152;J;J152;0;"=IF(I152=""x"",H152,0)"
Mars 2026;153;A;A153;;"=IF(AND(NOT(ISBLANK(G152)),ISBLANK(G153)),""Reste prévu"","""")"
Mars 2026;153;B;B153;;"=IF(AND(NOT(ISBLANK($G152)),ISBLANK($G153)),$C$42-$F$40-$F$42,"""")"
Mars 2026;153;C;C153;;"=IF(AND(NOT(ISBLANK($G152)),ISBLANK($G153)),""Reste réel"","""")"
Mars 2026;153;D;D153;;"=IF(AND(NOT(ISBLANK($G152)),ISBLANK($G153)),$C$42-$H$40-$F$42,"""")"
Mars 2026;153;J;J153;0;"=IF(I153=""x"",H153,0)"
Mars 2026;154;A;A154;;"=IF(AND(NOT(ISBLANK(G153)),ISBLANK(G154)),""Reste prévu"","""")"
Mars 2026;154;B;B154;;"=IF(AND(NOT(ISBLANK($G153)),ISBLANK($G154)),$C$42-$F$40-$F$42,"""")"
Mars 2026;154;C;C154;;"=IF(AND(NOT(ISBLANK($G153)),ISBLANK($G154)),""Reste réel"","""")"
Mars 2026;154;D;D154;;"=IF(AND(NOT(ISBLANK($G153)),ISBLANK($G154)),$C$42-$H$40-$F$42,"""")"
Mars 2026;154;J;J154;0;"=IF(I154=""x"",H154,0)"
Mars 2026;155;A;A155;;"=IF(AND(NOT(ISBLANK(G154)),ISBLANK(G155)),""Reste prévu"","""")"
Mars 2026;155;B;B155;;"=IF(AND(NOT(ISBLANK($G154)),ISBLANK($G155)),$C$42-$F$40-$F$42,"""")"
Mars 2026;155;C;C155;;"=IF(AND(NOT(ISBLANK($G154)),ISBLANK($G155)),""Reste réel"","""")"
Mars 2026;155;D;D155;;"=IF(AND(NOT(ISBLANK($G154)),ISBLANK($G155)),$C$42-$H$40-$F$42,"""")"
Mars 2026;155;J;J155;0;"=IF(I155=""x"",H155,0)"
Mars 2026;156;A;A156;;"=IF(AND(NOT(ISBLANK(G155)),ISBLANK(G156)),""Reste prévu"","""")"
Mars 2026;156;B;B156;;"=IF(AND(NOT(ISBLANK($G155)),ISBLANK($G156)),$C$42-$F$40-$F$42,"""")"
Mars 2026;156;C;C156;;"=IF(AND(NOT(ISBLANK($G155)),ISBLANK($G156)),""Reste réel"","""")"
Mars 2026;156;D;D156;;"=IF(AND(NOT(ISBLANK($G155)),ISBLANK($G156)),$C$42-$H$40-$F$42,"""")"
Mars 2026;156;J;J156;0;"=IF(I156=""x"",H156,0)"
Mars 2026;157;A;A157;;"=IF(AND(NOT(ISBLANK(G156)),ISBLANK(G157)),""Reste prévu"","""")"
Mars 2026;157;B;B157;;"=IF(AND(NOT(ISBLANK($G156)),ISBLANK($G157)),$C$42-$F$40-$F$42,"""")"
Mars 2026;157;C;C157;;"=IF(AND(NOT(ISBLANK($G156)),ISBLANK($G157)),""Reste réel"","""")"
Mars 2026;157;D;D157;;"=IF(AND(NOT(ISBLANK($G156)),ISBLANK($G157)),$C$42-$H$40-$F$42,"""")"
Mars 2026;157;J;J157;0;"=IF(I157=""x"",H157,0)"
Mars 2026;158;A;A158;;"=IF(AND(NOT(ISBLANK(G157)),ISBLANK(G158)),""Reste prévu"","""")"
Mars 2026;158;B;B158;;"=IF(AND(NOT(ISBLANK($G157)),ISBLANK($G158)),$C$42-$F$40-$F$42,"""")"
Mars 2026;158;C;C158;;"=IF(AND(NOT(ISBLANK($G157)),ISBLANK($G158)),""Reste réel"","""")"
Mars 2026;158;D;D158;;"=IF(AND(NOT(ISBLANK($G157)),ISBLANK($G158)),$C$42-$H$40-$F$42,"""")"
Mars 2026;158;J;J158;0;"=IF(I158=""x"",H158,0)"
Mars 2026;159;A;A159;;"=IF(AND(NOT(ISBLANK(G158)),ISBLANK(G159)),""Reste prévu"","""")"
Mars 2026;159;B;B159;;"=IF(AND(NOT(ISBLANK($G158)),ISBLANK($G159)),$C$42-$F$40-$F$42,"""")"
Mars 2026;159;C;C159;;"=IF(AND(NOT(ISBLANK($G158)),ISBLANK($G159)),""Reste réel"","""")"
Mars 2026;159;D;D159;;"=IF(AND(NOT(ISBLANK($G158)),ISBLANK($G159)),$C$42-$H$40-$F$42,"""")"
Mars 2026;159;J;J159;0;"=IF(I159=""x"",H159,0)"
Mars 2026;160;A;A160;;"=IF(AND(NOT(ISBLANK(G159)),ISBLANK(G160)),""Reste prévu"","""")"
Mars 2026;160;B;B160;;"=IF(AND(NOT(ISBLANK($G159)),ISBLANK($G160)),$C$42-$F$40-$F$42,"""")"
Mars 2026;160;C;C160;;"=IF(AND(NOT(ISBLANK($G159)),ISBLANK($G160)),""Reste réel"","""")"
Mars 2026;160;D;D160;;"=IF(AND(NOT(ISBLANK($G159)),ISBLANK($G160)),$C$42-$H$40-$F$42,"""")"
Mars 2026;160;J;J160;0;"=IF(I160=""x"",H160,0)"
Mars 2026;161;A;A161;;"=IF(AND(NOT(ISBLANK(G160)),ISBLANK(G161)),""Reste prévu"","""")"
Mars 2026;161;B;B161;;"=IF(AND(NOT(ISBLANK($G160)),ISBLANK($G161)),$C$42-$F$40-$F$42,"""")"
Mars 2026;161;C;C161;;"=IF(AND(NOT(ISBLANK($G160)),ISBLANK($G161)),""Reste réel"","""")"
Mars 2026;161;D;D161;;"=IF(AND(NOT(ISBLANK($G160)),ISBLANK($G161)),$C$42-$H$40-$F$42,"""")"
Mars 2026;161;J;J161;0;"=IF(I161=""x"",H161,0)"
Mars 2026;162;A;A162;;"=IF(AND(NOT(ISBLANK(G161)),ISBLANK(G162)),""Reste prévu"","""")"
Mars 2026;162;B;B162;;"=IF(AND(NOT(ISBLANK($G161)),ISBLANK($G162)),$C$42-$F$40-$F$42,"""")"
Mars 2026;162;C;C162;;"=IF(AND(NOT(ISBLANK($G161)),ISBLANK($G162)),""Reste réel"","""")"
Mars 2026;162;D;D162;;"=IF(AND(NOT(ISBLANK($G161)),ISBLANK($G162)),$C$42-$H$40-$F$42,"""")"
Mars 2026;162;J;J162;0;"=IF(I162=""x"",H162,0)"
Mars 2026;163;A;A163;;"=IF(AND(NOT(ISBLANK(G162)),ISBLANK(G163)),""Reste prévu"","""")"
Mars 2026;163;B;B163;;"=IF(AND(NOT(ISBLANK($G162)),ISBLANK($G163)),$C$42-$F$40-$F$42,"""")"
Mars 2026;163;C;C163;;"=IF(AND(NOT(ISBLANK($G162)),ISBLANK($G163)),""Reste réel"","""")"
Mars 2026;163;D;D163;;"=IF(AND(NOT(ISBLANK($G162)),ISBLANK($G163)),$C$42-$H$40-$F$42,"""")"
Mars 2026;163;J;J163;0;"=IF(I163=""x"",H163,0)"
Mars 2026;164;A;A164;;"=IF(AND(NOT(ISBLANK(G163)),ISBLANK(G164)),""Reste prévu"","""")"
Mars 2026;164;B;B164;;"=IF(AND(NOT(ISBLANK($G163)),ISBLANK($G164)),$C$42-$F$40-$F$42,"""")"
Mars 2026;164;C;C164;;"=IF(AND(NOT(ISBLANK($G163)),ISBLANK($G164)),""Reste réel"","""")"
Mars 2026;164;D;D164;;"=IF(AND(NOT(ISBLANK($G163)),ISBLANK($G164)),$C$42-$H$40-$F$42,"""")"
Mars 2026;164;J;J164;0;"=IF(I164=""x"",H164,0)"
Mars 2026;165;A;A165;;"=IF(AND(NOT(ISBLANK(G164)),ISBLANK(G165)),""Reste prévu"","""")"
Mars 2026;165;B;B165;;"=IF(AND(NOT(ISBLANK($G164)),ISBLANK($G165)),$C$42-$F$40-$F$42,"""")"
Mars 2026;165;C;C165;;"=IF(AND(NOT(ISBLANK($G164)),ISBLANK($G165)),""Reste réel"","""")"
Mars 2026;165;D;D165;;"=IF(AND(NOT(ISBLANK($G164)),ISBLANK($G165)),$C$42-$H$40-$F$42,"""")"
Mars 2026;165;J;J165;0;"=IF(I165=""x"",H165,0)"
Mars 2026;166;A;A166;;"=IF(AND(NOT(ISBLANK(G165)),ISBLANK(G166)),""Reste prévu"","""")"
Mars 2026;166;B;B166;;"=IF(AND(NOT(ISBLANK($G165)),ISBLANK($G166)),$C$42-$F$40-$F$42,"""")"
Mars 2026;166;C;C166;;"=IF(AND(NOT(ISBLANK($G165)),ISBLANK($G166)),""Reste réel"","""")"
Mars 2026;166;D;D166;;"=IF(AND(NOT(ISBLANK($G165)),ISBLANK($G166)),$C$42-$H$40-$F$42,"""")"
Mars 2026;166;J;J166;0;"=IF(I166=""x"",H166,0)"
Mars 2026;167;A;A167;;"=IF(AND(NOT(ISBLANK(G166)),ISBLANK(G167)),""Reste prévu"","""")"
Mars 2026;167;B;B167;;"=IF(AND(NOT(ISBLANK($G166)),ISBLANK($G167)),$C$42-$F$40-$F$42,"""")"
Mars 2026;167;C;C167;;"=IF(AND(NOT(ISBLANK($G166)),ISBLANK($G167)),""Reste réel"","""")"
Mars 2026;167;D;D167;;"=IF(AND(NOT(ISBLANK($G166)),ISBLANK($G167)),$C$42-$H$40-$F$42,"""")"
Mars 2026;167;J;J167;0;"=IF(I167=""x"",H167,0)"
Mars 2026;168;A;A168;;"=IF(AND(NOT(ISBLANK(G167)),ISBLANK(G168)),""Reste prévu"","""")"
Mars 2026;168;B;B168;;"=IF(AND(NOT(ISBLANK($G167)),ISBLANK($G168)),$C$42-$F$40-$F$42,"""")"
Mars 2026;168;C;C168;;"=IF(AND(NOT(ISBLANK($G167)),ISBLANK($G168)),""Reste réel"","""")"
Mars 2026;168;D;D168;;"=IF(AND(NOT(ISBLANK($G167)),ISBLANK($G168)),$C$42-$H$40-$F$42,"""")"
Mars 2026;168;J;J168;0;"=IF(I168=""x"",H168,0)"
Mars 2026;169;A;A169;;"=IF(AND(NOT(ISBLANK(G168)),ISBLANK(G169)),""Reste prévu"","""")"
Mars 2026;169;B;B169;;"=IF(AND(NOT(ISBLANK($G168)),ISBLANK($G169)),$C$42-$F$40-$F$42,"""")"
Mars 2026;169;C;C169;;"=IF(AND(NOT(ISBLANK($G168)),ISBLANK($G169)),""Reste réel"","""")"
Mars 2026;169;D;D169;;"=IF(AND(NOT(ISBLANK($G168)),ISBLANK($G169)),$C$42-$H$40-$F$42,"""")"
Mars 2026;169;J;J169;0;"=IF(I169=""x"",H169,0)"
Mars 2026;170;A;A170;;"=IF(AND(NOT(ISBLANK(G169)),ISBLANK(G170)),""Reste prévu"","""")"
Mars 2026;170;B;B170;;"=IF(AND(NOT(ISBLANK($G169)),ISBLANK($G170)),$C$42-$F$40-$F$42,"""")"
Mars 2026;170;C;C170;;"=IF(AND(NOT(ISBLANK($G169)),ISBLANK($G170)),""Reste réel"","""")"
Mars 2026;170;D;D170;;"=IF(AND(NOT(ISBLANK($G169)),ISBLANK($G170)),$C$42-$H$40-$F$42,"""")"
Mars 2026;170;J;J170;0;"=IF(I170=""x"",H170,0)"
Mars 2026;171;A;A171;;"=IF(AND(NOT(ISBLANK(G170)),ISBLANK(G171)),""Reste prévu"","""")"
Mars 2026;171;B;B171;;"=IF(AND(NOT(ISBLANK($G170)),ISBLANK($G171)),$C$42-$F$40-$F$42,"""")"
Mars 2026;171;C;C171;;"=IF(AND(NOT(ISBLANK($G170)),ISBLANK($G171)),""Reste réel"","""")"
Mars 2026;171;D;D171;;"=IF(AND(NOT(ISBLANK($G170)),ISBLANK($G171)),$C$42-$H$40-$F$42,"""")"
Mars 2026;171;J;J171;0;"=IF(I171=""x"",H171,0)"
Mars 2026;172;A;A172;;"=IF(AND(NOT(ISBLANK(G171)),ISBLANK(G172)),""Reste prévu"","""")"
Mars 2026;172;B;B172;;"=IF(AND(NOT(ISBLANK($G171)),ISBLANK($G172)),$C$42-$F$40-$F$42,"""")"
Mars 2026;172;C;C172;;"=IF(AND(NOT(ISBLANK($G171)),ISBLANK($G172)),""Reste réel"","""")"
Mars 2026;172;D;D172;;"=IF(AND(NOT(ISBLANK($G171)),ISBLANK($G172)),$C$42-$H$40-$F$42,"""")"
Mars 2026;172;J;J172;0;"=IF(I172=""x"",H172,0)"
Mars 2026;173;A;A173;;"=IF(AND(NOT(ISBLANK(G172)),ISBLANK(G173)),""Reste prévu"","""")"
Mars 2026;173;B;B173;;"=IF(AND(NOT(ISBLANK($G172)),ISBLANK($G173)),$C$42-$F$40-$F$42,"""")"
Mars 2026;173;C;C173;;"=IF(AND(NOT(ISBLANK($G172)),ISBLANK($G173)),""Reste réel"","""")"
Mars 2026;173;D;D173;;"=IF(AND(NOT(ISBLANK($G172)),ISBLANK($G173)),$C$42-$H$40-$F$42,"""")"
Mars 2026;173;J;J173;0;"=IF(I173=""x"",H173,0)"
Mars 2026;174;A;A174;;"=IF(AND(NOT(ISBLANK(G173)),ISBLANK(G174)),""Reste prévu"","""")"
Mars 2026;174;B;B174;;"=IF(AND(NOT(ISBLANK($G173)),ISBLANK($G174)),$C$42-$F$40-$F$42,"""")"
Mars 2026;174;C;C174;;"=IF(AND(NOT(ISBLANK($G173)),ISBLANK($G174)),""Reste réel"","""")"
Mars 2026;174;D;D174;;"=IF(AND(NOT(ISBLANK($G173)),ISBLANK($G174)),$C$42-$H$40-$F$42,"""")"
Mars 2026;174;J;J174;0;"=IF(I174=""x"",H174,0)"
Mars 2026;175;A;A175;;"=IF(AND(NOT(ISBLANK(G174)),ISBLANK(G175)),""Reste prévu"","""")"
Mars 2026;175;B;B175;;"=IF(AND(NOT(ISBLANK($G174)),ISBLANK($G175)),$C$42-$F$40-$F$42,"""")"
Mars 2026;175;C;C175;;"=IF(AND(NOT(ISBLANK($G174)),ISBLANK($G175)),""Reste réel"","""")"
Mars 2026;175;D;D175;;"=IF(AND(NOT(ISBLANK($G174)),ISBLANK($G175)),$C$42-$H$40-$F$42,"""")"
Mars 2026;175;J;J175;0;"=IF(I175=""x"",H175,0)"
Mars 2026;176;A;A176;;"=IF(AND(NOT(ISBLANK(G175)),ISBLANK(G176)),""Reste prévu"","""")"
Mars 2026;176;B;B176;;"=IF(AND(NOT(ISBLANK($G175)),ISBLANK($G176)),$C$42-$F$40-$F$42,"""")"
Mars 2026;176;C;C176;;"=IF(AND(NOT(ISBLANK($G175)),ISBLANK($G176)),""Reste réel"","""")"
Mars 2026;176;D;D176;;"=IF(AND(NOT(ISBLANK($G175)),ISBLANK($G176)),$C$42-$H$40-$F$42,"""")"
Mars 2026;176;J;J176;0;"=IF(I176=""x"",H176,0)"
Mars 2026;177;A;A177;;"=IF(AND(NOT(ISBLANK(G176)),ISBLANK(G177)),""Reste prévu"","""")"
Mars 2026;177;B;B177;;"=IF(AND(NOT(ISBLANK($G176)),ISBLANK($G177)),$C$42-$F$40-$F$42,"""")"
Mars 2026;177;C;C177;;"=IF(AND(NOT(ISBLANK($G176)),ISBLANK($G177)),""Reste réel"","""")"
Mars 2026;177;D;D177;;"=IF(AND(NOT(ISBLANK($G176)),ISBLANK($G177)),$C$42-$H$40-$F$42,"""")"
Mars 2026;177;J;J177;0;"=IF(I177=""x"",H177,0)"
Mars 2026;178;A;A178;;"=IF(AND(NOT(ISBLANK(G177)),ISBLANK(G178)),""Reste prévu"","""")"
Mars 2026;178;B;B178;;"=IF(AND(NOT(ISBLANK($G177)),ISBLANK($G178)),$C$42-$F$40-$F$42,"""")"
Mars 2026;178;C;C178;;"=IF(AND(NOT(ISBLANK($G177)),ISBLANK($G178)),""Reste réel"","""")"
Mars 2026;178;D;D178;;"=IF(AND(NOT(ISBLANK($G177)),ISBLANK($G178)),$C$42-$H$40-$F$42,"""")"
Mars 2026;178;J;J178;0;"=IF(I178=""x"",H178,0)"
Mars 2026;179;A;A179;;"=IF(AND(NOT(ISBLANK(G178)),ISBLANK(G179)),""Reste prévu"","""")"
Mars 2026;179;B;B179;;"=IF(AND(NOT(ISBLANK($G178)),ISBLANK($G179)),$C$42-$F$40-$F$42,"""")"
Mars 2026;179;C;C179;;"=IF(AND(NOT(ISBLANK($G178)),ISBLANK($G179)),""Reste réel"","""")"
Mars 2026;179;D;D179;;"=IF(AND(NOT(ISBLANK($G178)),ISBLANK($G179)),$C$42-$H$40-$F$42,"""")"
Mars 2026;179;J;J179;0;"=IF(I179=""x"",H179,0)"
Mars 2026;180;A;A180;;"=IF(AND(NOT(ISBLANK(G179)),ISBLANK(G180)),""Reste prévu"","""")"
Mars 2026;180;B;B180;;"=IF(AND(NOT(ISBLANK($G179)),ISBLANK($G180)),$C$42-$F$40-$F$42,"""")"
Mars 2026;180;C;C180;;"=IF(AND(NOT(ISBLANK($G179)),ISBLANK($G180)),""Reste réel"","""")"
Mars 2026;180;D;D180;;"=IF(AND(NOT(ISBLANK($G179)),ISBLANK($G180)),$C$42-$H$40-$F$42,"""")"
Mars 2026;180;J;J180;0;"=IF(I180=""x"",H180,0)"
Mars 2026;181;A;A181;;"=IF(AND(NOT(ISBLANK(G180)),ISBLANK(G181)),""Reste prévu"","""")"
Mars 2026;181;B;B181;;"=IF(AND(NOT(ISBLANK($G180)),ISBLANK($G181)),$C$42-$F$40-$F$42,"""")"
Mars 2026;181;C;C181;;"=IF(AND(NOT(ISBLANK($G180)),ISBLANK($G181)),""Reste réel"","""")"
Mars 2026;181;D;D181;;"=IF(AND(NOT(ISBLANK($G180)),ISBLANK($G181)),$C$42-$H$40-$F$42,"""")"
Mars 2026;181;J;J181;0;"=IF(I181=""x"",H181,0)"
Mars 2026;182;A;A182;;"=IF(AND(NOT(ISBLANK(G181)),ISBLANK(G182)),""Reste prévu"","""")"
Mars 2026;182;B;B182;;"=IF(AND(NOT(ISBLANK($G181)),ISBLANK($G182)),$C$42-$F$40-$F$42,"""")"
Mars 2026;182;C;C182;;"=IF(AND(NOT(ISBLANK($G181)),ISBLANK($G182)),""Reste réel"","""")"
Mars 2026;182;D;D182;;"=IF(AND(NOT(ISBLANK($G181)),ISBLANK($G182)),$C$42-$H$40-$F$42,"""")"
Mars 2026;182;J;J182;0;"=IF(I182=""x"",H182,0)"
Mars 2026;183;A;A183;;"=IF(AND(NOT(ISBLANK(G182)),ISBLANK(G183)),""Reste prévu"","""")"
Mars 2026;183;B;B183;;"=IF(AND(NOT(ISBLANK($G182)),ISBLANK($G183)),$C$42-$F$40-$F$42,"""")"
Mars 2026;183;C;C183;;"=IF(AND(NOT(ISBLANK($G182)),ISBLANK($G183)),""Reste réel"","""")"
Mars 2026;183;D;D183;;"=IF(AND(NOT(ISBLANK($G182)),ISBLANK($G183)),$C$42-$H$40-$F$42,"""")"
Mars 2026;183;J;J183;0;"=IF(I183=""x"",H183,0)"
Mars 2026;184;A;A184;;"=IF(AND(NOT(ISBLANK(G183)),ISBLANK(G184)),""Reste prévu"","""")"
Mars 2026;184;B;B184;;"=IF(AND(NOT(ISBLANK($G183)),ISBLANK($G184)),$C$42-$F$40-$F$42,"""")"
Mars 2026;184;C;C184;;"=IF(AND(NOT(ISBLANK($G183)),ISBLANK($G184)),""Reste réel"","""")"
Mars 2026;184;D;D184;;"=IF(AND(NOT(ISBLANK($G183)),ISBLANK($G184)),$C$42-$H$40-$F$42,"""")"
Mars 2026;184;J;J184;0;"=IF(I184=""x"",H184,0)"
Mars 2026;185;A;A185;;"=IF(AND(NOT(ISBLANK(G184)),ISBLANK(G185)),""Reste prévu"","""")"
Mars 2026;185;B;B185;;"=IF(AND(NOT(ISBLANK($G184)),ISBLANK($G185)),$C$42-$F$40-$F$42,"""")"
Mars 2026;185;C;C185;;"=IF(AND(NOT(ISBLANK($G184)),ISBLANK($G185)),""Reste réel"","""")"
Mars 2026;185;D;D185;;"=IF(AND(NOT(ISBLANK($G184)),ISBLANK($G185)),$C$42-$H$40-$F$42,"""")"
Mars 2026;185;J;J185;0;"=IF(I185=""x"",H185,0)"
Mars 2026;186;A;A186;;"=IF(AND(NOT(ISBLANK(G185)),ISBLANK(G186)),""Reste prévu"","""")"
Mars 2026;186;B;B186;;"=IF(AND(NOT(ISBLANK($G185)),ISBLANK($G186)),$C$42-$F$40-$F$42,"""")"
Mars 2026;186;C;C186;;"=IF(AND(NOT(ISBLANK($G185)),ISBLANK($G186)),""Reste réel"","""")"
Mars 2026;186;D;D186;;"=IF(AND(NOT(ISBLANK($G185)),ISBLANK($G186)),$C$42-$H$40-$F$42,"""")"
Mars 2026;186;J;J186;0;"=IF(I186=""x"",H186,0)"
Mars 2026;187;A;A187;;"=IF(AND(NOT(ISBLANK(G186)),ISBLANK(G187)),""Reste prévu"","""")"
Mars 2026;187;B;B187;;"=IF(AND(NOT(ISBLANK($G186)),ISBLANK($G187)),$C$42-$F$40-$F$42,"""")"
Mars 2026;187;C;C187;;"=IF(AND(NOT(ISBLANK($G186)),ISBLANK($G187)),""Reste réel"","""")"
Mars 2026;187;D;D187;;"=IF(AND(NOT(ISBLANK($G186)),ISBLANK($G187)),$C$42-$H$40-$F$42,"""")"
Mars 2026;187;J;J187;0;"=IF(I187=""x"",H187,0)"
Mars 2026;188;A;A188;;"=IF(AND(NOT(ISBLANK(G187)),ISBLANK(G188)),""Reste prévu"","""")"
Mars 2026;188;B;B188;;"=IF(AND(NOT(ISBLANK($G187)),ISBLANK($G188)),$C$42-$F$40-$F$42,"""")"
Mars 2026;188;C;C188;;"=IF(AND(NOT(ISBLANK($G187)),ISBLANK($G188)),""Reste réel"","""")"
Mars 2026;188;D;D188;;"=IF(AND(NOT(ISBLANK($G187)),ISBLANK($G188)),$C$42-$H$40-$F$42,"""")"
Mars 2026;188;J;J188;0;"=IF(I188=""x"",H188,0)"
Mars 2026;189;A;A189;;"=IF(AND(NOT(ISBLANK(G188)),ISBLANK(G189)),""Reste prévu"","""")"
Mars 2026;189;B;B189;;"=IF(AND(NOT(ISBLANK($G188)),ISBLANK($G189)),$C$42-$F$40-$F$42,"""")"
Mars 2026;189;C;C189;;"=IF(AND(NOT(ISBLANK($G188)),ISBLANK($G189)),""Reste réel"","""")"
Mars 2026;189;D;D189;;"=IF(AND(NOT(ISBLANK($G188)),ISBLANK($G189)),$C$42-$H$40-$F$42,"""")"
Mars 2026;189;J;J189;0;"=IF(I189=""x"",H189,0)"
Mars 2026;190;A;A190;;"=IF(AND(NOT(ISBLANK(G189)),ISBLANK(G190)),""Reste prévu"","""")"
Mars 2026;190;B;B190;;"=IF(AND(NOT(ISBLANK($G189)),ISBLANK($G190)),$C$42-$F$40-$F$42,"""")"
Mars 2026;190;C;C190;;"=IF(AND(NOT(ISBLANK($G189)),ISBLANK($G190)),""Reste réel"","""")"
Mars 2026;190;D;D190;;"=IF(AND(NOT(ISBLANK($G189)),ISBLANK($G190)),$C$42-$H$40-$F$42,"""")"
Mars 2026;190;J;J190;0;"=IF(I190=""x"",H190,0)"
Mars 2026;191;A;A191;;"=IF(AND(NOT(ISBLANK(G190)),ISBLANK(G191)),""Reste prévu"","""")"
Mars 2026;191;B;B191;;"=IF(AND(NOT(ISBLANK($G190)),ISBLANK($G191)),$C$42-$F$40-$F$42,"""")"
Mars 2026;191;C;C191;;"=IF(AND(NOT(ISBLANK($G190)),ISBLANK($G191)),""Reste réel"","""")"
Mars 2026;191;D;D191;;"=IF(AND(NOT(ISBLANK($G190)),ISBLANK($G191)),$C$42-$H$40-$F$42,"""")"
Mars 2026;191;J;J191;0;"=IF(I191=""x"",H191,0)"
Mars 2026;192;A;A192;;"=IF(AND(NOT(ISBLANK(G191)),ISBLANK(G192)),""Reste prévu"","""")"
Mars 2026;192;B;B192;;"=IF(AND(NOT(ISBLANK($G191)),ISBLANK($G192)),$C$42-$F$40-$F$42,"""")"
Mars 2026;192;C;C192;;"=IF(AND(NOT(ISBLANK($G191)),ISBLANK($G192)),""Reste réel"","""")"
Mars 2026;192;D;D192;;"=IF(AND(NOT(ISBLANK($G191)),ISBLANK($G192)),$C$42-$H$40-$F$42,"""")"
Mars 2026;192;J;J192;0;"=IF(I192=""x"",H192,0)"
Mars 2026;193;A;A193;;"=IF(AND(NOT(ISBLANK(G192)),ISBLANK(G193)),""Reste prévu"","""")"
Mars 2026;193;B;B193;;"=IF(AND(NOT(ISBLANK($G192)),ISBLANK($G193)),$C$42-$F$40-$F$42,"""")"
Mars 2026;193;C;C193;;"=IF(AND(NOT(ISBLANK($G192)),ISBLANK($G193)),""Reste réel"","""")"
Mars 2026;193;D;D193;;"=IF(AND(NOT(ISBLANK($G192)),ISBLANK($G193)),$C$42-$H$40-$F$42,"""")"
Mars 2026;193;J;J193;0;"=IF(I193=""x"",H193,0)"
Mars 2026;194;A;A194;;"=IF(AND(NOT(ISBLANK(G193)),ISBLANK(G194)),""Reste prévu"","""")"
Mars 2026;194;B;B194;;"=IF(AND(NOT(ISBLANK($G193)),ISBLANK($G194)),$C$42-$F$40-$F$42,"""")"
Mars 2026;194;C;C194;;"=IF(AND(NOT(ISBLANK($G193)),ISBLANK($G194)),""Reste réel"","""")"
Mars 2026;194;D;D194;;"=IF(AND(NOT(ISBLANK($G193)),ISBLANK($G194)),$C$42-$H$40-$F$42,"""")"
Mars 2026;194;J;J194;0;"=IF(I194=""x"",H194,0)"
Mars 2026;195;A;A195;;"=IF(AND(NOT(ISBLANK(G194)),ISBLANK(G195)),""Reste prévu"","""")"
Mars 2026;195;B;B195;;"=IF(AND(NOT(ISBLANK($G194)),ISBLANK($G195)),$C$42-$F$40-$F$42,"""")"
Mars 2026;195;C;C195;;"=IF(AND(NOT(ISBLANK($G194)),ISBLANK($G195)),""Reste réel"","""")"
Mars 2026;195;D;D195;;"=IF(AND(NOT(ISBLANK($G194)),ISBLANK($G195)),$C$42-$H$40-$F$42,"""")"
Mars 2026;195;J;J195;0;"=IF(I195=""x"",H195,0)"
Mars 2026;196;A;A196;;"=IF(AND(NOT(ISBLANK(G195)),ISBLANK(G196)),""Reste prévu"","""")"
Mars 2026;196;B;B196;;"=IF(AND(NOT(ISBLANK($G195)),ISBLANK($G196)),$C$42-$F$40-$F$42,"""")"
Mars 2026;196;C;C196;;"=IF(AND(NOT(ISBLANK($G195)),ISBLANK($G196)),""Reste réel"","""")"
Mars 2026;196;D;D196;;"=IF(AND(NOT(ISBLANK($G195)),ISBLANK($G196)),$C$42-$H$40-$F$42,"""")"
Mars 2026;196;J;J196;0;"=IF(I196=""x"",H196,0)"
Mars 2026;197;A;A197;;"=IF(AND(NOT(ISBLANK(G196)),ISBLANK(G197)),""Reste prévu"","""")"
Mars 2026;197;B;B197;;"=IF(AND(NOT(ISBLANK($G196)),ISBLANK($G197)),$C$42-$F$40-$F$42,"""")"
Mars 2026;197;C;C197;;"=IF(AND(NOT(ISBLANK($G196)),ISBLANK($G197)),""Reste réel"","""")"
Mars 2026;197;D;D197;;"=IF(AND(NOT(ISBLANK($G196)),ISBLANK($G197)),$C$42-$H$40-$F$42,"""")"
Mars 2026;197;J;J197;0;"=IF(I197=""x"",H197,0)"
Mars 2026;198;A;A198;;"=IF(AND(NOT(ISBLANK(G197)),ISBLANK(G198)),""Reste prévu"","""")"
Mars 2026;198;B;B198;;"=IF(AND(NOT(ISBLANK($G197)),ISBLANK($G198)),$C$42-$F$40-$F$42,"""")"
Mars 2026;198;C;C198;;"=IF(AND(NOT(ISBLANK($G197)),ISBLANK($G198)),""Reste réel"","""")"
Mars 2026;198;D;D198;;"=IF(AND(NOT(ISBLANK($G197)),ISBLANK($G198)),$C$42-$H$40-$F$42,"""")"
Mars 2026;198;J;J198;0;"=IF(I198=""x"",H198,0)"
Mars 2026;199;A;A199;;"=IF(AND(NOT(ISBLANK(G198)),ISBLANK(G199)),""Reste prévu"","""")"
Mars 2026;199;B;B199;;"=IF(AND(NOT(ISBLANK($G198)),ISBLANK($G199)),$C$42-$F$40-$F$42,"""")"
Mars 2026;199;C;C199;;"=IF(AND(NOT(ISBLANK($G198)),ISBLANK($G199)),""Reste réel"","""")"
Mars 2026;199;D;D199;;"=IF(AND(NOT(ISBLANK($G198)),ISBLANK($G199)),$C$42-$H$40-$F$42,"""")"
Mars 2026;199;J;J199;0;"=IF(I199=""x"",H199,0)"
Mars 2026;200;A;A200;;"=IF(AND(NOT(ISBLANK(G199)),ISBLANK(G200)),""Reste prévu"","""")"
Mars 2026;200;B;B200;;"=IF(AND(NOT(ISBLANK($G199)),ISBLANK($G200)),$C$42-$F$40-$F$42,"""")"
Mars 2026;200;C;C200;;"=IF(AND(NOT(ISBLANK($G199)),ISBLANK($G200)),""Reste réel"","""")"
Mars 2026;200;D;D200;;"=IF(AND(NOT(ISBLANK($G199)),ISBLANK($G200)),$C$42-$H$40-$F$42,"""")"
Mars 2026;200;J;J200;0;"=IF(I200=""x"",H200,0)"
Mars 2026;201;A;A201;;"=IF(AND(NOT(ISBLANK(G200)),ISBLANK(G201)),""Reste prévu"","""")"
Mars 2026;201;B;B201;;"=IF(AND(NOT(ISBLANK($G200)),ISBLANK($G201)),$C$42-$F$40-$F$42,"""")"
Mars 2026;201;C;C201;;"=IF(AND(NOT(ISBLANK($G200)),ISBLANK($G201)),""Reste réel"","""")"
Mars 2026;201;D;D201;;"=IF(AND(NOT(ISBLANK($G200)),ISBLANK($G201)),$C$42-$H$40-$F$42,"""")"
Mars 2026;201;J;J201;0;"=IF(I201=""x"",H201,0)"
Mars 2026;202;A;A202;;"=IF(AND(NOT(ISBLANK(G201)),ISBLANK(G202)),""Reste prévu"","""")"
Mars 2026;202;B;B202;;"=IF(AND(NOT(ISBLANK($G201)),ISBLANK($G202)),$C$42-$F$40-$F$42,"""")"
Mars 2026;202;C;C202;;"=IF(AND(NOT(ISBLANK($G201)),ISBLANK($G202)),""Reste réel"","""")"
Mars 2026;202;D;D202;;"=IF(AND(NOT(ISBLANK($G201)),ISBLANK($G202)),$C$42-$H$40-$F$42,"""")"
Mars 2026;202;J;J202;0;"=IF(I202=""x"",H202,0)"
Mars 2026;203;A;A203;;"=IF(AND(NOT(ISBLANK(G202)),ISBLANK(G203)),""Reste prévu"","""")"
Mars 2026;203;B;B203;;"=IF(AND(NOT(ISBLANK($G202)),ISBLANK($G203)),$C$42-$F$40-$F$42,"""")"
Mars 2026;203;C;C203;;"=IF(AND(NOT(ISBLANK($G202)),ISBLANK($G203)),""Reste réel"","""")"
Mars 2026;203;D;D203;;"=IF(AND(NOT(ISBLANK($G202)),ISBLANK($G203)),$C$42-$H$40-$F$42,"""")"
Mars 2026;203;J;J203;0;"=IF(I203=""x"",H203,0)"
Mars 2026;204;A;A204;;"=IF(AND(NOT(ISBLANK(G203)),ISBLANK(G204)),""Reste prévu"","""")"
Mars 2026;204;B;B204;;"=IF(AND(NOT(ISBLANK($G203)),ISBLANK($G204)),$C$42-$F$40-$F$42,"""")"
Mars 2026;204;C;C204;;"=IF(AND(NOT(ISBLANK($G203)),ISBLANK($G204)),""Reste réel"","""")"
Mars 2026;204;D;D204;;"=IF(AND(NOT(ISBLANK($G203)),ISBLANK($G204)),$C$42-$H$40-$F$42,"""")"
Mars 2026;204;J;J204;0;"=IF(I204=""x"",H204,0)"
Mars 2026;205;A;A205;;"=IF(AND(NOT(ISBLANK(G204)),ISBLANK(G205)),""Reste prévu"","""")"
Mars 2026;205;B;B205;;"=IF(AND(NOT(ISBLANK($G204)),ISBLANK($G205)),$C$42-$F$40-$F$42,"""")"
Mars 2026;205;C;C205;;"=IF(AND(NOT(ISBLANK($G204)),ISBLANK($G205)),""Reste réel"","""")"
Mars 2026;205;D;D205;;"=IF(AND(NOT(ISBLANK($G204)),ISBLANK($G205)),$C$42-$H$40-$F$42,"""")"
Mars 2026;205;J;J205;0;"=IF(I205=""x"",H205,0)"
Mars 2026;206;A;A206;;"=IF(AND(NOT(ISBLANK(G205)),ISBLANK(G206)),""Reste prévu"","""")"
Mars 2026;206;B;B206;;"=IF(AND(NOT(ISBLANK($G205)),ISBLANK($G206)),$C$42-$F$40-$F$42,"""")"
Mars 2026;206;C;C206;;"=IF(AND(NOT(ISBLANK($G205)),ISBLANK($G206)),""Reste réel"","""")"
Mars 2026;206;D;D206;;"=IF(AND(NOT(ISBLANK($G205)),ISBLANK($G206)),$C$42-$H$40-$F$42,"""")"
Mars 2026;206;J;J206;0;"=IF(I206=""x"",H206,0)"
Mars 2026;207;A;A207;;"=IF(AND(NOT(ISBLANK(G206)),ISBLANK(G207)),""Reste prévu"","""")"
Mars 2026;207;B;B207;;"=IF(AND(NOT(ISBLANK($G206)),ISBLANK($G207)),$C$42-$F$40-$F$42,"""")"
Mars 2026;207;C;C207;;"=IF(AND(NOT(ISBLANK($G206)),ISBLANK($G207)),""Reste réel"","""")"
Mars 2026;207;D;D207;;"=IF(AND(NOT(ISBLANK($G206)),ISBLANK($G207)),$C$42-$H$40-$F$42,"""")"
Mars 2026;207;J;J207;0;"=IF(I207=""x"",H207,0)"
Mars 2026;208;A;A208;;"=IF(AND(NOT(ISBLANK(G207)),ISBLANK(G208)),""Reste prévu"","""")"
Mars 2026;208;B;B208;;"=IF(AND(NOT(ISBLANK($G207)),ISBLANK($G208)),$C$42-$F$40-$F$42,"""")"
Mars 2026;208;C;C208;;"=IF(AND(NOT(ISBLANK($G207)),ISBLANK($G208)),""Reste réel"","""")"
Mars 2026;208;D;D208;;"=IF(AND(NOT(ISBLANK($G207)),ISBLANK($G208)),$C$42-$H$40-$F$42,"""")"
Mars 2026;208;J;J208;0;"=IF(I208=""x"",H208,0)"
Mars 2026;209;A;A209;;"=IF(AND(NOT(ISBLANK(G208)),ISBLANK(G209)),""Reste prévu"","""")"
Mars 2026;209;B;B209;;"=IF(AND(NOT(ISBLANK($G208)),ISBLANK($G209)),$C$42-$F$40-$F$42,"""")"
Mars 2026;209;C;C209;;"=IF(AND(NOT(ISBLANK($G208)),ISBLANK($G209)),""Reste réel"","""")"
Mars 2026;209;D;D209;;"=IF(AND(NOT(ISBLANK($G208)),ISBLANK($G209)),$C$42-$H$40-$F$42,"""")"
Mars 2026;209;J;J209;0;"=IF(I209=""x"",H209,0)"
Mars 2026;210;A;A210;;"=IF(AND(NOT(ISBLANK(G209)),ISBLANK(G210)),""Reste prévu"","""")"
Mars 2026;210;B;B210;;"=IF(AND(NOT(ISBLANK($G209)),ISBLANK($G210)),$C$42-$F$40-$F$42,"""")"
Mars 2026;210;C;C210;;"=IF(AND(NOT(ISBLANK($G209)),ISBLANK($G210)),""Reste réel"","""")"
Mars 2026;210;D;D210;;"=IF(AND(NOT(ISBLANK($G209)),ISBLANK($G210)),$C$42-$H$40-$F$42,"""")"
Mars 2026;210;J;J210;0;"=IF(I210=""x"",H210,0)"
Mars 2026;211;A;A211;;"=IF(AND(NOT(ISBLANK(G210)),ISBLANK(G211)),""Reste prévu"","""")"
Mars 2026;211;B;B211;;"=IF(AND(NOT(ISBLANK($G210)),ISBLANK($G211)),$C$42-$F$40-$F$42,"""")"
Mars 2026;211;C;C211;;"=IF(AND(NOT(ISBLANK($G210)),ISBLANK($G211)),""Reste réel"","""")"
Mars 2026;211;D;D211;;"=IF(AND(NOT(ISBLANK($G210)),ISBLANK($G211)),$C$42-$H$40-$F$42,"""")"
Mars 2026;211;J;J211;0;"=IF(I211=""x"",H211,0)"
Mars 2026;212;A;A212;;"=IF(AND(NOT(ISBLANK(G211)),ISBLANK(G212)),""Reste prévu"","""")"
Mars 2026;212;B;B212;;"=IF(AND(NOT(ISBLANK($G211)),ISBLANK($G212)),$C$42-$F$40-$F$42,"""")"
Mars 2026;212;C;C212;;"=IF(AND(NOT(ISBLANK($G211)),ISBLANK($G212)),""Reste réel"","""")"
Mars 2026;212;D;D212;;"=IF(AND(NOT(ISBLANK($G211)),ISBLANK($G212)),$C$42-$H$40-$F$42,"""")"
Mars 2026;212;J;J212;0;"=IF(I212=""x"",H212,0)"
Mars 2026;213;A;A213;;"=IF(AND(NOT(ISBLANK(G212)),ISBLANK(G213)),""Reste prévu"","""")"
Mars 2026;213;B;B213;;"=IF(AND(NOT(ISBLANK($G212)),ISBLANK($G213)),$C$42-$F$40-$F$42,"""")"
Mars 2026;213;C;C213;;"=IF(AND(NOT(ISBLANK($G212)),ISBLANK($G213)),""Reste réel"","""")"
Mars 2026;213;D;D213;;"=IF(AND(NOT(ISBLANK($G212)),ISBLANK($G213)),$C$42-$H$40-$F$42,"""")"
Mars 2026;213;J;J213;0;"=IF(I213=""x"",H213,0)"
Mars 2026;214;A;A214;;"=IF(AND(NOT(ISBLANK(G213)),ISBLANK(G214)),""Reste prévu"","""")"
Mars 2026;214;B;B214;;"=IF(AND(NOT(ISBLANK($G213)),ISBLANK($G214)),$C$42-$F$40-$F$42,"""")"
Mars 2026;214;C;C214;;"=IF(AND(NOT(ISBLANK($G213)),ISBLANK($G214)),""Reste réel"","""")"
Mars 2026;214;D;D214;;"=IF(AND(NOT(ISBLANK($G213)),ISBLANK($G214)),$C$42-$H$40-$F$42,"""")"
Mars 2026;215;A;A215;;"=IF(AND(NOT(ISBLANK(G214)),ISBLANK(G215)),""Reste prévu"","""")"
Mars 2026;215;B;B215;;"=IF(AND(NOT(ISBLANK($G214)),ISBLANK($G215)),$C$42-$F$40-$F$42,"""")"
Mars 2026;215;C;C215;;"=IF(AND(NOT(ISBLANK($G214)),ISBLANK($G215)),""Reste réel"","""")"
Mars 2026;215;D;D215;;"=IF(AND(NOT(ISBLANK($G214)),ISBLANK($G215)),$C$42-$H$40-$F$42,"""")"
Mars 2026;216;A;A216;;"=IF(AND(NOT(ISBLANK(G215)),ISBLANK(G216)),""Reste prévu"","""")"
Mars 2026;216;B;B216;;"=IF(AND(NOT(ISBLANK($G215)),ISBLANK($G216)),$C$42-$F$40-$F$42,"""")"
Mars 2026;216;C;C216;;"=IF(AND(NOT(ISBLANK($G215)),ISBLANK($G216)),""Reste réel"","""")"
Mars 2026;216;D;D216;;"=IF(AND(NOT(ISBLANK($G215)),ISBLANK($G216)),$C$42-$H$40-$F$42,"""")"
Mars 2026;217;A;A217;;"=IF(AND(NOT(ISBLANK(G216)),ISBLANK(G217)),""Reste prévu"","""")"
Mars 2026;217;B;B217;;"=IF(AND(NOT(ISBLANK($G216)),ISBLANK($G217)),$C$42-$F$40-$F$42,"""")"
Mars 2026;217;C;C217;;"=IF(AND(NOT(ISBLANK($G216)),ISBLANK($G217)),""Reste réel"","""")"
Mars 2026;217;D;D217;;"=IF(AND(NOT(ISBLANK($G216)),ISBLANK($G217)),$C$42-$H$40-$F$42,"""")"
Mars 2026;218;A;A218;;"=IF(AND(NOT(ISBLANK(G217)),ISBLANK(G218)),""Reste prévu"","""")"
Mars 2026;218;B;B218;;"=IF(AND(NOT(ISBLANK($G217)),ISBLANK($G218)),$C$42-$F$40-$F$42,"""")"
Mars 2026;218;C;C218;;"=IF(AND(NOT(ISBLANK($G217)),ISBLANK($G218)),""Reste réel"","""")"
Mars 2026;218;D;D218;;"=IF(AND(NOT(ISBLANK($G217)),ISBLANK($G218)),$C$42-$H$40-$F$42,"""")"
Mars 2026;219;A;A219;;"=IF(AND(NOT(ISBLANK(G218)),ISBLANK(G219)),""Reste prévu"","""")"
Mars 2026;219;B;B219;;"=IF(AND(NOT(ISBLANK($G218)),ISBLANK($G219)),$C$42-$F$40-$F$42,"""")"
Mars 2026;219;C;C219;;"=IF(AND(NOT(ISBLANK($G218)),ISBLANK($G219)),""Reste réel"","""")"
Mars 2026;219;D;D219;;"=IF(AND(NOT(ISBLANK($G218)),ISBLANK($G219)),$C$42-$H$40-$F$42,"""")"
Mars 2026;220;A;A220;;"=IF(AND(NOT(ISBLANK(G219)),ISBLANK(G220)),""Reste prévu"","""")"
Mars 2026;220;B;B220;;"=IF(AND(NOT(ISBLANK($G219)),ISBLANK($G220)),$C$42-$F$40-$F$42,"""")"
Mars 2026;220;C;C220;;"=IF(AND(NOT(ISBLANK($G219)),ISBLANK($G220)),""Reste réel"","""")"
Mars 2026;220;D;D220;;"=IF(AND(NOT(ISBLANK($G219)),ISBLANK($G220)),$C$42-$H$40-$F$42,"""")"
Mars 2026;221;A;A221;;"=IF(AND(NOT(ISBLANK(G220)),ISBLANK(G221)),""Reste prévu"","""")"
Mars 2026;221;B;B221;;"=IF(AND(NOT(ISBLANK($G220)),ISBLANK($G221)),$C$42-$F$40-$F$42,"""")"
Mars 2026;221;C;C221;;"=IF(AND(NOT(ISBLANK($G220)),ISBLANK($G221)),""Reste réel"","""")"
Mars 2026;221;D;D221;;"=IF(AND(NOT(ISBLANK($G220)),ISBLANK($G221)),$C$42-$H$40-$F$42,"""")"
Mars 2026;222;A;A222;;"=IF(AND(NOT(ISBLANK(G221)),ISBLANK(G222)),""Reste prévu"","""")"
Mars 2026;222;B;B222;;"=IF(AND(NOT(ISBLANK($G221)),ISBLANK($G222)),$C$42-$F$40-$F$42,"""")"
Mars 2026;222;C;C222;;"=IF(AND(NOT(ISBLANK($G221)),ISBLANK($G222)),""Reste réel"","""")"
Mars 2026;222;D;D222;;"=IF(AND(NOT(ISBLANK($G221)),ISBLANK($G222)),$C$42-$H$40-$F$42,"""")"
Mars 2026;223;A;A223;;"=IF(AND(NOT(ISBLANK(G222)),ISBLANK(G223)),""Reste prévu"","""")"
Mars 2026;223;B;B223;;"=IF(AND(NOT(ISBLANK($G222)),ISBLANK($G223)),$C$42-$F$40-$F$42,"""")"
Mars 2026;223;C;C223;;"=IF(AND(NOT(ISBLANK($G222)),ISBLANK($G223)),""Reste réel"","""")"
Mars 2026;223;D;D223;;"=IF(AND(NOT(ISBLANK($G222)),ISBLANK($G223)),$C$42-$H$40-$F$42,"""")"
Mars 2026;224;A;A224;;"=IF(AND(NOT(ISBLANK(G223)),ISBLANK(G224)),""Reste prévu"","""")"
Mars 2026;224;B;B224;;"=IF(AND(NOT(ISBLANK($G223)),ISBLANK($G224)),$C$42-$F$40-$F$42,"""")"
Mars 2026;224;C;C224;;"=IF(AND(NOT(ISBLANK($G223)),ISBLANK($G224)),""Reste réel"","""")"
Mars 2026;224;D;D224;;"=IF(AND(NOT(ISBLANK($G223)),ISBLANK($G224)),$C$42-$H$40-$F$42,"""")"
Mars 2026;225;A;A225;;"=IF(AND(NOT(ISBLANK(G224)),ISBLANK(G225)),""Reste prévu"","""")"
Mars 2026;225;B;B225;;"=IF(AND(NOT(ISBLANK($G224)),ISBLANK($G225)),$C$42-$F$40-$F$42,"""")"
Mars 2026;225;C;C225;;"=IF(AND(NOT(ISBLANK($G224)),ISBLANK($G225)),""Reste réel"","""")"
Mars 2026;225;D;D225;;"=IF(AND(NOT(ISBLANK($G224)),ISBLANK($G225)),$C$42-$H$40-$F$42,"""")"
Mars 2026;226;A;A226;;"=IF(AND(NOT(ISBLANK(G225)),ISBLANK(G226)),""Reste prévu"","""")"
Mars 2026;226;B;B226;;"=IF(AND(NOT(ISBLANK($G225)),ISBLANK($G226)),$C$42-$F$40-$F$42,"""")"
Mars 2026;226;C;C226;;"=IF(AND(NOT(ISBLANK($G225)),ISBLANK($G226)),""Reste réel"","""")"
Mars 2026;226;D;D226;;"=IF(AND(NOT(ISBLANK($G225)),ISBLANK($G226)),$C$42-$H$40-$F$42,"""")"
Mars 2026;227;A;A227;;"=IF(AND(NOT(ISBLANK(G226)),ISBLANK(G227)),""Reste prévu"","""")"
Mars 2026;227;B;B227;;"=IF(AND(NOT(ISBLANK($G226)),ISBLANK($G227)),$C$42-$F$40-$F$42,"""")"
Mars 2026;227;C;C227;;"=IF(AND(NOT(ISBLANK($G226)),ISBLANK($G227)),""Reste réel"","""")"
Mars 2026;227;D;D227;;"=IF(AND(NOT(ISBLANK($G226)),ISBLANK($G227)),$C$42-$H$40-$F$42,"""")"
Mars 2026;228;A;A228;;"=IF(AND(NOT(ISBLANK(G227)),ISBLANK(G228)),""Reste prévu"","""")"
Mars 2026;228;B;B228;;"=IF(AND(NOT(ISBLANK($G227)),ISBLANK($G228)),$C$42-$F$40-$F$42,"""")"
Mars 2026;228;C;C228;;"=IF(AND(NOT(ISBLANK($G227)),ISBLANK($G228)),""Reste réel"","""")"
Mars 2026;228;D;D228;;"=IF(AND(NOT(ISBLANK($G227)),ISBLANK($G228)),$C$42-$H$40-$F$42,"""")"
Mars 2026;229;A;A229;;"=IF(AND(NOT(ISBLANK(G228)),ISBLANK(G229)),""Reste prévu"","""")"
Mars 2026;229;B;B229;;"=IF(AND(NOT(ISBLANK($G228)),ISBLANK($G229)),$C$42-$F$40-$F$42,"""")"
Mars 2026;229;C;C229;;"=IF(AND(NOT(ISBLANK($G228)),ISBLANK($G229)),""Reste réel"","""")"
Mars 2026;229;D;D229;;"=IF(AND(NOT(ISBLANK($G228)),ISBLANK($G229)),$C$42-$H$40-$F$42,"""")"
Mars 2026;230;A;A230;;"=IF(AND(NOT(ISBLANK(G229)),ISBLANK(G230)),""Reste prévu"","""")"
Mars 2026;230;B;B230;;"=IF(AND(NOT(ISBLANK($G229)),ISBLANK($G230)),$C$42-$F$40-$F$42,"""")"
Mars 2026;230;C;C230;;"=IF(AND(NOT(ISBLANK($G229)),ISBLANK($G230)),""Reste réel"","""")"
Mars 2026;230;D;D230;;"=IF(AND(NOT(ISBLANK($G229)),ISBLANK($G230)),$C$42-$H$40-$F$42,"""")"
Mars 2026;231;A;A231;;"=IF(AND(NOT(ISBLANK(G230)),ISBLANK(G231)),""Reste prévu"","""")"
Mars 2026;231;B;B231;;"=IF(AND(NOT(ISBLANK($G230)),ISBLANK($G231)),$C$42-$F$40-$F$42,"""")"
Mars 2026;231;C;C231;;"=IF(AND(NOT(ISBLANK($G230)),ISBLANK($G231)),""Reste réel"","""")"
Mars 2026;231;D;D231;;"=IF(AND(NOT(ISBLANK($G230)),ISBLANK($G231)),$C$42-$H$40-$F$42,"""")"
Mars 2026;232;A;A232;;"=IF(AND(NOT(ISBLANK(G231)),ISBLANK(G232)),""Reste prévu"","""")"
Mars 2026;232;B;B232;;"=IF(AND(NOT(ISBLANK($G231)),ISBLANK($G232)),$C$42-$F$40-$F$42,"""")"
Mars 2026;232;C;C232;;"=IF(AND(NOT(ISBLANK($G231)),ISBLANK($G232)),""Reste réel"","""")"
Mars 2026;232;D;D232;;"=IF(AND(NOT(ISBLANK($G231)),ISBLANK($G232)),$C$42-$H$40-$F$42,"""")"
Mars 2026;233;A;A233;;"=IF(AND(NOT(ISBLANK(G232)),ISBLANK(G233)),""Reste prévu"","""")"
Mars 2026;233;B;B233;;"=IF(AND(NOT(ISBLANK($G232)),ISBLANK($G233)),$C$42-$F$40-$F$42,"""")"
Mars 2026;233;C;C233;;"=IF(AND(NOT(ISBLANK($G232)),ISBLANK($G233)),""Reste réel"","""")"
Mars 2026;233;D;D233;;"=IF(AND(NOT(ISBLANK($G232)),ISBLANK($G233)),$C$42-$H$40-$F$42,"""")"
Mars 2026;234;A;A234;;"=IF(AND(NOT(ISBLANK(G233)),ISBLANK(G234)),""Reste prévu"","""")"
Mars 2026;234;B;B234;;"=IF(AND(NOT(ISBLANK($G233)),ISBLANK($G234)),$C$42-$F$40-$F$42,"""")"
Mars 2026;234;C;C234;;"=IF(AND(NOT(ISBLANK($G233)),ISBLANK($G234)),""Reste réel"","""")"
Mars 2026;234;D;D234;;"=IF(AND(NOT(ISBLANK($G233)),ISBLANK($G234)),$C$42-$H$40-$F$42,"""")"
Mars 2026;235;A;A235;;"=IF(AND(NOT(ISBLANK(G234)),ISBLANK(G235)),""Reste prévu"","""")"
Mars 2026;235;B;B235;;"=IF(AND(NOT(ISBLANK($G234)),ISBLANK($G235)),$C$42-$F$40-$F$42,"""")"
Mars 2026;235;C;C235;;"=IF(AND(NOT(ISBLANK($G234)),ISBLANK($G235)),""Reste réel"","""")"
Mars 2026;235;D;D235;;"=IF(AND(NOT(ISBLANK($G234)),ISBLANK($G235)),$C$42-$H$40-$F$42,"""")"
Mars 2026;236;A;A236;;"=IF(AND(NOT(ISBLANK(G235)),ISBLANK(G236)),""Reste prévu"","""")"
Mars 2026;236;B;B236;;"=IF(AND(NOT(ISBLANK($G235)),ISBLANK($G236)),$C$42-$F$40-$F$42,"""")"
Mars 2026;236;C;C236;;"=IF(AND(NOT(ISBLANK($G235)),ISBLANK($G236)),""Reste réel"","""")"
Mars 2026;236;D;D236;;"=IF(AND(NOT(ISBLANK($G235)),ISBLANK($G236)),$C$42-$H$40-$F$42,"""")"
Fevrier 2026;1;B;B1;Recettes;
Fevrier 2026;1;E;E1;Dépenses;
Fevrier 2026;1;K;K1;Cadeau;
Fevrier 2026;3;B;B3;Salaire Pierre;
Fevrier 2026;3;C;C3;5245.11;
Fevrier 2026;3;E;E3;Loyer Elouen;
Fevrier 2026;3;F;F3;669.7;
Fevrier 2026;3;G;G3;x;
Fevrier 2026;3;H;H3;669.7;"=IF(G3=""x"",F3,0)"
Fevrier 2026;3;K;K3;Logement;
Fevrier 2026;4;B;B4;Salaire Sterenn;
Fevrier 2026;4;C;C4;1828.73;
Fevrier 2026;4;E;E4;Argent de poche Elouen;
Fevrier 2026;4;H;H4;0;"=IF(G4=""x"",F4,0)"
Fevrier 2026;4;K;K4;Charges;
Fevrier 2026;5;B;B5;CAF;
Fevrier 2026;5;C;C5;113.3;
Fevrier 2026;5;E;E5;Engie Elouen;
Fevrier 2026;5;F;F5;70;
Fevrier 2026;5;G;G5;x;
Fevrier 2026;5;H;H5;70;"=IF(G5=""x"",F5,0)"
Fevrier 2026;5;K;K5;Charges;
Fevrier 2026;6;E;E6;Argent de poche Arthur;
Fevrier 2026;6;F;F6;164.99;
Fevrier 2026;6;G;G6;x;
Fevrier 2026;6;H;H6;164.99;"=IF(G6=""x"",F6,0)"
Fevrier 2026;6;K;K6;Charges;
Fevrier 2026;7;E;E7;Prêt 25 ;
Fevrier 2026;7;F;F7;995.15;
Fevrier 2026;7;G;G7;x;
Fevrier 2026;7;H;H7;995.15;"=IF(G7=""x"",F7,0)"
Fevrier 2026;7;K;K7;Logement;
Fevrier 2026;8;B;B8;CPAM;
Fevrier 2026;8;C;C8;19;
Fevrier 2026;8;E;E8;Prêt 15;
Fevrier 2026;8;F;F8;883.42;
Fevrier 2026;8;G;G8;x;
Fevrier 2026;8;H;H8;883.42;"=IF(G8=""x"",F8,0)"
Fevrier 2026;8;K;K8;Logement;
Fevrier 2026;9;B;B9;Note de Frais;
Fevrier 2026;9;C;C9;72.32;
Fevrier 2026;9;E;E9;Assurances prêt;
Fevrier 2026;9;F;F9;11.46;
Fevrier 2026;9;G;G9;x;
Fevrier 2026;9;H;H9;11.46;"=IF(G9=""x"",F9,0)"
Fevrier 2026;9;K;K9;Logement;
Fevrier 2026;10;B;B10;Titouan ;
Fevrier 2026;10;C;C10;16;
Fevrier 2026;10;E;E10;Assurances prêt;
Fevrier 2026;10;F;F10;32.57;
Fevrier 2026;10;G;G10;x;
Fevrier 2026;10;H;H10;32.57;"=IF(G10=""x"",F10,0)"
Fevrier 2026;10;K;K10;Logement;
Fevrier 2026;11;B;B11;Mateo;
Fevrier 2026;11;C;C11;16;
Fevrier 2026;11;E;E11;Assurances prêt;
Fevrier 2026;11;F;F11;79.98;
Fevrier 2026;11;G;G11;x;
Fevrier 2026;11;H;H11;79.98;"=IF(G11=""x"",F11,0)"
Fevrier 2026;11;K;K11;Logement;
Fevrier 2026;12;B;B12;Aurel;
Fevrier 2026;12;C;C12;16;
Fevrier 2026;12;E;E12;Assurances prêt;
Fevrier 2026;12;F;F12;28.49;
Fevrier 2026;12;G;G12;x;
Fevrier 2026;12;H;H12;28.49;"=IF(G12=""x"",F12,0)"
Fevrier 2026;12;K;K12;Logement;
Fevrier 2026;13;B;B13;Sandrine;
Fevrier 2026;13;C;C13;16;
Fevrier 2026;13;E;E13;Disney;
Fevrier 2026;13;F;F13;6.99;
Fevrier 2026;13;G;G13;x;
Fevrier 2026;13;H;H13;6.99;"=IF(G13=""x"",F13,0)"
Fevrier 2026;13;K;K13;Internet/Téléphone;
Fevrier 2026;14;B;B14;Fred;
Fevrier 2026;14;C;C14;15.67;
Fevrier 2026;14;E;E14;EDF Arthur;
Fevrier 2026;14;F;F14;43.96;
Fevrier 2026;14;G;G14;x;
Fevrier 2026;14;H;H14;43.96;"=IF(G14=""x"",F14,0)"
Fevrier 2026;14;K;K14;Charges;
Fevrier 2026;15;B;B15;Edouard;
Fevrier 2026;15;C;C15;15.67;
Fevrier 2026;15;E;E15;EkWateur;
Fevrier 2026;15;F;F15;208;
Fevrier 2026;15;G;G15;x;
Fevrier 2026;15;H;H15;208;"=IF(G15=""x"",F15,0)"
Fevrier 2026;15;K;K15;Charges;
Fevrier 2026;16;B;B16;Sebastien;
Fevrier 2026;16;C;C16;16;
Fevrier 2026;16;E;E16;Sosh Maison;
Fevrier 2026;16;F;F16;24.99;
Fevrier 2026;16;G;G16;x;
Fevrier 2026;16;H;H16;24.99;"=IF(G16=""x"",F16,0)"
Fevrier 2026;16;K;K16;Internet/Téléphone;
Fevrier 2026;17;B;B17;Mutuelle;
Fevrier 2026;17;C;C17;9;
Fevrier 2026;17;E;E17;Sosh Arthur;
Fevrier 2026;17;F;F17;14.99;
Fevrier 2026;17;G;G17;x;
Fevrier 2026;17;H;H17;14.99;"=IF(G17=""x"",F17,0)"
Fevrier 2026;17;K;K17;Internet/Téléphone;
Fevrier 2026;18;B;B18;Telephone Ael;
Fevrier 2026;18;C;C18;85;
Fevrier 2026;18;E;E18;Sosh Ael;
Fevrier 2026;18;F;F18;14.99;
Fevrier 2026;18;H;H18;0;"=IF(G18=""x"",F18,0)"
Fevrier 2026;18;K;K18;Internet/Téléphone;
Fevrier 2026;19;E;E19;Sosh Elouen;
Fevrier 2026;19;F;F19;14.99;
Fevrier 2026;19;H;H19;0;"=IF(G19=""x"",F19,0)"
Fevrier 2026;19;K;K19;Internet/Téléphone;
Fevrier 2026;20;E;E20;Sosh Sterenn;
Fevrier 2026;20;F;F20;10.99;
Fevrier 2026;20;G;G20;x;
Fevrier 2026;20;H;H20;10.99;"=IF(G20=""x"",F20,0)"
Fevrier 2026;20;K;K20;Internet/Téléphone;
Fevrier 2026;21;E;E21;Mutuelle;
Fevrier 2026;21;F;F21;104.98;
Fevrier 2026;21;G;G21;x;
Fevrier 2026;21;H;H21;104.98;"=IF(G21=""x"",F21,0)"
Fevrier 2026;21;K;K21;Assurances/Mutuelle;
Fevrier 2026;23;E;E23;Suravenir Habitation;
Fevrier 2026;23;F;F23;60.09;
Fevrier 2026;23;G;G23;x;
Fevrier 2026;23;H;H23;60.09;"=IF(G23=""x"",F23,0)"
Fevrier 2026;23;K;K23;Assurances/Mutuelle;
Fevrier 2026;24;E;E24;VW LDD;
Fevrier 2026;24;F;F24;331.65;
Fevrier 2026;24;G;G24;x;
Fevrier 2026;24;H;H24;331.65;"=IF(G24=""x"",F24,0)"
Fevrier 2026;24;K;K24;Voiture/Déplacement;
Fevrier 2026;25;E;E25;Suravenir Voiture;
Fevrier 2026;25;F;F25;133.7;
Fevrier 2026;25;G;G25;x;
Fevrier 2026;25;H;H25;133.7;"=IF(G25=""x"",F25,0)"
Fevrier 2026;25;K;K25;Assurances/Mutuelle;
Fevrier 2026;26;E;E26;Suravenir Garanties Vie;
Fevrier 2026;26;F;F26;29.97;
Fevrier 2026;26;G;G26;x;
Fevrier 2026;26;H;H26;29.97;"=IF(G26=""x"",F26,0)"
Fevrier 2026;26;K;K26;Assurances/Mutuelle;
Fevrier 2026;27;E;E27;Joséphine;
Fevrier 2026;27;F;F27;20;
Fevrier 2026;27;G;G27;x;
Fevrier 2026;27;H;H27;20;"=IF(G27=""x"",F27,0)"
Fevrier 2026;27;K;K27;Divers;
Fevrier 2026;28;E;E28;Canal Plus;
Fevrier 2026;28;F;F28;21.99;
Fevrier 2026;28;G;G28;x;
Fevrier 2026;28;H;H28;21.99;"=IF(G28=""x"",F28,0)"
Fevrier 2026;28;K;K28;Internet/Téléphone;
Fevrier 2026;29;H;H29;0;"=IF(G29=""x"",F29,0)"
Fevrier 2026;29;K;K29;Voiture/Déplacement;
Fevrier 2026;30;E;E30;Keolis Elouen;
Fevrier 2026;30;F;F30;21.4;
Fevrier 2026;30;G;G30;x;
Fevrier 2026;30;H;H30;21.4;"=IF(G30=""x"",F30,0)"
Fevrier 2026;30;K;K30;Voiture/Déplacement;
Fevrier 2026;31;E;E31;Apple;
Fevrier 2026;31;F;F31;0.99;
Fevrier 2026;31;G;G31;x;
Fevrier 2026;31;H;H31;0.99;"=IF(G31=""x"",F31,0)"
Fevrier 2026;31;K;K31;Internet/Téléphone;
Fevrier 2026;32;E;E32;Apple;
Fevrier 2026;32;F;F32;16.99;
Fevrier 2026;32;G;G32;x;
Fevrier 2026;32;H;H32;16.99;"=IF(G32=""x"",F32,0)"
Fevrier 2026;32;K;K32;Internet/Téléphone;
Fevrier 2026;33;E;E33;St Charles;
Fevrier 2026;33;F;F33;172.1;
Fevrier 2026;33;G;G33;x;
Fevrier 2026;33;H;H33;172.1;"=IF(G33=""x"",F33,0)"
Fevrier 2026;33;K;K33;Scolarité;
Fevrier 2026;34;E;E34;Ménage;
Fevrier 2026;34;F;F34;68;
Fevrier 2026;34;H;H34;0;"=IF(G34=""x"",F34,0)"
Fevrier 2026;34;K;K34;Logement;
Fevrier 2026;35;E;E35;Urssaaf;
Fevrier 2026;35;F;F35;104.66;
Fevrier 2026;35;G;G35;x;
Fevrier 2026;35;H;H35;104.66;"=IF(G35=""x"",F35,0)"
Fevrier 2026;35;K;K35;Logement;
Fevrier 2026;36;E;E36;Cotisation Eurocompte;
Fevrier 2026;36;F;F36;19.03;
Fevrier 2026;36;G;G36;x;
Fevrier 2026;36;H;H36;19.03;"=IF(G36=""x"",F36,0)"
Fevrier 2026;37;E;E37;Indivision;
Fevrier 2026;37;F;F37;33.89;
Fevrier 2026;37;G;G37;x;
Fevrier 2026;37;H;H37;33.89;"=IF(G37=""x"",F37,0)"
Fevrier 2026;39;A;A39;Etat mois précédent;
Fevrier 2026;39;C;C39;#REF!;='Janvier 2026'!D43
Fevrier 2026;40;A;A40;Recettes fixes;
Fevrier 2026;40;C;C40;7187.14;=SUM(C2:C6)
Fevrier 2026;40;E;E40;Somme dépenses prévues;
Fevrier 2026;40;F;F40;4415.0999999999985;=SUM(F2:F38)
Fevrier 2026;40;G;G40;Somme dépenses réelles;
Fevrier 2026;40;H;H40;4317.119999999999;=SUM(H2:H38)
Fevrier 2026;40;I;I40;Delta moins les exceptions;
Fevrier 2026;41;A;A41;Recettes additionnelles du mois;
Fevrier 2026;41;C;C41;296.65999999999997;=SUM(C8:C35)
Fevrier 2026;41;E;E41;Reste previsionnel;
Fevrier 2026;41;F;F41;#REF!;=C42-F40
Fevrier 2026;41;G;G41;Delta du mois;
Fevrier 2026;41;H;H41;#REF!;=C39+C40+C41-H40-F42
Fevrier 2026;42;A;A42;Total Recettes;
Fevrier 2026;42;C;C42;#REF!;=SUM(C39:C41)
Fevrier 2026;42;E;E42;Somme dépenses non prévues;
Fevrier 2026;42;F;F42;3724.67;=SUM(J44:J246)
Fevrier 2026;43;A;A43;Reste prévu;
Fevrier 2026;43;B;B43;#REF!;=$C$42-$F$40-$F$42
Fevrier 2026;43;C;C43;Reste réel;
Fevrier 2026;43;D;D43;#REF!;=$C$42-$H$40-$F$42
Fevrier 2026;44;A;A44;;"=IF(AND(NOT(ISBLANK(#REF!)),ISBLANK(G44)),""Reste prévu"","""")"
Fevrier 2026;44;B;B44;;"=IF(AND(NOT(ISBLANK(#REF!)),ISBLANK($G44)),$C$42-$F$40-$F$42,"""")"
Fevrier 2026;44;C;C44;;"=IF(AND(NOT(ISBLANK(#REF!)),ISBLANK($G44)),""Reste réel"","""")"
Fevrier 2026;44;D;D44;;"=IF(AND(NOT(ISBLANK(#REF!)),ISBLANK($G44)),$C$42-$H$40-$F$42,"""")"
Fevrier 2026;44;G;G44;Fournil du port;
Fevrier 2026;44;H;H44;7.55;
Fevrier 2026;44;I;I44;x;
Fevrier 2026;44;J;J44;7.55;"=IF(I44=""x"",H44,0)"
Fevrier 2026;44;K;K44;Courses;
Fevrier 2026;45;A;A45;;"=IF(AND(NOT(ISBLANK(G44)),ISBLANK(G45)),""Reste prévu"","""")"
Fevrier 2026;45;B;B45;;"=IF(AND(NOT(ISBLANK($G44)),ISBLANK($G45)),$C$42-$F$40-$F$42,"""")"
Fevrier 2026;45;C;C45;;"=IF(AND(NOT(ISBLANK($G44)),ISBLANK($G45)),""Reste réel"","""")"
Fevrier 2026;45;D;D45;;"=IF(AND(NOT(ISBLANK($G44)),ISBLANK($G45)),$C$42-$H$40-$F$42,"""")"
Fevrier 2026;45;G;G45;Tartapain;
Fevrier 2026;45;H;H45;18.1;
Fevrier 2026;45;I;I45;x;
Fevrier 2026;45;J;J45;18.1;"=IF(I45=""x"",H45,0)"
Fevrier 2026;45;K;K45;Courses;
Fevrier 2026;46;A;A46;;"=IF(AND(NOT(ISBLANK(G45)),ISBLANK(G46)),""Reste prévu"","""")"
Fevrier 2026;46;B;B46;;"=IF(AND(NOT(ISBLANK($G45)),ISBLANK($G46)),$C$42-$F$40-$F$42,"""")"
Fevrier 2026;46;C;C46;;"=IF(AND(NOT(ISBLANK($G45)),ISBLANK($G46)),""Reste réel"","""")"
Fevrier 2026;46;D;D46;;"=IF(AND(NOT(ISBLANK($G45)),ISBLANK($G46)),$C$42-$H$40-$F$42,"""")"
Fevrier 2026;46;G;G46;Pharmacie;
Fevrier 2026;46;H;H46;28.08;
Fevrier 2026;46;I;I46;x;
Fevrier 2026;46;J;J46;28.08;"=IF(I46=""x"",H46,0)"
Fevrier 2026;46;K;K46;Medical;
Fevrier 2026;47;A;A47;;"=IF(AND(NOT(ISBLANK(G46)),ISBLANK(G47)),""Reste prévu"","""")"
Fevrier 2026;47;B;B47;;"=IF(AND(NOT(ISBLANK($G46)),ISBLANK($G47)),$C$42-$F$40-$F$42,"""")"
Fevrier 2026;47;C;C47;;"=IF(AND(NOT(ISBLANK($G46)),ISBLANK($G47)),""Reste réel"","""")"
Fevrier 2026;47;D;D47;;"=IF(AND(NOT(ISBLANK($G46)),ISBLANK($G47)),$C$42-$H$40-$F$42,"""")"
Fevrier 2026;47;G;G47;Boucherie;
Fevrier 2026;47;H;H47;40.02;
Fevrier 2026;47;I;I47;x;
Fevrier 2026;47;J;J47;40.02;"=IF(I47=""x"",H47,0)"
Fevrier 2026;47;K;K47;Courses;
Fevrier 2026;48;A;A48;;"=IF(AND(NOT(ISBLANK(G47)),ISBLANK(G48)),""Reste prévu"","""")"
Fevrier 2026;48;B;B48;;"=IF(AND(NOT(ISBLANK($G47)),ISBLANK($G48)),$C$42-$F$40-$F$42,"""")"
Fevrier 2026;48;C;C48;;"=IF(AND(NOT(ISBLANK($G47)),ISBLANK($G48)),""Reste réel"","""")"
Fevrier 2026;48;D;D48;;"=IF(AND(NOT(ISBLANK($G47)),ISBLANK($G48)),$C$42-$H$40-$F$42,"""")"
Fevrier 2026;48;G;G48;La Voile;
Fevrier 2026;48;H;H48;93.5;
Fevrier 2026;48;I;I48;x;
Fevrier 2026;48;J;J48;93.5;"=IF(I48=""x"",H48,0)"
Fevrier 2026;48;K;K48;Loisirs;
Fevrier 2026;49;A;A49;;"=IF(AND(NOT(ISBLANK(G48)),ISBLANK(G49)),""Reste prévu"","""")"
Fevrier 2026;49;B;B49;;"=IF(AND(NOT(ISBLANK($G48)),ISBLANK($G49)),$C$42-$F$40-$F$42,"""")"
Fevrier 2026;49;C;C49;;"=IF(AND(NOT(ISBLANK($G48)),ISBLANK($G49)),""Reste réel"","""")"
Fevrier 2026;49;D;D49;;"=IF(AND(NOT(ISBLANK($G48)),ISBLANK($G49)),$C$42-$H$40-$F$42,"""")"
Fevrier 2026;49;G;G49;Train Arthur;
Fevrier 2026;49;H;H49;9;
Fevrier 2026;49;I;I49;x;
Fevrier 2026;49;J;J49;9;"=IF(I49=""x"",H49,0)"
Fevrier 2026;49;K;K49;Voiture/Déplacement;
Fevrier 2026;50;A;A50;;"=IF(AND(NOT(ISBLANK(G49)),ISBLANK(G50)),""Reste prévu"","""")"
Fevrier 2026;50;B;B50;;"=IF(AND(NOT(ISBLANK($G49)),ISBLANK($G50)),$C$42-$F$40-$F$42,"""")"
Fevrier 2026;50;C;C50;;"=IF(AND(NOT(ISBLANK($G49)),ISBLANK($G50)),""Reste réel"","""")"
Fevrier 2026;50;D;D50;;"=IF(AND(NOT(ISBLANK($G49)),ISBLANK($G50)),$C$42-$H$40-$F$42,"""")"
Fevrier 2026;50;G;G50;Train Arthur;
Fevrier 2026;50;H;H50;9;
Fevrier 2026;50;I;I50;x;
Fevrier 2026;50;J;J50;9;"=IF(I50=""x"",H50,0)"
Fevrier 2026;50;K;K50;Voiture/Déplacement;
Fevrier 2026;51;A;A51;;"=IF(AND(NOT(ISBLANK(G50)),ISBLANK(G51)),""Reste prévu"","""")"
Fevrier 2026;51;B;B51;;"=IF(AND(NOT(ISBLANK($G50)),ISBLANK($G51)),$C$42-$F$40-$F$42,"""")"
Fevrier 2026;51;C;C51;;"=IF(AND(NOT(ISBLANK($G50)),ISBLANK($G51)),""Reste réel"","""")"
Fevrier 2026;51;D;D51;;"=IF(AND(NOT(ISBLANK($G50)),ISBLANK($G51)),$C$42-$H$40-$F$42,"""")"
Fevrier 2026;51;G;G51;Leclerc;
Fevrier 2026;51;H;H51;19.08;
Fevrier 2026;51;I;I51;x;
Fevrier 2026;51;J;J51;19.08;"=IF(I51=""x"",H51,0)"
Fevrier 2026;51;K;K51;Courses;
Fevrier 2026;52;A;A52;;"=IF(AND(NOT(ISBLANK(G51)),ISBLANK(G52)),""Reste prévu"","""")"
Fevrier 2026;52;B;B52;;"=IF(AND(NOT(ISBLANK($G51)),ISBLANK($G52)),$C$42-$F$40-$F$42,"""")"
Fevrier 2026;52;C;C52;;"=IF(AND(NOT(ISBLANK($G51)),ISBLANK($G52)),""Reste réel"","""")"
Fevrier 2026;52;D;D52;;"=IF(AND(NOT(ISBLANK($G51)),ISBLANK($G52)),$C$42-$H$40-$F$42,"""")"
Fevrier 2026;52;G;G52;Leclerc;
Fevrier 2026;52;H;H52;37.79;
Fevrier 2026;52;I;I52;x;
Fevrier 2026;52;J;J52;37.79;"=IF(I52=""x"",H52,0)"
Fevrier 2026;52;K;K52;Courses;
Fevrier 2026;53;A;A53;;"=IF(AND(NOT(ISBLANK(G52)),ISBLANK(G53)),""Reste prévu"","""")"
Fevrier 2026;53;B;B53;;"=IF(AND(NOT(ISBLANK($G52)),ISBLANK($G53)),$C$42-$F$40-$F$42,"""")"
Fevrier 2026;53;C;C53;;"=IF(AND(NOT(ISBLANK($G52)),ISBLANK($G53)),""Reste réel"","""")"
Fevrier 2026;53;D;D53;;"=IF(AND(NOT(ISBLANK($G52)),ISBLANK($G53)),$C$42-$H$40-$F$42,"""")"
Fevrier 2026;53;G;G53;Menage;
Fevrier 2026;53;H;H53;136;
Fevrier 2026;53;I;I53;Comptabilisé Janvier;
Fevrier 2026;53;J;J53;0;"=IF(I53=""x"",H53,0)"
Fevrier 2026;53;K;K53;Charges;
Fevrier 2026;54;A;A54;;"=IF(AND(NOT(ISBLANK(G53)),ISBLANK(G54)),""Reste prévu"","""")"
Fevrier 2026;54;B;B54;;"=IF(AND(NOT(ISBLANK($G53)),ISBLANK($G54)),$C$42-$F$40-$F$42,"""")"
Fevrier 2026;54;C;C54;;"=IF(AND(NOT(ISBLANK($G53)),ISBLANK($G54)),""Reste réel"","""")"
Fevrier 2026;54;D;D54;;"=IF(AND(NOT(ISBLANK($G53)),ISBLANK($G54)),$C$42-$H$40-$F$42,"""")"
Fevrier 2026;54;G;G54;Tartapain;
Fevrier 2026;54;H;H54;7.12;
Fevrier 2026;54;I;I54;x;
Fevrier 2026;54;J;J54;7.12;"=IF(I54=""x"",H54,0)"
Fevrier 2026;54;K;K54;Courses;
Fevrier 2026;55;A;A55;;"=IF(AND(NOT(ISBLANK(G54)),ISBLANK(G55)),""Reste prévu"","""")"
Fevrier 2026;55;B;B55;;"=IF(AND(NOT(ISBLANK($G54)),ISBLANK($G55)),$C$42-$F$40-$F$42,"""")"
Fevrier 2026;55;C;C55;;"=IF(AND(NOT(ISBLANK($G54)),ISBLANK($G55)),""Reste réel"","""")"
Fevrier 2026;55;D;D55;;"=IF(AND(NOT(ISBLANK($G54)),ISBLANK($G55)),$C$42-$H$40-$F$42,"""")"
Fevrier 2026;55;G;G55;Dr Apel;
Fevrier 2026;55;H;H55;30;
Fevrier 2026;55;I;I55;x;
Fevrier 2026;55;J;J55;30;"=IF(I55=""x"",H55,0)"
Fevrier 2026;55;K;K55;Medical;
Fevrier 2026;56;A;A56;;"=IF(AND(NOT(ISBLANK(G55)),ISBLANK(G56)),""Reste prévu"","""")"
Fevrier 2026;56;B;B56;;"=IF(AND(NOT(ISBLANK($G55)),ISBLANK($G56)),$C$42-$F$40-$F$42,"""")"
Fevrier 2026;56;C;C56;;"=IF(AND(NOT(ISBLANK($G55)),ISBLANK($G56)),""Reste réel"","""")"
Fevrier 2026;56;D;D56;;"=IF(AND(NOT(ISBLANK($G55)),ISBLANK($G56)),$C$42-$H$40-$F$42,"""")"
Fevrier 2026;56;G;G56;Assurance Appart Arthur;
Fevrier 2026;56;H;H56;74.13;
Fevrier 2026;56;I;I56;x;
Fevrier 2026;56;J;J56;74.13;"=IF(I56=""x"",H56,0)"
Fevrier 2026;56;K;K56;Charges;
Fevrier 2026;57;A;A57;;"=IF(AND(NOT(ISBLANK(G56)),ISBLANK(G57)),""Reste prévu"","""")"
Fevrier 2026;57;B;B57;;"=IF(AND(NOT(ISBLANK($G56)),ISBLANK($G57)),$C$42-$F$40-$F$42,"""")"
Fevrier 2026;57;C;C57;;"=IF(AND(NOT(ISBLANK($G56)),ISBLANK($G57)),""Reste réel"","""")"
Fevrier 2026;57;D;D57;;"=IF(AND(NOT(ISBLANK($G56)),ISBLANK($G57)),$C$42-$H$40-$F$42,"""")"
Fevrier 2026;57;G;G57;Burger King Cesson;
Fevrier 2026;57;H;H57;58.25;
Fevrier 2026;57;I;I57;x;
Fevrier 2026;57;J;J57;58.25;"=IF(I57=""x"",H57,0)"
Fevrier 2026;57;K;K57;Loisirs;
Fevrier 2026;58;A;A58;;"=IF(AND(NOT(ISBLANK(G57)),ISBLANK(G58)),""Reste prévu"","""")"
Fevrier 2026;58;B;B58;;"=IF(AND(NOT(ISBLANK($G57)),ISBLANK($G58)),$C$42-$F$40-$F$42,"""")"
Fevrier 2026;58;C;C58;;"=IF(AND(NOT(ISBLANK($G57)),ISBLANK($G58)),""Reste réel"","""")"
Fevrier 2026;58;D;D58;;"=IF(AND(NOT(ISBLANK($G57)),ISBLANK($G58)),$C$42-$H$40-$F$42,"""")"
Fevrier 2026;58;G;G58;Hand Cesson Paris Avril;
Fevrier 2026;58;H;H58;80;
Fevrier 2026;58;I;I58;x;
Fevrier 2026;58;J;J58;80;"=IF(I58=""x"",H58,0)"
Fevrier 2026;58;K;K58;Loisirs;
Fevrier 2026;59;A;A59;;"=IF(AND(NOT(ISBLANK(G58)),ISBLANK(G59)),""Reste prévu"","""")"
Fevrier 2026;59;B;B59;;"=IF(AND(NOT(ISBLANK($G58)),ISBLANK($G59)),$C$42-$F$40-$F$42,"""")"
Fevrier 2026;59;C;C59;;"=IF(AND(NOT(ISBLANK($G58)),ISBLANK($G59)),""Reste réel"","""")"
Fevrier 2026;59;D;D59;;"=IF(AND(NOT(ISBLANK($G58)),ISBLANK($G59)),$C$42-$H$40-$F$42,"""")"
Fevrier 2026;59;G;G59;Cesson Buvette;
Fevrier 2026;59;H;H59;14;
Fevrier 2026;59;I;I59;x;
Fevrier 2026;59;J;J59;14;"=IF(I59=""x"",H59,0)"
Fevrier 2026;59;K;K59;Loisirs;
Fevrier 2026;60;A;A60;;"=IF(AND(NOT(ISBLANK(G59)),ISBLANK(G60)),""Reste prévu"","""")"
Fevrier 2026;60;B;B60;;"=IF(AND(NOT(ISBLANK($G59)),ISBLANK($G60)),$C$42-$F$40-$F$42,"""")"
Fevrier 2026;60;C;C60;;"=IF(AND(NOT(ISBLANK($G59)),ISBLANK($G60)),""Reste réel"","""")"
Fevrier 2026;60;D;D60;;"=IF(AND(NOT(ISBLANK($G59)),ISBLANK($G60)),$C$42-$H$40-$F$42,"""")"
Fevrier 2026;60;G;G60;La Fabrique Ploufragan;
Fevrier 2026;60;H;H60;13;
Fevrier 2026;60;I;I60;x;
Fevrier 2026;60;J;J60;13;"=IF(I60=""x"",H60,0)"
Fevrier 2026;60;K;K60;Courses;
Fevrier 2026;61;A;A61;;"=IF(AND(NOT(ISBLANK(G60)),ISBLANK(G61)),""Reste prévu"","""")"
Fevrier 2026;61;B;B61;;"=IF(AND(NOT(ISBLANK($G60)),ISBLANK($G61)),$C$42-$F$40-$F$42,"""")"
Fevrier 2026;61;C;C61;;"=IF(AND(NOT(ISBLANK($G60)),ISBLANK($G61)),""Reste réel"","""")"
Fevrier 2026;61;D;D61;;"=IF(AND(NOT(ISBLANK($G60)),ISBLANK($G61)),$C$42-$H$40-$F$42,"""")"
Fevrier 2026;61;G;G61;Leclerc;
Fevrier 2026;61;H;H61;29.82;
Fevrier 2026;61;I;I61;x;
Fevrier 2026;61;J;J61;29.82;"=IF(I61=""x"",H61,0)"
Fevrier 2026;61;K;K61;Courses;
Fevrier 2026;62;A;A62;;"=IF(AND(NOT(ISBLANK(G61)),ISBLANK(G62)),""Reste prévu"","""")"
Fevrier 2026;62;B;B62;;"=IF(AND(NOT(ISBLANK($G61)),ISBLANK($G62)),$C$42-$F$40-$F$42,"""")"
Fevrier 2026;62;C;C62;;"=IF(AND(NOT(ISBLANK($G61)),ISBLANK($G62)),""Reste réel"","""")"
Fevrier 2026;62;D;D62;;"=IF(AND(NOT(ISBLANK($G61)),ISBLANK($G62)),$C$42-$H$40-$F$42,"""")"
Fevrier 2026;62;G;G62;La Toupie;
Fevrier 2026;62;H;H62;19.99;
Fevrier 2026;62;I;I62;x;
Fevrier 2026;62;J;J62;19.99;"=IF(I62=""x"",H62,0)"
Fevrier 2026;62;K;K62;Courses;
Fevrier 2026;63;A;A63;;"=IF(AND(NOT(ISBLANK(G62)),ISBLANK(G63)),""Reste prévu"","""")"
Fevrier 2026;63;B;B63;;"=IF(AND(NOT(ISBLANK($G62)),ISBLANK($G63)),$C$42-$F$40-$F$42,"""")"
Fevrier 2026;63;C;C63;;"=IF(AND(NOT(ISBLANK($G62)),ISBLANK($G63)),""Reste réel"","""")"
Fevrier 2026;63;D;D63;;"=IF(AND(NOT(ISBLANK($G62)),ISBLANK($G63)),$C$42-$H$40-$F$42,"""")"
Fevrier 2026;63;G;G63;Cremerie Raclette;
Fevrier 2026;63;H;H63;85.87;
Fevrier 2026;63;I;I63;x;
Fevrier 2026;63;J;J63;85.87;"=IF(I63=""x"",H63,0)"
Fevrier 2026;63;K;K63;Courses;
Fevrier 2026;64;A;A64;;"=IF(AND(NOT(ISBLANK(G63)),ISBLANK(G64)),""Reste prévu"","""")"
Fevrier 2026;64;B;B64;;"=IF(AND(NOT(ISBLANK($G63)),ISBLANK($G64)),$C$42-$F$40-$F$42,"""")"
Fevrier 2026;64;C;C64;;"=IF(AND(NOT(ISBLANK($G63)),ISBLANK($G64)),""Reste réel"","""")"
Fevrier 2026;64;D;D64;;"=IF(AND(NOT(ISBLANK($G63)),ISBLANK($G64)),$C$42-$H$40-$F$42,"""")"
Fevrier 2026;64;G;G64;Leclerc;
Fevrier 2026;64;H;H64;40.83;
Fevrier 2026;64;I;I64;x;
Fevrier 2026;64;J;J64;40.83;"=IF(I64=""x"",H64,0)"
Fevrier 2026;64;K;K64;Courses;
Fevrier 2026;65;A;A65;;"=IF(AND(NOT(ISBLANK(G64)),ISBLANK(G65)),""Reste prévu"","""")"
Fevrier 2026;65;B;B65;;"=IF(AND(NOT(ISBLANK($G64)),ISBLANK($G65)),$C$42-$F$40-$F$42,"""")"
Fevrier 2026;65;C;C65;;"=IF(AND(NOT(ISBLANK($G64)),ISBLANK($G65)),""Reste réel"","""")"
Fevrier 2026;65;D;D65;;"=IF(AND(NOT(ISBLANK($G64)),ISBLANK($G65)),$C$42-$H$40-$F$42,"""")"
Fevrier 2026;65;G;G65;Leclerc;
Fevrier 2026;65;H;H65;77.77;
Fevrier 2026;65;I;I65;x;
Fevrier 2026;65;J;J65;77.77;"=IF(I65=""x"",H65,0)"
Fevrier 2026;65;K;K65;Courses;
Fevrier 2026;66;A;A66;;"=IF(AND(NOT(ISBLANK(G65)),ISBLANK(G66)),""Reste prévu"","""")"
Fevrier 2026;66;B;B66;;"=IF(AND(NOT(ISBLANK($G65)),ISBLANK($G66)),$C$42-$F$40-$F$42,"""")"
Fevrier 2026;66;C;C66;;"=IF(AND(NOT(ISBLANK($G65)),ISBLANK($G66)),""Reste réel"","""")"
Fevrier 2026;66;D;D66;;"=IF(AND(NOT(ISBLANK($G65)),ISBLANK($G66)),$C$42-$H$40-$F$42,"""")"
Fevrier 2026;66;G;G66;Super U;
Fevrier 2026;66;H;H66;59.47;
Fevrier 2026;66;I;I66;x;
Fevrier 2026;66;J;J66;59.47;"=IF(I66=""x"",H66,0)"
Fevrier 2026;66;K;K66;Courses;
Fevrier 2026;67;A;A67;;"=IF(AND(NOT(ISBLANK(G66)),ISBLANK(G67)),""Reste prévu"","""")"
Fevrier 2026;67;B;B67;;"=IF(AND(NOT(ISBLANK($G66)),ISBLANK($G67)),$C$42-$F$40-$F$42,"""")"
Fevrier 2026;67;C;C67;;"=IF(AND(NOT(ISBLANK($G66)),ISBLANK($G67)),""Reste réel"","""")"
Fevrier 2026;67;D;D67;;"=IF(AND(NOT(ISBLANK($G66)),ISBLANK($G67)),$C$42-$H$40-$F$42,"""")"
Fevrier 2026;67;G;G67;Butagaz;
Fevrier 2026;67;H;H67;26.95;
Fevrier 2026;67;I;I67;x;
Fevrier 2026;67;J;J67;26.95;"=IF(I67=""x"",H67,0)"
Fevrier 2026;67;K;K67;Charges;
Fevrier 2026;68;A;A68;;"=IF(AND(NOT(ISBLANK(G67)),ISBLANK(G68)),""Reste prévu"","""")"
Fevrier 2026;68;B;B68;;"=IF(AND(NOT(ISBLANK($G67)),ISBLANK($G68)),$C$42-$F$40-$F$42,"""")"
Fevrier 2026;68;C;C68;;"=IF(AND(NOT(ISBLANK($G67)),ISBLANK($G68)),""Reste réel"","""")"
Fevrier 2026;68;D;D68;;"=IF(AND(NOT(ISBLANK($G67)),ISBLANK($G68)),$C$42-$H$40-$F$42,"""")"
Fevrier 2026;68;G;G68;Leclerc;
Fevrier 2026;68;H;H68;30.39;
Fevrier 2026;68;I;I68;x;
Fevrier 2026;68;J;J68;30.39;"=IF(I68=""x"",H68,0)"
Fevrier 2026;68;K;K68;Courses;
Fevrier 2026;69;A;A69;;"=IF(AND(NOT(ISBLANK(G68)),ISBLANK(G69)),""Reste prévu"","""")"
Fevrier 2026;69;B;B69;;"=IF(AND(NOT(ISBLANK($G68)),ISBLANK($G69)),$C$42-$F$40-$F$42,"""")"
Fevrier 2026;69;C;C69;;"=IF(AND(NOT(ISBLANK($G68)),ISBLANK($G69)),""Reste réel"","""")"
Fevrier 2026;69;D;D69;;"=IF(AND(NOT(ISBLANK($G68)),ISBLANK($G69)),$C$42-$H$40-$F$42,"""")"
Fevrier 2026;69;G;G69;Leclerc Drive;
Fevrier 2026;69;H;H69;156.65;
Fevrier 2026;69;I;I69;x;
Fevrier 2026;69;J;J69;156.65;"=IF(I69=""x"",H69,0)"
Fevrier 2026;69;K;K69;Courses;
Fevrier 2026;70;A;A70;;"=IF(AND(NOT(ISBLANK(G69)),ISBLANK(G70)),""Reste prévu"","""")"
Fevrier 2026;70;B;B70;;"=IF(AND(NOT(ISBLANK($G69)),ISBLANK($G70)),$C$42-$F$40-$F$42,"""")"
Fevrier 2026;70;C;C70;;"=IF(AND(NOT(ISBLANK($G69)),ISBLANK($G70)),""Reste réel"","""")"
Fevrier 2026;70;D;D70;;"=IF(AND(NOT(ISBLANK($G69)),ISBLANK($G70)),$C$42-$H$40-$F$42,"""")"
Fevrier 2026;70;G;G70;Train Arthur;
Fevrier 2026;70;H;H70;9;
Fevrier 2026;70;I;I70;x;
Fevrier 2026;70;J;J70;9;"=IF(I70=""x"",H70,0)"
Fevrier 2026;70;K;K70;Voiture/Déplacement;
Fevrier 2026;71;A;A71;;"=IF(AND(NOT(ISBLANK(G70)),ISBLANK(G71)),""Reste prévu"","""")"
Fevrier 2026;71;B;B71;;"=IF(AND(NOT(ISBLANK($G70)),ISBLANK($G71)),$C$42-$F$40-$F$42,"""")"
Fevrier 2026;71;C;C71;;"=IF(AND(NOT(ISBLANK($G70)),ISBLANK($G71)),""Reste réel"","""")"
Fevrier 2026;71;D;D71;;"=IF(AND(NOT(ISBLANK($G70)),ISBLANK($G71)),$C$42-$H$40-$F$42,"""")"
Fevrier 2026;71;G;G71;Mr Bricolage;
Fevrier 2026;71;H;H71;10.85;
Fevrier 2026;71;I;I71;x;
Fevrier 2026;71;J;J71;10.85;"=IF(I71=""x"",H71,0)"
Fevrier 2026;71;K;K71;Bricolage/Travaux;
Fevrier 2026;72;A;A72;;"=IF(AND(NOT(ISBLANK(G71)),ISBLANK(G72)),""Reste prévu"","""")"
Fevrier 2026;72;B;B72;;"=IF(AND(NOT(ISBLANK($G71)),ISBLANK($G72)),$C$42-$F$40-$F$42,"""")"
Fevrier 2026;72;C;C72;;"=IF(AND(NOT(ISBLANK($G71)),ISBLANK($G72)),""Reste réel"","""")"
Fevrier 2026;72;D;D72;;"=IF(AND(NOT(ISBLANK($G71)),ISBLANK($G72)),$C$42-$H$40-$F$42,"""")"
Fevrier 2026;72;G;G72;PArking Les Champs;
Fevrier 2026;72;H;H72;3.5;
Fevrier 2026;72;I;I72;x;
Fevrier 2026;72;J;J72;3.5;"=IF(I72=""x"",H72,0)"
Fevrier 2026;72;K;K72;Voiture/Déplacement;
Fevrier 2026;73;A;A73;;"=IF(AND(NOT(ISBLANK(G72)),ISBLANK(G73)),""Reste prévu"","""")"
Fevrier 2026;73;B;B73;;"=IF(AND(NOT(ISBLANK($G72)),ISBLANK($G73)),$C$42-$F$40-$F$42,"""")"
Fevrier 2026;73;C;C73;;"=IF(AND(NOT(ISBLANK($G72)),ISBLANK($G73)),""Reste réel"","""")"
Fevrier 2026;73;D;D73;;"=IF(AND(NOT(ISBLANK($G72)),ISBLANK($G73)),$C$42-$H$40-$F$42,"""")"
Fevrier 2026;73;G;G73;JML Bretagne;
Fevrier 2026;73;H;H73;24.2;
Fevrier 2026;73;I;I73;x;
Fevrier 2026;73;J;J73;24.2;"=IF(I73=""x"",H73,0)"
Fevrier 2026;73;K;K73;Courses;
Fevrier 2026;74;A;A74;;"=IF(AND(NOT(ISBLANK(G73)),ISBLANK(G74)),""Reste prévu"","""")"
Fevrier 2026;74;B;B74;;"=IF(AND(NOT(ISBLANK($G73)),ISBLANK($G74)),$C$42-$F$40-$F$42,"""")"
Fevrier 2026;74;C;C74;;"=IF(AND(NOT(ISBLANK($G73)),ISBLANK($G74)),""Reste réel"","""")"
Fevrier 2026;74;D;D74;;"=IF(AND(NOT(ISBLANK($G73)),ISBLANK($G74)),$C$42-$H$40-$F$42,"""")"
Fevrier 2026;74;G;G74;Cigarettes;
Fevrier 2026;74;H;H74;13;
Fevrier 2026;74;I;I74;x;
Fevrier 2026;74;J;J74;13;"=IF(I74=""x"",H74,0)"
Fevrier 2026;74;K;K74;Divers;
Fevrier 2026;75;A;A75;;"=IF(AND(NOT(ISBLANK(G74)),ISBLANK(G75)),""Reste prévu"","""")"
Fevrier 2026;75;B;B75;;"=IF(AND(NOT(ISBLANK($G74)),ISBLANK($G75)),$C$42-$F$40-$F$42,"""")"
Fevrier 2026;75;C;C75;;"=IF(AND(NOT(ISBLANK($G74)),ISBLANK($G75)),""Reste réel"","""")"
Fevrier 2026;75;D;D75;;"=IF(AND(NOT(ISBLANK($G74)),ISBLANK($G75)),$C$42-$H$40-$F$42,"""")"
Fevrier 2026;75;G;G75;Carrefour;
Fevrier 2026;75;H;H75;7.22;
Fevrier 2026;75;I;I75;x;
Fevrier 2026;75;J;J75;7.22;"=IF(I75=""x"",H75,0)"
Fevrier 2026;75;K;K75;Courses;
Fevrier 2026;76;A;A76;;"=IF(AND(NOT(ISBLANK(G75)),ISBLANK(G76)),""Reste prévu"","""")"
Fevrier 2026;76;B;B76;;"=IF(AND(NOT(ISBLANK($G75)),ISBLANK($G76)),$C$42-$F$40-$F$42,"""")"
Fevrier 2026;76;C;C76;;"=IF(AND(NOT(ISBLANK($G75)),ISBLANK($G76)),""Reste réel"","""")"
Fevrier 2026;76;D;D76;;"=IF(AND(NOT(ISBLANK($G75)),ISBLANK($G76)),$C$42-$H$40-$F$42,"""")"
Fevrier 2026;76;G;G76;Train Arthur;
Fevrier 2026;76;H;H76;9;
Fevrier 2026;76;I;I76;x;
Fevrier 2026;76;J;J76;9;"=IF(I76=""x"",H76,0)"
Fevrier 2026;76;K;K76;Voiture/Déplacement;
Fevrier 2026;77;A;A77;;"=IF(AND(NOT(ISBLANK(G76)),ISBLANK(G77)),""Reste prévu"","""")"
Fevrier 2026;77;B;B77;;"=IF(AND(NOT(ISBLANK($G76)),ISBLANK($G77)),$C$42-$F$40-$F$42,"""")"
Fevrier 2026;77;C;C77;;"=IF(AND(NOT(ISBLANK($G76)),ISBLANK($G77)),""Reste réel"","""")"
Fevrier 2026;77;D;D77;;"=IF(AND(NOT(ISBLANK($G76)),ISBLANK($G77)),$C$42-$H$40-$F$42,"""")"
Fevrier 2026;77;G;G77;Mr Bricolage;
Fevrier 2026;77;H;H77;10.17;
Fevrier 2026;77;I;I77;x;
Fevrier 2026;77;J;J77;10.17;"=IF(I77=""x"",H77,0)"
Fevrier 2026;77;K;K77;Bricolage/Travaux;
Fevrier 2026;78;A;A78;;"=IF(AND(NOT(ISBLANK(G77)),ISBLANK(G78)),""Reste prévu"","""")"
Fevrier 2026;78;B;B78;;"=IF(AND(NOT(ISBLANK($G77)),ISBLANK($G78)),$C$42-$F$40-$F$42,"""")"
Fevrier 2026;78;C;C78;;"=IF(AND(NOT(ISBLANK($G77)),ISBLANK($G78)),""Reste réel"","""")"
Fevrier 2026;78;D;D78;;"=IF(AND(NOT(ISBLANK($G77)),ISBLANK($G78)),$C$42-$H$40-$F$42,"""")"
Fevrier 2026;78;G;G78;Leclerc;
Fevrier 2026;78;H;H78;32.44;
Fevrier 2026;78;I;I78;x;
Fevrier 2026;78;J;J78;32.44;"=IF(I78=""x"",H78,0)"
Fevrier 2026;78;K;K78;Courses;
Fevrier 2026;79;A;A79;;"=IF(AND(NOT(ISBLANK(G78)),ISBLANK(G79)),""Reste prévu"","""")"
Fevrier 2026;79;B;B79;;"=IF(AND(NOT(ISBLANK($G78)),ISBLANK($G79)),$C$42-$F$40-$F$42,"""")"
Fevrier 2026;79;C;C79;;"=IF(AND(NOT(ISBLANK($G78)),ISBLANK($G79)),""Reste réel"","""")"
Fevrier 2026;79;D;D79;;"=IF(AND(NOT(ISBLANK($G78)),ISBLANK($G79)),$C$42-$H$40-$F$42,"""")"
Fevrier 2026;79;G;G79;Truffaut;
Fevrier 2026;79;H;H79;23.98;
Fevrier 2026;79;I;I79;x;
Fevrier 2026;79;J;J79;23.98;"=IF(I79=""x"",H79,0)"
Fevrier 2026;79;K;K79;Divers;
Fevrier 2026;80;A;A80;;"=IF(AND(NOT(ISBLANK(G79)),ISBLANK(G80)),""Reste prévu"","""")"
Fevrier 2026;80;B;B80;;"=IF(AND(NOT(ISBLANK($G79)),ISBLANK($G80)),$C$42-$F$40-$F$42,"""")"
Fevrier 2026;80;C;C80;;"=IF(AND(NOT(ISBLANK($G79)),ISBLANK($G80)),""Reste réel"","""")"
Fevrier 2026;80;D;D80;;"=IF(AND(NOT(ISBLANK($G79)),ISBLANK($G80)),$C$42-$H$40-$F$42,"""")"
Fevrier 2026;80;G;G80;Leclerc;
Fevrier 2026;80;H;H80;26.21;
Fevrier 2026;80;I;I80;x;
Fevrier 2026;80;J;J80;26.21;"=IF(I80=""x"",H80,0)"
Fevrier 2026;80;K;K80;Courses;
Fevrier 2026;81;A;A81;;"=IF(AND(NOT(ISBLANK(G80)),ISBLANK(G81)),""Reste prévu"","""")"
Fevrier 2026;81;B;B81;;"=IF(AND(NOT(ISBLANK($G80)),ISBLANK($G81)),$C$42-$F$40-$F$42,"""")"
Fevrier 2026;81;C;C81;;"=IF(AND(NOT(ISBLANK($G80)),ISBLANK($G81)),""Reste réel"","""")"
Fevrier 2026;81;D;D81;;"=IF(AND(NOT(ISBLANK($G80)),ISBLANK($G81)),$C$42-$H$40-$F$42,"""")"
Fevrier 2026;81;G;G81;FDJ;
Fevrier 2026;81;H;H81;25;
Fevrier 2026;81;I;I81;x;
Fevrier 2026;81;J;J81;25;"=IF(I81=""x"",H81,0)"
Fevrier 2026;81;K;K81;Divers;
Fevrier 2026;82;A;A82;;"=IF(AND(NOT(ISBLANK(G81)),ISBLANK(G82)),""Reste prévu"","""")"
Fevrier 2026;82;B;B82;;"=IF(AND(NOT(ISBLANK($G81)),ISBLANK($G82)),$C$42-$F$40-$F$42,"""")"
Fevrier 2026;82;C;C82;;"=IF(AND(NOT(ISBLANK($G81)),ISBLANK($G82)),""Reste réel"","""")"
Fevrier 2026;82;D;D82;;"=IF(AND(NOT(ISBLANK($G81)),ISBLANK($G82)),$C$42-$H$40-$F$42,"""")"
Fevrier 2026;82;G;G82;Leclerc;
Fevrier 2026;82;H;H82;31.9;
Fevrier 2026;82;I;I82;x;
Fevrier 2026;82;J;J82;31.9;"=IF(I82=""x"",H82,0)"
Fevrier 2026;82;K;K82;Courses;
Fevrier 2026;83;A;A83;;"=IF(AND(NOT(ISBLANK(G82)),ISBLANK(G83)),""Reste prévu"","""")"
Fevrier 2026;83;B;B83;;"=IF(AND(NOT(ISBLANK($G82)),ISBLANK($G83)),$C$42-$F$40-$F$42,"""")"
Fevrier 2026;83;C;C83;;"=IF(AND(NOT(ISBLANK($G82)),ISBLANK($G83)),""Reste réel"","""")"
Fevrier 2026;83;D;D83;;"=IF(AND(NOT(ISBLANK($G82)),ISBLANK($G83)),$C$42-$H$40-$F$42,"""")"
Fevrier 2026;83;G;G83;Librairie Renard;
Fevrier 2026;83;H;H83;20.9;
Fevrier 2026;83;I;I83;x;
Fevrier 2026;83;J;J83;20.9;"=IF(I83=""x"",H83,0)"
Fevrier 2026;83;K;K83;Loisirs;
Fevrier 2026;84;A;A84;;"=IF(AND(NOT(ISBLANK(G83)),ISBLANK(G84)),""Reste prévu"","""")"
Fevrier 2026;84;B;B84;;"=IF(AND(NOT(ISBLANK($G83)),ISBLANK($G84)),$C$42-$F$40-$F$42,"""")"
Fevrier 2026;84;C;C84;;"=IF(AND(NOT(ISBLANK($G83)),ISBLANK($G84)),""Reste réel"","""")"
Fevrier 2026;84;D;D84;;"=IF(AND(NOT(ISBLANK($G83)),ISBLANK($G84)),$C$42-$H$40-$F$42,"""")"
Fevrier 2026;84;G;G84;Bagues Paimpol;
Fevrier 2026;84;H;H84;240;
Fevrier 2026;84;I;I84;x;
Fevrier 2026;84;J;J84;240;"=IF(I84=""x"",H84,0)"
Fevrier 2026;84;K;K84;Cadeau;
Fevrier 2026;85;A;A85;;"=IF(AND(NOT(ISBLANK(G84)),ISBLANK(G85)),""Reste prévu"","""")"
Fevrier 2026;85;B;B85;;"=IF(AND(NOT(ISBLANK($G84)),ISBLANK($G85)),$C$42-$F$40-$F$42,"""")"
Fevrier 2026;85;C;C85;;"=IF(AND(NOT(ISBLANK($G84)),ISBLANK($G85)),""Reste réel"","""")"
Fevrier 2026;85;D;D85;;"=IF(AND(NOT(ISBLANK($G84)),ISBLANK($G85)),$C$42-$H$40-$F$42,"""")"
Fevrier 2026;85;G;G85;Restaurant le Lipous;
Fevrier 2026;85;H;H85;107;
Fevrier 2026;85;I;I85;x;
Fevrier 2026;85;J;J85;107;"=IF(I85=""x"",H85,0)"
Fevrier 2026;85;K;K85;Loisirs;
Fevrier 2026;86;A;A86;;"=IF(AND(NOT(ISBLANK(G85)),ISBLANK(G86)),""Reste prévu"","""")"
Fevrier 2026;86;B;B86;;"=IF(AND(NOT(ISBLANK($G85)),ISBLANK($G86)),$C$42-$F$40-$F$42,"""")"
Fevrier 2026;86;C;C86;;"=IF(AND(NOT(ISBLANK($G85)),ISBLANK($G86)),""Reste réel"","""")"
Fevrier 2026;86;D;D86;;"=IF(AND(NOT(ISBLANK($G85)),ISBLANK($G86)),$C$42-$H$40-$F$42,"""")"
Fevrier 2026;86;G;G86;Intersport;
Fevrier 2026;86;H;H86;184.95;
Fevrier 2026;86;I;I86;x;
Fevrier 2026;86;J;J86;184.95;"=IF(I86=""x"",H86,0)"
Fevrier 2026;86;K;K86;Vêtements;
Fevrier 2026;87;A;A87;;"=IF(AND(NOT(ISBLANK(G86)),ISBLANK(G87)),""Reste prévu"","""")"
Fevrier 2026;87;B;B87;;"=IF(AND(NOT(ISBLANK($G86)),ISBLANK($G87)),$C$42-$F$40-$F$42,"""")"
Fevrier 2026;87;C;C87;;"=IF(AND(NOT(ISBLANK($G86)),ISBLANK($G87)),""Reste réel"","""")"
Fevrier 2026;87;D;D87;;"=IF(AND(NOT(ISBLANK($G86)),ISBLANK($G87)),$C$42-$H$40-$F$42,"""")"
Fevrier 2026;87;G;G87;Maison de santé Paimpol;
Fevrier 2026;87;H;H87;16.9;
Fevrier 2026;87;I;I87;x;
Fevrier 2026;87;J;J87;16.9;"=IF(I87=""x"",H87,0)"
Fevrier 2026;87;K;K87;Divers;
Fevrier 2026;88;A;A88;;"=IF(AND(NOT(ISBLANK(G87)),ISBLANK(G88)),""Reste prévu"","""")"
Fevrier 2026;88;B;B88;;"=IF(AND(NOT(ISBLANK($G87)),ISBLANK($G88)),$C$42-$F$40-$F$42,"""")"
Fevrier 2026;88;C;C88;;"=IF(AND(NOT(ISBLANK($G87)),ISBLANK($G88)),""Reste réel"","""")"
Fevrier 2026;88;D;D88;;"=IF(AND(NOT(ISBLANK($G87)),ISBLANK($G88)),$C$42-$H$40-$F$42,"""")"
Fevrier 2026;88;G;G88;Train Arthur;
Fevrier 2026;88;H;H88;9;
Fevrier 2026;88;I;I88;x;
Fevrier 2026;88;J;J88;9;"=IF(I88=""x"",H88,0)"
Fevrier 2026;88;K;K88;Voiture/Déplacement;
Fevrier 2026;89;A;A89;;"=IF(AND(NOT(ISBLANK(G88)),ISBLANK(G89)),""Reste prévu"","""")"
Fevrier 2026;89;B;B89;;"=IF(AND(NOT(ISBLANK($G88)),ISBLANK($G89)),$C$42-$F$40-$F$42,"""")"
Fevrier 2026;89;C;C89;;"=IF(AND(NOT(ISBLANK($G88)),ISBLANK($G89)),""Reste réel"","""")"
Fevrier 2026;89;D;D89;;"=IF(AND(NOT(ISBLANK($G88)),ISBLANK($G89)),$C$42-$H$40-$F$42,"""")"
Fevrier 2026;89;G;G89;Librairie Renard;
Fevrier 2026;89;H;H89;17.6;
Fevrier 2026;89;I;I89;x;
Fevrier 2026;89;J;J89;17.6;"=IF(I89=""x"",H89,0)"
Fevrier 2026;89;K;K89;Loisirs;
Fevrier 2026;90;A;A90;;"=IF(AND(NOT(ISBLANK(G89)),ISBLANK(G90)),""Reste prévu"","""")"
Fevrier 2026;90;B;B90;;"=IF(AND(NOT(ISBLANK($G89)),ISBLANK($G90)),$C$42-$F$40-$F$42,"""")"
Fevrier 2026;90;C;C90;;"=IF(AND(NOT(ISBLANK($G89)),ISBLANK($G90)),""Reste réel"","""")"
Fevrier 2026;90;D;D90;;"=IF(AND(NOT(ISBLANK($G89)),ISBLANK($G90)),$C$42-$H$40-$F$42,"""")"
Fevrier 2026;90;G;G90;Pizza Piampol;
Fevrier 2026;90;H;H90;48.5;
Fevrier 2026;90;I;I90;x;
Fevrier 2026;90;J;J90;48.5;"=IF(I90=""x"",H90,0)"
Fevrier 2026;90;K;K90;Courses;
Fevrier 2026;91;A;A91;;"=IF(AND(NOT(ISBLANK(G90)),ISBLANK(G91)),""Reste prévu"","""")"
Fevrier 2026;91;B;B91;;"=IF(AND(NOT(ISBLANK($G90)),ISBLANK($G91)),$C$42-$F$40-$F$42,"""")"
Fevrier 2026;91;C;C91;;"=IF(AND(NOT(ISBLANK($G90)),ISBLANK($G91)),""Reste réel"","""")"
Fevrier 2026;91;D;D91;;"=IF(AND(NOT(ISBLANK($G90)),ISBLANK($G91)),$C$42-$H$40-$F$42,"""")"
Fevrier 2026;91;G;G91;Train Arthur;
Fevrier 2026;91;H;H91;9;
Fevrier 2026;91;I;I91;x;
Fevrier 2026;91;J;J91;9;"=IF(I91=""x"",H91,0)"
Fevrier 2026;91;K;K91;Voiture/Déplacement;
Fevrier 2026;92;A;A92;;"=IF(AND(NOT(ISBLANK(G91)),ISBLANK(G92)),""Reste prévu"","""")"
Fevrier 2026;92;B;B92;;"=IF(AND(NOT(ISBLANK($G91)),ISBLANK($G92)),$C$42-$F$40-$F$42,"""")"
Fevrier 2026;92;C;C92;;"=IF(AND(NOT(ISBLANK($G91)),ISBLANK($G92)),""Reste réel"","""")"
Fevrier 2026;92;D;D92;;"=IF(AND(NOT(ISBLANK($G91)),ISBLANK($G92)),$C$42-$H$40-$F$42,"""")"
Fevrier 2026;92;G;G92;Apple;
Fevrier 2026;92;H;H92;0.99;
Fevrier 2026;92;I;I92;x;
Fevrier 2026;92;J;J92;0.99;"=IF(I92=""x"",H92,0)"
Fevrier 2026;92;K;K92;Internet/Téléphone;
Fevrier 2026;93;A;A93;;"=IF(AND(NOT(ISBLANK(G92)),ISBLANK(G93)),""Reste prévu"","""")"
Fevrier 2026;93;B;B93;;"=IF(AND(NOT(ISBLANK($G92)),ISBLANK($G93)),$C$42-$F$40-$F$42,"""")"
Fevrier 2026;93;C;C93;;"=IF(AND(NOT(ISBLANK($G92)),ISBLANK($G93)),""Reste réel"","""")"
Fevrier 2026;93;D;D93;;"=IF(AND(NOT(ISBLANK($G92)),ISBLANK($G93)),$C$42-$H$40-$F$42,"""")"
Fevrier 2026;93;G;G93;Train Arthur;
Fevrier 2026;93;H;H93;9;
Fevrier 2026;93;I;I93;x;
Fevrier 2026;93;J;J93;9;"=IF(I93=""x"",H93,0)"
Fevrier 2026;93;K;K93;Voiture/Déplacement;
Fevrier 2026;94;A;A94;;"=IF(AND(NOT(ISBLANK(G93)),ISBLANK(G94)),""Reste prévu"","""")"
Fevrier 2026;94;B;B94;;"=IF(AND(NOT(ISBLANK($G93)),ISBLANK($G94)),$C$42-$F$40-$F$42,"""")"
Fevrier 2026;94;C;C94;;"=IF(AND(NOT(ISBLANK($G93)),ISBLANK($G94)),""Reste réel"","""")"
Fevrier 2026;94;D;D94;;"=IF(AND(NOT(ISBLANK($G93)),ISBLANK($G94)),$C$42-$H$40-$F$42,"""")"
Fevrier 2026;94;G;G94;Train Arthur;
Fevrier 2026;94;H;H94;9;
Fevrier 2026;94;I;I94;x;
Fevrier 2026;94;J;J94;9;"=IF(I94=""x"",H94,0)"
Fevrier 2026;94;K;K94;Voiture/Déplacement;
Fevrier 2026;95;A;A95;;"=IF(AND(NOT(ISBLANK(G94)),ISBLANK(G95)),""Reste prévu"","""")"
Fevrier 2026;95;B;B95;;"=IF(AND(NOT(ISBLANK($G94)),ISBLANK($G95)),$C$42-$F$40-$F$42,"""")"
Fevrier 2026;95;C;C95;;"=IF(AND(NOT(ISBLANK($G94)),ISBLANK($G95)),""Reste réel"","""")"
Fevrier 2026;95;D;D95;;"=IF(AND(NOT(ISBLANK($G94)),ISBLANK($G95)),$C$42-$H$40-$F$42,"""")"
Fevrier 2026;95;G;G95;Leclerc;
Fevrier 2026;95;H;H95;84.89;
Fevrier 2026;95;I;I95;x;
Fevrier 2026;95;J;J95;84.89;"=IF(I95=""x"",H95,0)"
Fevrier 2026;95;K;K95;Courses;
Fevrier 2026;96;A;A96;;"=IF(AND(NOT(ISBLANK(G95)),ISBLANK(G96)),""Reste prévu"","""")"
Fevrier 2026;96;B;B96;;"=IF(AND(NOT(ISBLANK($G95)),ISBLANK($G96)),$C$42-$F$40-$F$42,"""")"
Fevrier 2026;96;C;C96;;"=IF(AND(NOT(ISBLANK($G95)),ISBLANK($G96)),""Reste réel"","""")"
Fevrier 2026;96;D;D96;;"=IF(AND(NOT(ISBLANK($G95)),ISBLANK($G96)),$C$42-$H$40-$F$42,"""")"
Fevrier 2026;96;G;G96;Leclerc;
Fevrier 2026;96;H;H96;48.93;
Fevrier 2026;96;I;I96;x;
Fevrier 2026;96;J;J96;48.93;"=IF(I96=""x"",H96,0)"
Fevrier 2026;96;K;K96;Courses;
Fevrier 2026;97;A;A97;;"=IF(AND(NOT(ISBLANK(G96)),ISBLANK(G97)),""Reste prévu"","""")"
Fevrier 2026;97;B;B97;;"=IF(AND(NOT(ISBLANK($G96)),ISBLANK($G97)),$C$42-$F$40-$F$42,"""")"
Fevrier 2026;97;C;C97;;"=IF(AND(NOT(ISBLANK($G96)),ISBLANK($G97)),""Reste réel"","""")"
Fevrier 2026;97;D;D97;;"=IF(AND(NOT(ISBLANK($G96)),ISBLANK($G97)),$C$42-$H$40-$F$42,"""")"
Fevrier 2026;97;G;G97;Otarie LongeCôte;
Fevrier 2026;97;H;H97;30;
Fevrier 2026;97;I;I97;x;
Fevrier 2026;97;J;J97;30;"=IF(I97=""x"",H97,0)"
Fevrier 2026;97;K;K97;Divers;
Fevrier 2026;98;A;A98;;"=IF(AND(NOT(ISBLANK(G97)),ISBLANK(G98)),""Reste prévu"","""")"
Fevrier 2026;98;B;B98;;"=IF(AND(NOT(ISBLANK($G97)),ISBLANK($G98)),$C$42-$F$40-$F$42,"""")"
Fevrier 2026;98;C;C98;;"=IF(AND(NOT(ISBLANK($G97)),ISBLANK($G98)),""Reste réel"","""")"
Fevrier 2026;98;D;D98;;"=IF(AND(NOT(ISBLANK($G97)),ISBLANK($G98)),$C$42-$H$40-$F$42,"""")"
Fevrier 2026;98;G;G98;Biscuiterie;
Fevrier 2026;98;H;H98;50;
Fevrier 2026;98;I;I98;x;
Fevrier 2026;98;J;J98;50;"=IF(I98=""x"",H98,0)"
Fevrier 2026;98;K;K98;Cadeau;
Fevrier 2026;99;A;A99;;"=IF(AND(NOT(ISBLANK(G98)),ISBLANK(G99)),""Reste prévu"","""")"
Fevrier 2026;99;B;B99;;"=IF(AND(NOT(ISBLANK($G98)),ISBLANK($G99)),$C$42-$F$40-$F$42,"""")"
Fevrier 2026;99;C;C99;;"=IF(AND(NOT(ISBLANK($G98)),ISBLANK($G99)),""Reste réel"","""")"
Fevrier 2026;99;D;D99;;"=IF(AND(NOT(ISBLANK($G98)),ISBLANK($G99)),$C$42-$H$40-$F$42,"""")"
Fevrier 2026;99;G;G99;Café Station;
Fevrier 2026;99;H;H99;2;
Fevrier 2026;99;I;I99;x;
Fevrier 2026;99;J;J99;2;"=IF(I99=""x"",H99,0)"
Fevrier 2026;99;K;K99;Courses;
Fevrier 2026;100;A;A100;;"=IF(AND(NOT(ISBLANK(G99)),ISBLANK(G100)),""Reste prévu"","""")"
Fevrier 2026;100;B;B100;;"=IF(AND(NOT(ISBLANK($G99)),ISBLANK($G100)),$C$42-$F$40-$F$42,"""")"
Fevrier 2026;100;C;C100;;"=IF(AND(NOT(ISBLANK($G99)),ISBLANK($G100)),""Reste réel"","""")"
Fevrier 2026;100;D;D100;;"=IF(AND(NOT(ISBLANK($G99)),ISBLANK($G100)),$C$42-$H$40-$F$42,"""")"
Fevrier 2026;100;G;G100;Auchan Merignac;
Fevrier 2026;100;H;H100;22.19;
Fevrier 2026;100;I;I100;x;
Fevrier 2026;100;J;J100;22.19;"=IF(I100=""x"",H100,0)"
Fevrier 2026;100;K;K100;Courses;
Fevrier 2026;101;A;A101;;"=IF(AND(NOT(ISBLANK(G100)),ISBLANK(G101)),""Reste prévu"","""")"
Fevrier 2026;101;B;B101;;"=IF(AND(NOT(ISBLANK($G100)),ISBLANK($G101)),$C$42-$F$40-$F$42,"""")"
Fevrier 2026;101;C;C101;;"=IF(AND(NOT(ISBLANK($G100)),ISBLANK($G101)),""Reste réel"","""")"
Fevrier 2026;101;D;D101;;"=IF(AND(NOT(ISBLANK($G100)),ISBLANK($G101)),$C$42-$H$40-$F$42,"""")"
Fevrier 2026;101;G;G101;Leclerc Bruges;
Fevrier 2026;101;H;H101;71.82;
Fevrier 2026;101;I;I101;x;
Fevrier 2026;101;J;J101;71.82;"=IF(I101=""x"",H101,0)"
Fevrier 2026;101;K;K101;Courses;
Fevrier 2026;102;A;A102;;"=IF(AND(NOT(ISBLANK(G101)),ISBLANK(G102)),""Reste prévu"","""")"
Fevrier 2026;102;B;B102;;"=IF(AND(NOT(ISBLANK($G101)),ISBLANK($G102)),$C$42-$F$40-$F$42,"""")"
Fevrier 2026;102;C;C102;;"=IF(AND(NOT(ISBLANK($G101)),ISBLANK($G102)),""Reste réel"","""")"
Fevrier 2026;102;D;D102;;"=IF(AND(NOT(ISBLANK($G101)),ISBLANK($G102)),$C$42-$H$40-$F$42,"""")"
Fevrier 2026;102;G;G102;Station Brouzils;
Fevrier 2026;102;H;H102;29.34;
Fevrier 2026;102;I;I102;x;
Fevrier 2026;102;J;J102;29.34;"=IF(I102=""x"",H102,0)"
Fevrier 2026;102;K;K102;Courses;
Fevrier 2026;103;A;A103;;"=IF(AND(NOT(ISBLANK(G102)),ISBLANK(G103)),""Reste prévu"","""")"
Fevrier 2026;103;B;B103;;"=IF(AND(NOT(ISBLANK($G102)),ISBLANK($G103)),$C$42-$F$40-$F$42,"""")"
Fevrier 2026;103;C;C103;;"=IF(AND(NOT(ISBLANK($G102)),ISBLANK($G103)),""Reste réel"","""")"
Fevrier 2026;103;D;D103;;"=IF(AND(NOT(ISBLANK($G102)),ISBLANK($G103)),$C$42-$H$40-$F$42,"""")"
Fevrier 2026;103;G;G103;SoBio Merignac;
Fevrier 2026;103;H;H103;49.47;
Fevrier 2026;103;I;I103;x;
Fevrier 2026;103;J;J103;49.47;"=IF(I103=""x"",H103,0)"
Fevrier 2026;103;K;K103;Courses;
Fevrier 2026;104;A;A104;;"=IF(AND(NOT(ISBLANK(G103)),ISBLANK(G104)),""Reste prévu"","""")"
Fevrier 2026;104;B;B104;;"=IF(AND(NOT(ISBLANK($G103)),ISBLANK($G104)),$C$42-$F$40-$F$42,"""")"
Fevrier 2026;104;C;C104;;"=IF(AND(NOT(ISBLANK($G103)),ISBLANK($G104)),""Reste réel"","""")"
Fevrier 2026;104;D;D104;;"=IF(AND(NOT(ISBLANK($G103)),ISBLANK($G104)),$C$42-$H$40-$F$42,"""")"
Fevrier 2026;104;G;G104;Pharmacie Accoceberry;
Fevrier 2026;104;H;H104;59.7;
Fevrier 2026;104;I;I104;x;
Fevrier 2026;104;J;J104;59.7;"=IF(I104=""x"",H104,0)"
Fevrier 2026;104;K;K104;Medical;
Fevrier 2026;105;A;A105;;"=IF(AND(NOT(ISBLANK(G104)),ISBLANK(G105)),""Reste prévu"","""")"
Fevrier 2026;105;B;B105;;"=IF(AND(NOT(ISBLANK($G104)),ISBLANK($G105)),$C$42-$F$40-$F$42,"""")"
Fevrier 2026;105;C;C105;;"=IF(AND(NOT(ISBLANK($G104)),ISBLANK($G105)),""Reste réel"","""")"
Fevrier 2026;105;D;D105;;"=IF(AND(NOT(ISBLANK($G104)),ISBLANK($G105)),$C$42-$H$40-$F$42,"""")"
Fevrier 2026;105;G;G105;Carrefour Merignac;
Fevrier 2026;105;H;H105;204.59;
Fevrier 2026;105;I;I105;x;
Fevrier 2026;105;J;J105;204.59;"=IF(I105=""x"",H105,0)"
Fevrier 2026;105;K;K105;Courses;
Fevrier 2026;106;A;A106;;"=IF(AND(NOT(ISBLANK(G105)),ISBLANK(G106)),""Reste prévu"","""")"
Fevrier 2026;106;B;B106;;"=IF(AND(NOT(ISBLANK($G105)),ISBLANK($G106)),$C$42-$F$40-$F$42,"""")"
Fevrier 2026;106;C;C106;;"=IF(AND(NOT(ISBLANK($G105)),ISBLANK($G106)),""Reste réel"","""")"
Fevrier 2026;106;D;D106;;"=IF(AND(NOT(ISBLANK($G105)),ISBLANK($G106)),$C$42-$H$40-$F$42,"""")"
Fevrier 2026;106;G;G106;Galettes et Fourchettes;
Fevrier 2026;106;H;H106;21.6;
Fevrier 2026;106;I;I106;x;
Fevrier 2026;106;J;J106;21.6;"=IF(I106=""x"",H106,0)"
Fevrier 2026;106;K;K106;Courses;
Fevrier 2026;107;A;A107;;"=IF(AND(NOT(ISBLANK(G106)),ISBLANK(G107)),""Reste prévu"","""")"
Fevrier 2026;107;B;B107;;"=IF(AND(NOT(ISBLANK($G106)),ISBLANK($G107)),$C$42-$F$40-$F$42,"""")"
Fevrier 2026;107;C;C107;;"=IF(AND(NOT(ISBLANK($G106)),ISBLANK($G107)),""Reste réel"","""")"
Fevrier 2026;107;D;D107;;"=IF(AND(NOT(ISBLANK($G106)),ISBLANK($G107)),$C$42-$H$40-$F$42,"""")"
Fevrier 2026;107;G;G107;Leroy Merignac;
Fevrier 2026;107;H;H107;62.47;
Fevrier 2026;107;I;I107;x;
Fevrier 2026;107;J;J107;62.47;"=IF(I107=""x"",H107,0)"
Fevrier 2026;107;K;K107;Bricolage/Travaux;
Fevrier 2026;108;A;A108;;"=IF(AND(NOT(ISBLANK(G107)),ISBLANK(G108)),""Reste prévu"","""")"
Fevrier 2026;108;B;B108;;"=IF(AND(NOT(ISBLANK($G107)),ISBLANK($G108)),$C$42-$F$40-$F$42,"""")"
Fevrier 2026;108;C;C108;;"=IF(AND(NOT(ISBLANK($G107)),ISBLANK($G108)),""Reste réel"","""")"
Fevrier 2026;108;D;D108;;"=IF(AND(NOT(ISBLANK($G107)),ISBLANK($G108)),$C$42-$H$40-$F$42,"""")"
Fevrier 2026;108;G;G108;Avia Café;
Fevrier 2026;108;H;H108;1.9;
Fevrier 2026;108;I;I108;x;
Fevrier 2026;108;J;J108;1.9;"=IF(I108=""x"",H108,0)"
Fevrier 2026;108;K;K108;Courses;
Fevrier 2026;109;A;A109;;"=IF(AND(NOT(ISBLANK(G108)),ISBLANK(G109)),""Reste prévu"","""")"
Fevrier 2026;109;B;B109;;"=IF(AND(NOT(ISBLANK($G108)),ISBLANK($G109)),$C$42-$F$40-$F$42,"""")"
Fevrier 2026;109;C;C109;;"=IF(AND(NOT(ISBLANK($G108)),ISBLANK($G109)),""Reste réel"","""")"
Fevrier 2026;109;D;D109;;"=IF(AND(NOT(ISBLANK($G108)),ISBLANK($G109)),$C$42-$H$40-$F$42,"""")"
Fevrier 2026;109;G;G109;Avia Café;
Fevrier 2026;109;H;H109;2.7;
Fevrier 2026;109;I;I109;x;
Fevrier 2026;109;J;J109;2.7;"=IF(I109=""x"",H109,0)"
Fevrier 2026;109;K;K109;Courses;
Fevrier 2026;110;A;A110;;"=IF(AND(NOT(ISBLANK(G109)),ISBLANK(G110)),""Reste prévu"","""")"
Fevrier 2026;110;B;B110;;"=IF(AND(NOT(ISBLANK($G109)),ISBLANK($G110)),$C$42-$F$40-$F$42,"""")"
Fevrier 2026;110;C;C110;;"=IF(AND(NOT(ISBLANK($G109)),ISBLANK($G110)),""Reste réel"","""")"
Fevrier 2026;110;D;D110;;"=IF(AND(NOT(ISBLANK($G109)),ISBLANK($G110)),$C$42-$H$40-$F$42,"""")"
Fevrier 2026;110;G;G110;Avia Sandwich;
Fevrier 2026;110;H;H110;31.2;
Fevrier 2026;110;I;I110;x;
Fevrier 2026;110;J;J110;31.2;"=IF(I110=""x"",H110,0)"
Fevrier 2026;110;K;K110;Courses;
Fevrier 2026;111;A;A111;;"=IF(AND(NOT(ISBLANK(G110)),ISBLANK(G111)),""Reste prévu"","""")"
Fevrier 2026;111;B;B111;;"=IF(AND(NOT(ISBLANK($G110)),ISBLANK($G111)),$C$42-$F$40-$F$42,"""")"
Fevrier 2026;111;C;C111;;"=IF(AND(NOT(ISBLANK($G110)),ISBLANK($G111)),""Reste réel"","""")"
Fevrier 2026;111;D;D111;;"=IF(AND(NOT(ISBLANK($G110)),ISBLANK($G111)),$C$42-$H$40-$F$42,"""")"
Fevrier 2026;111;G;G111;Cafran Bio Trégeux;
Fevrier 2026;111;H;H111;93.15;
Fevrier 2026;111;I;I111;x;
Fevrier 2026;111;J;J111;93.15;"=IF(I111=""x"",H111,0)"
Fevrier 2026;111;K;K111;Courses;
Fevrier 2026;112;A;A112;;"=IF(AND(NOT(ISBLANK(G111)),ISBLANK(G112)),""Reste prévu"","""")"
Fevrier 2026;112;B;B112;;"=IF(AND(NOT(ISBLANK($G111)),ISBLANK($G112)),$C$42-$F$40-$F$42,"""")"
Fevrier 2026;112;C;C112;;"=IF(AND(NOT(ISBLANK($G111)),ISBLANK($G112)),""Reste réel"","""")"
Fevrier 2026;112;D;D112;;"=IF(AND(NOT(ISBLANK($G111)),ISBLANK($G112)),$C$42-$H$40-$F$42,"""")"
Fevrier 2026;112;G;G112;Cigarettes;
Fevrier 2026;112;H;H112;13;
Fevrier 2026;112;I;I112;x;
Fevrier 2026;112;J;J112;13;"=IF(I112=""x"",H112,0)"
Fevrier 2026;112;K;K112;Loisirs;
Fevrier 2026;113;A;A113;;"=IF(AND(NOT(ISBLANK(G112)),ISBLANK(G113)),""Reste prévu"","""")"
Fevrier 2026;113;B;B113;;"=IF(AND(NOT(ISBLANK($G112)),ISBLANK($G113)),$C$42-$F$40-$F$42,"""")"
Fevrier 2026;113;C;C113;;"=IF(AND(NOT(ISBLANK($G112)),ISBLANK($G113)),""Reste réel"","""")"
Fevrier 2026;113;D;D113;;"=IF(AND(NOT(ISBLANK($G112)),ISBLANK($G113)),$C$42-$H$40-$F$42,"""")"
Fevrier 2026;113;G;G113;Leclerc;
Fevrier 2026;113;H;H113;4.99;
Fevrier 2026;113;I;I113;x;
Fevrier 2026;113;J;J113;4.99;"=IF(I113=""x"",H113,0)"
Fevrier 2026;113;K;K113;Courses;
Fevrier 2026;114;A;A114;;"=IF(AND(NOT(ISBLANK(G113)),ISBLANK(G114)),""Reste prévu"","""")"
Fevrier 2026;114;B;B114;;"=IF(AND(NOT(ISBLANK($G113)),ISBLANK($G114)),$C$42-$F$40-$F$42,"""")"
Fevrier 2026;114;C;C114;;"=IF(AND(NOT(ISBLANK($G113)),ISBLANK($G114)),""Reste réel"","""")"
Fevrier 2026;114;D;D114;;"=IF(AND(NOT(ISBLANK($G113)),ISBLANK($G114)),$C$42-$H$40-$F$42,"""")"
Fevrier 2026;114;G;G114;Mr Bricolage;
Fevrier 2026;114;H;H114;34.8;
Fevrier 2026;114;I;I114;x;
Fevrier 2026;114;J;J114;34.8;"=IF(I114=""x"",H114,0)"
Fevrier 2026;114;K;K114;Bricolage/Travaux;
Fevrier 2026;115;A;A115;;"=IF(AND(NOT(ISBLANK(G114)),ISBLANK(G115)),""Reste prévu"","""")"
Fevrier 2026;115;B;B115;;"=IF(AND(NOT(ISBLANK($G114)),ISBLANK($G115)),$C$42-$F$40-$F$42,"""")"
Fevrier 2026;115;C;C115;;"=IF(AND(NOT(ISBLANK($G114)),ISBLANK($G115)),""Reste réel"","""")"
Fevrier 2026;115;D;D115;;"=IF(AND(NOT(ISBLANK($G114)),ISBLANK($G115)),$C$42-$H$40-$F$42,"""")"
Fevrier 2026;115;G;G115;Arthur Divers;
Fevrier 2026;115;H;H115;100;
Fevrier 2026;115;I;I115;x;
Fevrier 2026;115;J;J115;100;"=IF(I115=""x"",H115,0)"
Fevrier 2026;115;K;K115;Divers;
Fevrier 2026;116;A;A116;;"=IF(AND(NOT(ISBLANK(G115)),ISBLANK(G116)),""Reste prévu"","""")"
Fevrier 2026;116;B;B116;;"=IF(AND(NOT(ISBLANK($G115)),ISBLANK($G116)),$C$42-$F$40-$F$42,"""")"
Fevrier 2026;116;C;C116;;"=IF(AND(NOT(ISBLANK($G115)),ISBLANK($G116)),""Reste réel"","""")"
Fevrier 2026;116;D;D116;;"=IF(AND(NOT(ISBLANK($G115)),ISBLANK($G116)),$C$42-$H$40-$F$42,"""")"
Fevrier 2026;116;G;G116;Hotel Paris;
Fevrier 2026;116;H;H116;122.3;
Fevrier 2026;116;I;I116;x;
Fevrier 2026;116;J;J116;122.3;"=IF(I116=""x"",H116,0)"
Fevrier 2026;116;K;K116;Loisirs;
Fevrier 2026;117;A;A117;;"=IF(AND(NOT(ISBLANK(G116)),ISBLANK(G117)),""Reste prévu"","""")"
Fevrier 2026;117;B;B117;;"=IF(AND(NOT(ISBLANK($G116)),ISBLANK($G117)),$C$42-$F$40-$F$42,"""")"
Fevrier 2026;117;C;C117;;"=IF(AND(NOT(ISBLANK($G116)),ISBLANK($G117)),""Reste réel"","""")"
Fevrier 2026;117;D;D117;;"=IF(AND(NOT(ISBLANK($G116)),ISBLANK($G117)),$C$42-$H$40-$F$42,"""")"
Fevrier 2026;117;G;G117;Labenne Chaussures;
Fevrier 2026;117;H;H117;45;
Fevrier 2026;117;I;I117;x;
Fevrier 2026;117;J;J117;45;"=IF(I117=""x"",H117,0)"
Fevrier 2026;117;K;K117;Vêtements;
Fevrier 2026;118;A;A118;;"=IF(AND(NOT(ISBLANK(G117)),ISBLANK(G118)),""Reste prévu"","""")"
Fevrier 2026;118;B;B118;;"=IF(AND(NOT(ISBLANK($G117)),ISBLANK($G118)),$C$42-$F$40-$F$42,"""")"
Fevrier 2026;118;C;C118;;"=IF(AND(NOT(ISBLANK($G117)),ISBLANK($G118)),""Reste réel"","""")"
Fevrier 2026;118;D;D118;;"=IF(AND(NOT(ISBLANK($G117)),ISBLANK($G118)),$C$42-$H$40-$F$42,"""")"
Fevrier 2026;118;G;G118;Navigo;
Fevrier 2026;118;H;H118;5.1;
Fevrier 2026;118;I;I118;x;
Fevrier 2026;118;J;J118;5.1;"=IF(I118=""x"",H118,0)"
Fevrier 2026;118;K;K118;Voiture/Déplacement;
Fevrier 2026;119;A;A119;;"=IF(AND(NOT(ISBLANK(G118)),ISBLANK(G119)),""Reste prévu"","""")"
Fevrier 2026;119;B;B119;;"=IF(AND(NOT(ISBLANK($G118)),ISBLANK($G119)),$C$42-$F$40-$F$42,"""")"
Fevrier 2026;119;C;C119;;"=IF(AND(NOT(ISBLANK($G118)),ISBLANK($G119)),""Reste réel"","""")"
Fevrier 2026;119;D;D119;;"=IF(AND(NOT(ISBLANK($G118)),ISBLANK($G119)),$C$42-$H$40-$F$42,"""")"
Fevrier 2026;119;G;G119;Navigo;
Fevrier 2026;119;H;H119;10.2;
Fevrier 2026;119;I;I119;x;
Fevrier 2026;119;J;J119;10.2;"=IF(I119=""x"",H119,0)"
Fevrier 2026;119;K;K119;Voiture/Déplacement;
Fevrier 2026;120;A;A120;;"=IF(AND(NOT(ISBLANK(G119)),ISBLANK(G120)),""Reste prévu"","""")"
Fevrier 2026;120;B;B120;;"=IF(AND(NOT(ISBLANK($G119)),ISBLANK($G120)),$C$42-$F$40-$F$42,"""")"
Fevrier 2026;120;C;C120;;"=IF(AND(NOT(ISBLANK($G119)),ISBLANK($G120)),""Reste réel"","""")"
Fevrier 2026;120;D;D120;;"=IF(AND(NOT(ISBLANK($G119)),ISBLANK($G120)),$C$42-$H$40-$F$42,"""")"
Fevrier 2026;120;G;G120;Boulangerie Paris;
Fevrier 2026;120;H;H120;14.5;
Fevrier 2026;120;I;I120;x;
Fevrier 2026;120;J;J120;14.5;"=IF(I120=""x"",H120,0)"
Fevrier 2026;120;K;K120;Courses;
Fevrier 2026;121;A;A121;;"=IF(AND(NOT(ISBLANK(G120)),ISBLANK(G121)),""Reste prévu"","""")"
Fevrier 2026;121;B;B121;;"=IF(AND(NOT(ISBLANK($G120)),ISBLANK($G121)),$C$42-$F$40-$F$42,"""")"
Fevrier 2026;121;C;C121;;"=IF(AND(NOT(ISBLANK($G120)),ISBLANK($G121)),""Reste réel"","""")"
Fevrier 2026;121;D;D121;;"=IF(AND(NOT(ISBLANK($G120)),ISBLANK($G121)),$C$42-$H$40-$F$42,"""")"
Fevrier 2026;121;G;G121;Bieres Bercy;
Fevrier 2026;121;H;H121;20;
Fevrier 2026;121;I;I121;x;
Fevrier 2026;121;J;J121;20;"=IF(I121=""x"",H121,0)"
Fevrier 2026;121;K;K121;Loisirs;
Fevrier 2026;122;A;A122;;"=IF(AND(NOT(ISBLANK(G121)),ISBLANK(G122)),""Reste prévu"","""")"
Fevrier 2026;122;B;B122;;"=IF(AND(NOT(ISBLANK($G121)),ISBLANK($G122)),$C$42-$F$40-$F$42,"""")"
Fevrier 2026;122;C;C122;;"=IF(AND(NOT(ISBLANK($G121)),ISBLANK($G122)),""Reste réel"","""")"
Fevrier 2026;122;D;D122;;"=IF(AND(NOT(ISBLANK($G121)),ISBLANK($G122)),$C$42-$H$40-$F$42,"""")"
Fevrier 2026;122;G;G122;Bieres Bercy;
Fevrier 2026;122;H;H122;20;
Fevrier 2026;122;I;I122;x;
Fevrier 2026;122;J;J122;20;"=IF(I122=""x"",H122,0)"
Fevrier 2026;122;K;K122;Loisirs;
Fevrier 2026;123;A;A123;;"=IF(AND(NOT(ISBLANK(G122)),ISBLANK(G123)),""Reste prévu"","""")"
Fevrier 2026;123;B;B123;;"=IF(AND(NOT(ISBLANK($G122)),ISBLANK($G123)),$C$42-$F$40-$F$42,"""")"
Fevrier 2026;123;C;C123;;"=IF(AND(NOT(ISBLANK($G122)),ISBLANK($G123)),""Reste réel"","""")"
Fevrier 2026;123;D;D123;;"=IF(AND(NOT(ISBLANK($G122)),ISBLANK($G123)),$C$42-$H$40-$F$42,"""")"
Fevrier 2026;123;G;G123;Mercure Apero;
Fevrier 2026;123;H;H123;16.5;
Fevrier 2026;123;I;I123;x;
Fevrier 2026;123;J;J123;16.5;"=IF(I123=""x"",H123,0)"
Fevrier 2026;123;K;K123;Loisirs;
Fevrier 2026;124;A;A124;;"=IF(AND(NOT(ISBLANK(G123)),ISBLANK(G124)),""Reste prévu"","""")"
Fevrier 2026;124;B;B124;;"=IF(AND(NOT(ISBLANK($G123)),ISBLANK($G124)),$C$42-$F$40-$F$42,"""")"
Fevrier 2026;124;C;C124;;"=IF(AND(NOT(ISBLANK($G123)),ISBLANK($G124)),""Reste réel"","""")"
Fevrier 2026;124;D;D124;;"=IF(AND(NOT(ISBLANK($G123)),ISBLANK($G124)),$C$42-$H$40-$F$42,"""")"
Fevrier 2026;124;G;G124;Produits Coiffeur;
Fevrier 2026;124;H;H124;19;
Fevrier 2026;124;I;I124;x;
Fevrier 2026;124;J;J124;19;"=IF(I124=""x"",H124,0)"
Fevrier 2026;124;K;K124;Soins;
Fevrier 2026;125;A;A125;;"=IF(AND(NOT(ISBLANK(G124)),ISBLANK(G125)),""Reste prévu"","""")"
Fevrier 2026;125;B;B125;;"=IF(AND(NOT(ISBLANK($G124)),ISBLANK($G125)),$C$42-$F$40-$F$42,"""")"
Fevrier 2026;125;C;C125;;"=IF(AND(NOT(ISBLANK($G124)),ISBLANK($G125)),""Reste réel"","""")"
Fevrier 2026;125;D;D125;;"=IF(AND(NOT(ISBLANK($G124)),ISBLANK($G125)),$C$42-$H$40-$F$42,"""")"
Fevrier 2026;125;G;G125;Kiko Milano;
Fevrier 2026;125;H;H125;43.46;
Fevrier 2026;125;I;I125;x;
Fevrier 2026;125;J;J125;43.46;"=IF(I125=""x"",H125,0)"
Fevrier 2026;125;K;K125;Soins;
Fevrier 2026;126;A;A126;;"=IF(AND(NOT(ISBLANK(G125)),ISBLANK(G126)),""Reste prévu"","""")"
Fevrier 2026;126;B;B126;;"=IF(AND(NOT(ISBLANK($G125)),ISBLANK($G126)),$C$42-$F$40-$F$42,"""")"
Fevrier 2026;126;C;C126;;"=IF(AND(NOT(ISBLANK($G125)),ISBLANK($G126)),""Reste réel"","""")"
Fevrier 2026;126;D;D126;;"=IF(AND(NOT(ISBLANK($G125)),ISBLANK($G126)),$C$42-$H$40-$F$42,"""")"
Fevrier 2026;126;G;G126;Quai 16;
Fevrier 2026;126;H;H126;8.4;
Fevrier 2026;126;I;I126;x;
Fevrier 2026;126;J;J126;8.4;"=IF(I126=""x"",H126,0)"
Fevrier 2026;126;K;K126;Divers;
Fevrier 2026;127;A;A127;;"=IF(AND(NOT(ISBLANK(G126)),ISBLANK(G127)),""Reste prévu"","""")"
Fevrier 2026;127;B;B127;;"=IF(AND(NOT(ISBLANK($G126)),ISBLANK($G127)),$C$42-$F$40-$F$42,"""")"
Fevrier 2026;127;C;C127;;"=IF(AND(NOT(ISBLANK($G126)),ISBLANK($G127)),""Reste réel"","""")"
Fevrier 2026;127;D;D127;;"=IF(AND(NOT(ISBLANK($G126)),ISBLANK($G127)),$C$42-$H$40-$F$42,"""")"
Fevrier 2026;127;G;G127;Palais des Thés;
Fevrier 2026;127;H;H127;17.4;
Fevrier 2026;127;I;I127;x;
Fevrier 2026;127;J;J127;17.4;"=IF(I127=""x"",H127,0)"
Fevrier 2026;127;K;K127;Courses;
Fevrier 2026;128;A;A128;;"=IF(AND(NOT(ISBLANK(G127)),ISBLANK(G128)),""Reste prévu"","""")"
Fevrier 2026;128;B;B128;;"=IF(AND(NOT(ISBLANK($G127)),ISBLANK($G128)),$C$42-$F$40-$F$42,"""")"
Fevrier 2026;128;C;C128;;"=IF(AND(NOT(ISBLANK($G127)),ISBLANK($G128)),""Reste réel"","""")"
Fevrier 2026;128;D;D128;;"=IF(AND(NOT(ISBLANK($G127)),ISBLANK($G128)),$C$42-$H$40-$F$42,"""")"
Fevrier 2026;128;G;G128;BoPain Paris Sandwichs;
Fevrier 2026;128;H;H128;29.5;
Fevrier 2026;128;I;I128;x;
Fevrier 2026;128;J;J128;29.5;"=IF(I128=""x"",H128,0)"
Fevrier 2026;128;K;K128;Courses;
Fevrier 2026;129;A;A129;;"=IF(AND(NOT(ISBLANK(G128)),ISBLANK(G129)),""Reste prévu"","""")"
Fevrier 2026;129;B;B129;;"=IF(AND(NOT(ISBLANK($G128)),ISBLANK($G129)),$C$42-$F$40-$F$42,"""")"
Fevrier 2026;129;C;C129;;"=IF(AND(NOT(ISBLANK($G128)),ISBLANK($G129)),""Reste réel"","""")"
Fevrier 2026;129;D;D129;;"=IF(AND(NOT(ISBLANK($G128)),ISBLANK($G129)),$C$42-$H$40-$F$42,"""")"
Fevrier 2026;129;G;G129;Hachoir manuel;
Fevrier 2026;129;H;H129;42.9;
Fevrier 2026;129;I;I129;x;
Fevrier 2026;129;J;J129;42.9;"=IF(I129=""x"",H129,0)"
Fevrier 2026;129;K;K129;Divers;
Fevrier 2026;130;A;A130;;"=IF(AND(NOT(ISBLANK(G129)),ISBLANK(G130)),""Reste prévu"","""")"
Fevrier 2026;130;B;B130;;"=IF(AND(NOT(ISBLANK($G129)),ISBLANK($G130)),$C$42-$F$40-$F$42,"""")"
Fevrier 2026;130;C;C130;;"=IF(AND(NOT(ISBLANK($G129)),ISBLANK($G130)),""Reste réel"","""")"
Fevrier 2026;130;D;D130;;"=IF(AND(NOT(ISBLANK($G129)),ISBLANK($G130)),$C$42-$H$40-$F$42,"""")"
Fevrier 2026;130;G;G130;Telephone Ael;
Fevrier 2026;130;H;H130;85;
Fevrier 2026;130;I;I130;x;
Fevrier 2026;130;J;J130;85;"=IF(I130=""x"",H130,0)"
Fevrier 2026;130;K;K130;Internet/Téléphone;
Fevrier 2026;131;A;A131;;"=IF(AND(NOT(ISBLANK(G130)),ISBLANK(G131)),""Reste prévu"","""")"
Fevrier 2026;131;B;B131;;"=IF(AND(NOT(ISBLANK($G130)),ISBLANK($G131)),$C$42-$F$40-$F$42,"""")"
Fevrier 2026;131;C;C131;;"=IF(AND(NOT(ISBLANK($G130)),ISBLANK($G131)),""Reste réel"","""")"
Fevrier 2026;131;D;D131;;"=IF(AND(NOT(ISBLANK($G130)),ISBLANK($G131)),$C$42-$H$40-$F$42,"""")"
Fevrier 2026;131;G;G131;Fines Gueules;
Fevrier 2026;131;H;H131;8.5;
Fevrier 2026;131;I;I131;x;
Fevrier 2026;131;J;J131;8.5;"=IF(I131=""x"",H131,0)"
Fevrier 2026;131;K;K131;Loisirs;
Fevrier 2026;132;A;A132;;"=IF(AND(NOT(ISBLANK(G131)),ISBLANK(G132)),""Reste prévu"","""")"
Fevrier 2026;132;B;B132;;"=IF(AND(NOT(ISBLANK($G131)),ISBLANK($G132)),$C$42-$F$40-$F$42,"""")"
Fevrier 2026;132;C;C132;;"=IF(AND(NOT(ISBLANK($G131)),ISBLANK($G132)),""Reste réel"","""")"
Fevrier 2026;132;D;D132;;"=IF(AND(NOT(ISBLANK($G131)),ISBLANK($G132)),$C$42-$H$40-$F$42,"""")"
Fevrier 2026;132;G;G132;La Voile;
Fevrier 2026;132;H;H132;82;
Fevrier 2026;132;I;I132;x;
Fevrier 2026;132;J;J132;82;"=IF(I132=""x"",H132,0)"
Fevrier 2026;132;K;K132;Loisirs;
Fevrier 2026;133;A;A133;;"=IF(AND(NOT(ISBLANK(G132)),ISBLANK(G133)),""Reste prévu"","""")"
Fevrier 2026;133;B;B133;;"=IF(AND(NOT(ISBLANK($G132)),ISBLANK($G133)),$C$42-$F$40-$F$42,"""")"
Fevrier 2026;133;C;C133;;"=IF(AND(NOT(ISBLANK($G132)),ISBLANK($G133)),""Reste réel"","""")"
Fevrier 2026;133;D;D133;;"=IF(AND(NOT(ISBLANK($G132)),ISBLANK($G133)),$C$42-$H$40-$F$42,"""")"
Fevrier 2026;133;G;G133;Veterinaire;
Fevrier 2026;133;H;H133;150.5;
Fevrier 2026;133;I;I133;x;
Fevrier 2026;133;J;J133;150.5;"=IF(I133=""x"",H133,0)"
Fevrier 2026;133;K;K133;Divers;
Fevrier 2026;134;A;A134;Reste prévu;"=IF(AND(NOT(ISBLANK(G133)),ISBLANK(G134)),""Reste prévu"","""")"
Fevrier 2026;134;B;B134;#REF!;"=IF(AND(NOT(ISBLANK($G133)),ISBLANK($G134)),$C$42-$F$40-$F$42,"""")"
Fevrier 2026;134;C;C134;Reste réel;"=IF(AND(NOT(ISBLANK($G133)),ISBLANK($G134)),""Reste réel"","""")"
Fevrier 2026;134;D;D134;#REF!;"=IF(AND(NOT(ISBLANK($G133)),ISBLANK($G134)),$C$42-$H$40-$F$42,"""")"
Fevrier 2026;134;J;J134;0;"=IF(I134=""x"",H134,0)"
Fevrier 2026;134;K;K134;Cadeau;
Fevrier 2026;135;A;A135;;"=IF(AND(NOT(ISBLANK(G134)),ISBLANK(G135)),""Reste prévu"","""")"
Fevrier 2026;135;B;B135;;"=IF(AND(NOT(ISBLANK($G134)),ISBLANK($G135)),$C$42-$F$40-$F$42,"""")"
Fevrier 2026;135;C;C135;;"=IF(AND(NOT(ISBLANK($G134)),ISBLANK($G135)),""Reste réel"","""")"
Fevrier 2026;135;D;D135;;"=IF(AND(NOT(ISBLANK($G134)),ISBLANK($G135)),$C$42-$H$40-$F$42,"""")"
Fevrier 2026;135;J;J135;0;"=IF(I135=""x"",H135,0)"
Fevrier 2026;135;K;K135;Courses;
Fevrier 2026;136;A;A136;;"=IF(AND(NOT(ISBLANK(G135)),ISBLANK(G136)),""Reste prévu"","""")"
Fevrier 2026;136;B;B136;;"=IF(AND(NOT(ISBLANK($G135)),ISBLANK($G136)),$C$42-$F$40-$F$42,"""")"
Fevrier 2026;136;C;C136;;"=IF(AND(NOT(ISBLANK($G135)),ISBLANK($G136)),""Reste réel"","""")"
Fevrier 2026;136;D;D136;;"=IF(AND(NOT(ISBLANK($G135)),ISBLANK($G136)),$C$42-$H$40-$F$42,"""")"
Fevrier 2026;136;J;J136;0;"=IF(I136=""x"",H136,0)"
Fevrier 2026;136;K;K136;Voiture/Déplacement;
Fevrier 2026;137;A;A137;;"=IF(AND(NOT(ISBLANK(G136)),ISBLANK(G137)),""Reste prévu"","""")"
Fevrier 2026;137;B;B137;;"=IF(AND(NOT(ISBLANK($G136)),ISBLANK($G137)),$C$42-$F$40-$F$42,"""")"
Fevrier 2026;137;C;C137;;"=IF(AND(NOT(ISBLANK($G136)),ISBLANK($G137)),""Reste réel"","""")"
Fevrier 2026;137;D;D137;;"=IF(AND(NOT(ISBLANK($G136)),ISBLANK($G137)),$C$42-$H$40-$F$42,"""")"
Fevrier 2026;137;J;J137;0;"=IF(I137=""x"",H137,0)"
Fevrier 2026;137;K;K137;Courses;
Fevrier 2026;138;A;A138;;"=IF(AND(NOT(ISBLANK(G137)),ISBLANK(G138)),""Reste prévu"","""")"
Fevrier 2026;138;B;B138;;"=IF(AND(NOT(ISBLANK($G137)),ISBLANK($G138)),$C$42-$F$40-$F$42,"""")"
Fevrier 2026;138;C;C138;;"=IF(AND(NOT(ISBLANK($G137)),ISBLANK($G138)),""Reste réel"","""")"
Fevrier 2026;138;D;D138;;"=IF(AND(NOT(ISBLANK($G137)),ISBLANK($G138)),$C$42-$H$40-$F$42,"""")"
Fevrier 2026;138;J;J138;0;"=IF(I138=""x"",H138,0)"
Fevrier 2026;138;K;K138;Courses;
Fevrier 2026;139;A;A139;;"=IF(AND(NOT(ISBLANK(G138)),ISBLANK(G139)),""Reste prévu"","""")"
Fevrier 2026;139;B;B139;;"=IF(AND(NOT(ISBLANK($G138)),ISBLANK($G139)),$C$42-$F$40-$F$42,"""")"
Fevrier 2026;139;C;C139;;"=IF(AND(NOT(ISBLANK($G138)),ISBLANK($G139)),""Reste réel"","""")"
Fevrier 2026;139;D;D139;;"=IF(AND(NOT(ISBLANK($G138)),ISBLANK($G139)),$C$42-$H$40-$F$42,"""")"
Fevrier 2026;139;J;J139;0;"=IF(I139=""x"",H139,0)"
Fevrier 2026;139;K;K139;Divers;
Fevrier 2026;140;A;A140;;"=IF(AND(NOT(ISBLANK(G139)),ISBLANK(G140)),""Reste prévu"","""")"
Fevrier 2026;140;B;B140;;"=IF(AND(NOT(ISBLANK($G139)),ISBLANK($G140)),$C$42-$F$40-$F$42,"""")"
Fevrier 2026;140;C;C140;;"=IF(AND(NOT(ISBLANK($G139)),ISBLANK($G140)),""Reste réel"","""")"
Fevrier 2026;140;D;D140;;"=IF(AND(NOT(ISBLANK($G139)),ISBLANK($G140)),$C$42-$H$40-$F$42,"""")"
Fevrier 2026;140;J;J140;0;"=IF(I140=""x"",H140,0)"
Fevrier 2026;140;K;K140;Courses;
Fevrier 2026;141;A;A141;;"=IF(AND(NOT(ISBLANK(G140)),ISBLANK(G141)),""Reste prévu"","""")"
Fevrier 2026;141;B;B141;;"=IF(AND(NOT(ISBLANK($G140)),ISBLANK($G141)),$C$42-$F$40-$F$42,"""")"
Fevrier 2026;141;C;C141;;"=IF(AND(NOT(ISBLANK($G140)),ISBLANK($G141)),""Reste réel"","""")"
Fevrier 2026;141;D;D141;;"=IF(AND(NOT(ISBLANK($G140)),ISBLANK($G141)),$C$42-$H$40-$F$42,"""")"
Fevrier 2026;141;J;J141;0;"=IF(I141=""x"",H141,0)"
Fevrier 2026;141;K;K141;Cadeau;
Fevrier 2026;142;A;A142;;"=IF(AND(NOT(ISBLANK(G141)),ISBLANK(G142)),""Reste prévu"","""")"
Fevrier 2026;142;B;B142;;"=IF(AND(NOT(ISBLANK($G141)),ISBLANK($G142)),$C$42-$F$40-$F$42,"""")"
Fevrier 2026;142;C;C142;;"=IF(AND(NOT(ISBLANK($G141)),ISBLANK($G142)),""Reste réel"","""")"
Fevrier 2026;142;D;D142;;"=IF(AND(NOT(ISBLANK($G141)),ISBLANK($G142)),$C$42-$H$40-$F$42,"""")"
Fevrier 2026;142;J;J142;0;"=IF(I142=""x"",H142,0)"
Fevrier 2026;142;K;K142;Cadeau;
Fevrier 2026;143;A;A143;;"=IF(AND(NOT(ISBLANK(G142)),ISBLANK(G143)),""Reste prévu"","""")"
Fevrier 2026;143;B;B143;;"=IF(AND(NOT(ISBLANK($G142)),ISBLANK($G143)),$C$42-$F$40-$F$42,"""")"
Fevrier 2026;143;C;C143;;"=IF(AND(NOT(ISBLANK($G142)),ISBLANK($G143)),""Reste réel"","""")"
Fevrier 2026;143;D;D143;;"=IF(AND(NOT(ISBLANK($G142)),ISBLANK($G143)),$C$42-$H$40-$F$42,"""")"
Fevrier 2026;143;J;J143;0;"=IF(I143=""x"",H143,0)"
Fevrier 2026;143;K;K143;Cadeau;
Fevrier 2026;144;A;A144;;"=IF(AND(NOT(ISBLANK(G143)),ISBLANK(G144)),""Reste prévu"","""")"
Fevrier 2026;144;B;B144;;"=IF(AND(NOT(ISBLANK($G143)),ISBLANK($G144)),$C$42-$F$40-$F$42,"""")"
Fevrier 2026;144;C;C144;;"=IF(AND(NOT(ISBLANK($G143)),ISBLANK($G144)),""Reste réel"","""")"
Fevrier 2026;144;D;D144;;"=IF(AND(NOT(ISBLANK($G143)),ISBLANK($G144)),$C$42-$H$40-$F$42,"""")"
Fevrier 2026;144;J;J144;0;"=IF(I144=""x"",H144,0)"
Fevrier 2026;144;K;K144;Cadeau;
Fevrier 2026;145;A;A145;;"=IF(AND(NOT(ISBLANK(G144)),ISBLANK(G145)),""Reste prévu"","""")"
Fevrier 2026;145;B;B145;;"=IF(AND(NOT(ISBLANK($G144)),ISBLANK($G145)),$C$42-$F$40-$F$42,"""")"
Fevrier 2026;145;C;C145;;"=IF(AND(NOT(ISBLANK($G144)),ISBLANK($G145)),""Reste réel"","""")"
Fevrier 2026;145;D;D145;;"=IF(AND(NOT(ISBLANK($G144)),ISBLANK($G145)),$C$42-$H$40-$F$42,"""")"
Fevrier 2026;145;J;J145;0;"=IF(I145=""x"",H145,0)"
Fevrier 2026;145;K;K145;Courses;
Fevrier 2026;146;A;A146;;"=IF(AND(NOT(ISBLANK(G145)),ISBLANK(G146)),""Reste prévu"","""")"
Fevrier 2026;146;B;B146;;"=IF(AND(NOT(ISBLANK($G145)),ISBLANK($G146)),$C$42-$F$40-$F$42,"""")"
Fevrier 2026;146;C;C146;;"=IF(AND(NOT(ISBLANK($G145)),ISBLANK($G146)),""Reste réel"","""")"
Fevrier 2026;146;D;D146;;"=IF(AND(NOT(ISBLANK($G145)),ISBLANK($G146)),$C$42-$H$40-$F$42,"""")"
Fevrier 2026;146;J;J146;0;"=IF(I146=""x"",H146,0)"
Fevrier 2026;146;K;K146;Cadeau;
Fevrier 2026;147;A;A147;;"=IF(AND(NOT(ISBLANK(G146)),ISBLANK(G147)),""Reste prévu"","""")"
Fevrier 2026;147;B;B147;;"=IF(AND(NOT(ISBLANK($G146)),ISBLANK($G147)),$C$42-$F$40-$F$42,"""")"
Fevrier 2026;147;C;C147;;"=IF(AND(NOT(ISBLANK($G146)),ISBLANK($G147)),""Reste réel"","""")"
Fevrier 2026;147;D;D147;;"=IF(AND(NOT(ISBLANK($G146)),ISBLANK($G147)),$C$42-$H$40-$F$42,"""")"
Fevrier 2026;147;J;J147;0;"=IF(I147=""x"",H147,0)"
Fevrier 2026;148;A;A148;;"=IF(AND(NOT(ISBLANK(G147)),ISBLANK(G148)),""Reste prévu"","""")"
Fevrier 2026;148;B;B148;;"=IF(AND(NOT(ISBLANK($G147)),ISBLANK($G148)),$C$42-$F$40-$F$42,"""")"
Fevrier 2026;148;C;C148;;"=IF(AND(NOT(ISBLANK($G147)),ISBLANK($G148)),""Reste réel"","""")"
Fevrier 2026;148;D;D148;;"=IF(AND(NOT(ISBLANK($G147)),ISBLANK($G148)),$C$42-$H$40-$F$42,"""")"
Fevrier 2026;148;J;J148;0;"=IF(I148=""x"",H148,0)"
Fevrier 2026;149;A;A149;;"=IF(AND(NOT(ISBLANK(G148)),ISBLANK(G149)),""Reste prévu"","""")"
Fevrier 2026;149;B;B149;;"=IF(AND(NOT(ISBLANK($G148)),ISBLANK($G149)),$C$42-$F$40-$F$42,"""")"
Fevrier 2026;149;C;C149;;"=IF(AND(NOT(ISBLANK($G148)),ISBLANK($G149)),""Reste réel"","""")"
Fevrier 2026;149;D;D149;;"=IF(AND(NOT(ISBLANK($G148)),ISBLANK($G149)),$C$42-$H$40-$F$42,"""")"
Fevrier 2026;149;J;J149;0;"=IF(I149=""x"",H149,0)"
Fevrier 2026;150;A;A150;;"=IF(AND(NOT(ISBLANK(G149)),ISBLANK(G150)),""Reste prévu"","""")"
Fevrier 2026;150;B;B150;;"=IF(AND(NOT(ISBLANK($G149)),ISBLANK($G150)),$C$42-$F$40-$F$42,"""")"
Fevrier 2026;150;C;C150;;"=IF(AND(NOT(ISBLANK($G149)),ISBLANK($G150)),""Reste réel"","""")"
Fevrier 2026;150;D;D150;;"=IF(AND(NOT(ISBLANK($G149)),ISBLANK($G150)),$C$42-$H$40-$F$42,"""")"
Fevrier 2026;150;J;J150;0;"=IF(I150=""x"",H150,0)"
Fevrier 2026;151;A;A151;;"=IF(AND(NOT(ISBLANK(G150)),ISBLANK(G151)),""Reste prévu"","""")"
Fevrier 2026;151;B;B151;;"=IF(AND(NOT(ISBLANK($G150)),ISBLANK($G151)),$C$42-$F$40-$F$42,"""")"
Fevrier 2026;151;C;C151;;"=IF(AND(NOT(ISBLANK($G150)),ISBLANK($G151)),""Reste réel"","""")"
Fevrier 2026;151;D;D151;;"=IF(AND(NOT(ISBLANK($G150)),ISBLANK($G151)),$C$42-$H$40-$F$42,"""")"
Fevrier 2026;151;J;J151;0;"=IF(I151=""x"",H151,0)"
Fevrier 2026;152;A;A152;;"=IF(AND(NOT(ISBLANK(G151)),ISBLANK(G152)),""Reste prévu"","""")"
Fevrier 2026;152;B;B152;;"=IF(AND(NOT(ISBLANK($G151)),ISBLANK($G152)),$C$42-$F$40-$F$42,"""")"
Fevrier 2026;152;C;C152;;"=IF(AND(NOT(ISBLANK($G151)),ISBLANK($G152)),""Reste réel"","""")"
Fevrier 2026;152;D;D152;;"=IF(AND(NOT(ISBLANK($G151)),ISBLANK($G152)),$C$42-$H$40-$F$42,"""")"
Fevrier 2026;152;J;J152;0;"=IF(I152=""x"",H152,0)"
Fevrier 2026;153;A;A153;;"=IF(AND(NOT(ISBLANK(G152)),ISBLANK(G153)),""Reste prévu"","""")"
Fevrier 2026;153;B;B153;;"=IF(AND(NOT(ISBLANK($G152)),ISBLANK($G153)),$C$42-$F$40-$F$42,"""")"
Fevrier 2026;153;C;C153;;"=IF(AND(NOT(ISBLANK($G152)),ISBLANK($G153)),""Reste réel"","""")"
Fevrier 2026;153;D;D153;;"=IF(AND(NOT(ISBLANK($G152)),ISBLANK($G153)),$C$42-$H$40-$F$42,"""")"
Fevrier 2026;153;J;J153;0;"=IF(I153=""x"",H153,0)"
Fevrier 2026;154;A;A154;;"=IF(AND(NOT(ISBLANK(G153)),ISBLANK(G154)),""Reste prévu"","""")"
Fevrier 2026;154;B;B154;;"=IF(AND(NOT(ISBLANK($G153)),ISBLANK($G154)),$C$42-$F$40-$F$42,"""")"
Fevrier 2026;154;C;C154;;"=IF(AND(NOT(ISBLANK($G153)),ISBLANK($G154)),""Reste réel"","""")"
Fevrier 2026;154;D;D154;;"=IF(AND(NOT(ISBLANK($G153)),ISBLANK($G154)),$C$42-$H$40-$F$42,"""")"
Fevrier 2026;154;J;J154;0;"=IF(I154=""x"",H154,0)"
Fevrier 2026;155;A;A155;;"=IF(AND(NOT(ISBLANK(G154)),ISBLANK(G155)),""Reste prévu"","""")"
Fevrier 2026;155;B;B155;;"=IF(AND(NOT(ISBLANK($G154)),ISBLANK($G155)),$C$42-$F$40-$F$42,"""")"
Fevrier 2026;155;C;C155;;"=IF(AND(NOT(ISBLANK($G154)),ISBLANK($G155)),""Reste réel"","""")"
Fevrier 2026;155;D;D155;;"=IF(AND(NOT(ISBLANK($G154)),ISBLANK($G155)),$C$42-$H$40-$F$42,"""")"
Fevrier 2026;155;J;J155;0;"=IF(I155=""x"",H155,0)"
Fevrier 2026;156;A;A156;;"=IF(AND(NOT(ISBLANK(G155)),ISBLANK(G156)),""Reste prévu"","""")"
Fevrier 2026;156;B;B156;;"=IF(AND(NOT(ISBLANK($G155)),ISBLANK($G156)),$C$42-$F$40-$F$42,"""")"
Fevrier 2026;156;C;C156;;"=IF(AND(NOT(ISBLANK($G155)),ISBLANK($G156)),""Reste réel"","""")"
Fevrier 2026;156;D;D156;;"=IF(AND(NOT(ISBLANK($G155)),ISBLANK($G156)),$C$42-$H$40-$F$42,"""")"
Fevrier 2026;156;J;J156;0;"=IF(I156=""x"",H156,0)"
Fevrier 2026;157;A;A157;;"=IF(AND(NOT(ISBLANK(G156)),ISBLANK(G157)),""Reste prévu"","""")"
Fevrier 2026;157;B;B157;;"=IF(AND(NOT(ISBLANK($G156)),ISBLANK($G157)),$C$42-$F$40-$F$42,"""")"
Fevrier 2026;157;C;C157;;"=IF(AND(NOT(ISBLANK($G156)),ISBLANK($G157)),""Reste réel"","""")"
Fevrier 2026;157;D;D157;;"=IF(AND(NOT(ISBLANK($G156)),ISBLANK($G157)),$C$42-$H$40-$F$42,"""")"
Fevrier 2026;157;J;J157;0;"=IF(I157=""x"",H157,0)"
Fevrier 2026;158;A;A158;;"=IF(AND(NOT(ISBLANK(G157)),ISBLANK(G158)),""Reste prévu"","""")"
Fevrier 2026;158;B;B158;;"=IF(AND(NOT(ISBLANK($G157)),ISBLANK($G158)),$C$42-$F$40-$F$42,"""")"
Fevrier 2026;158;C;C158;;"=IF(AND(NOT(ISBLANK($G157)),ISBLANK($G158)),""Reste réel"","""")"
Fevrier 2026;158;D;D158;;"=IF(AND(NOT(ISBLANK($G157)),ISBLANK($G158)),$C$42-$H$40-$F$42,"""")"
Fevrier 2026;158;J;J158;0;"=IF(I158=""x"",H158,0)"
Fevrier 2026;159;A;A159;;"=IF(AND(NOT(ISBLANK(G158)),ISBLANK(G159)),""Reste prévu"","""")"
Fevrier 2026;159;B;B159;;"=IF(AND(NOT(ISBLANK($G158)),ISBLANK($G159)),$C$42-$F$40-$F$42,"""")"
Fevrier 2026;159;C;C159;;"=IF(AND(NOT(ISBLANK($G158)),ISBLANK($G159)),""Reste réel"","""")"
Fevrier 2026;159;D;D159;;"=IF(AND(NOT(ISBLANK($G158)),ISBLANK($G159)),$C$42-$H$40-$F$42,"""")"
Fevrier 2026;159;J;J159;0;"=IF(I159=""x"",H159,0)"
Fevrier 2026;160;A;A160;;"=IF(AND(NOT(ISBLANK(G159)),ISBLANK(G160)),""Reste prévu"","""")"
Fevrier 2026;160;B;B160;;"=IF(AND(NOT(ISBLANK($G159)),ISBLANK($G160)),$C$42-$F$40-$F$42,"""")"
Fevrier 2026;160;C;C160;;"=IF(AND(NOT(ISBLANK($G159)),ISBLANK($G160)),""Reste réel"","""")"
Fevrier 2026;160;D;D160;;"=IF(AND(NOT(ISBLANK($G159)),ISBLANK($G160)),$C$42-$H$40-$F$42,"""")"
Fevrier 2026;160;J;J160;0;"=IF(I160=""x"",H160,0)"
Fevrier 2026;161;A;A161;;"=IF(AND(NOT(ISBLANK(G160)),ISBLANK(G161)),""Reste prévu"","""")"
Fevrier 2026;161;B;B161;;"=IF(AND(NOT(ISBLANK($G160)),ISBLANK($G161)),$C$42-$F$40-$F$42,"""")"
Fevrier 2026;161;C;C161;;"=IF(AND(NOT(ISBLANK($G160)),ISBLANK($G161)),""Reste réel"","""")"
Fevrier 2026;161;D;D161;;"=IF(AND(NOT(ISBLANK($G160)),ISBLANK($G161)),$C$42-$H$40-$F$42,"""")"
Fevrier 2026;161;J;J161;0;"=IF(I161=""x"",H161,0)"
Fevrier 2026;162;A;A162;;"=IF(AND(NOT(ISBLANK(G161)),ISBLANK(G162)),""Reste prévu"","""")"
Fevrier 2026;162;B;B162;;"=IF(AND(NOT(ISBLANK($G161)),ISBLANK($G162)),$C$42-$F$40-$F$42,"""")"
Fevrier 2026;162;C;C162;;"=IF(AND(NOT(ISBLANK($G161)),ISBLANK($G162)),""Reste réel"","""")"
Fevrier 2026;162;D;D162;;"=IF(AND(NOT(ISBLANK($G161)),ISBLANK($G162)),$C$42-$H$40-$F$42,"""")"
Fevrier 2026;162;J;J162;0;"=IF(I162=""x"",H162,0)"
Fevrier 2026;163;A;A163;;"=IF(AND(NOT(ISBLANK(G162)),ISBLANK(G163)),""Reste prévu"","""")"
Fevrier 2026;163;B;B163;;"=IF(AND(NOT(ISBLANK($G162)),ISBLANK($G163)),$C$42-$F$40-$F$42,"""")"
Fevrier 2026;163;C;C163;;"=IF(AND(NOT(ISBLANK($G162)),ISBLANK($G163)),""Reste réel"","""")"
Fevrier 2026;163;D;D163;;"=IF(AND(NOT(ISBLANK($G162)),ISBLANK($G163)),$C$42-$H$40-$F$42,"""")"
Fevrier 2026;163;J;J163;0;"=IF(I163=""x"",H163,0)"
Fevrier 2026;164;A;A164;;"=IF(AND(NOT(ISBLANK(G163)),ISBLANK(G164)),""Reste prévu"","""")"
Fevrier 2026;164;B;B164;;"=IF(AND(NOT(ISBLANK($G163)),ISBLANK($G164)),$C$42-$F$40-$F$42,"""")"
Fevrier 2026;164;C;C164;;"=IF(AND(NOT(ISBLANK($G163)),ISBLANK($G164)),""Reste réel"","""")"
Fevrier 2026;164;D;D164;;"=IF(AND(NOT(ISBLANK($G163)),ISBLANK($G164)),$C$42-$H$40-$F$42,"""")"
Fevrier 2026;164;J;J164;0;"=IF(I164=""x"",H164,0)"
Fevrier 2026;165;A;A165;;"=IF(AND(NOT(ISBLANK(G164)),ISBLANK(G165)),""Reste prévu"","""")"
Fevrier 2026;165;B;B165;;"=IF(AND(NOT(ISBLANK($G164)),ISBLANK($G165)),$C$42-$F$40-$F$42,"""")"
Fevrier 2026;165;C;C165;;"=IF(AND(NOT(ISBLANK($G164)),ISBLANK($G165)),""Reste réel"","""")"
Fevrier 2026;165;D;D165;;"=IF(AND(NOT(ISBLANK($G164)),ISBLANK($G165)),$C$42-$H$40-$F$42,"""")"
Fevrier 2026;165;J;J165;0;"=IF(I165=""x"",H165,0)"
Fevrier 2026;166;A;A166;;"=IF(AND(NOT(ISBLANK(G165)),ISBLANK(G166)),""Reste prévu"","""")"
Fevrier 2026;166;B;B166;;"=IF(AND(NOT(ISBLANK($G165)),ISBLANK($G166)),$C$42-$F$40-$F$42,"""")"
Fevrier 2026;166;C;C166;;"=IF(AND(NOT(ISBLANK($G165)),ISBLANK($G166)),""Reste réel"","""")"
Fevrier 2026;166;D;D166;;"=IF(AND(NOT(ISBLANK($G165)),ISBLANK($G166)),$C$42-$H$40-$F$42,"""")"
Fevrier 2026;166;J;J166;0;"=IF(I166=""x"",H166,0)"
Fevrier 2026;167;A;A167;;"=IF(AND(NOT(ISBLANK(G166)),ISBLANK(G167)),""Reste prévu"","""")"
Fevrier 2026;167;B;B167;;"=IF(AND(NOT(ISBLANK($G166)),ISBLANK($G167)),$C$42-$F$40-$F$42,"""")"
Fevrier 2026;167;C;C167;;"=IF(AND(NOT(ISBLANK($G166)),ISBLANK($G167)),""Reste réel"","""")"
Fevrier 2026;167;D;D167;;"=IF(AND(NOT(ISBLANK($G166)),ISBLANK($G167)),$C$42-$H$40-$F$42,"""")"
Fevrier 2026;167;J;J167;0;"=IF(I167=""x"",H167,0)"
Fevrier 2026;168;A;A168;;"=IF(AND(NOT(ISBLANK(G167)),ISBLANK(G168)),""Reste prévu"","""")"
Fevrier 2026;168;B;B168;;"=IF(AND(NOT(ISBLANK($G167)),ISBLANK($G168)),$C$42-$F$40-$F$42,"""")"
Fevrier 2026;168;C;C168;;"=IF(AND(NOT(ISBLANK($G167)),ISBLANK($G168)),""Reste réel"","""")"
Fevrier 2026;168;D;D168;;"=IF(AND(NOT(ISBLANK($G167)),ISBLANK($G168)),$C$42-$H$40-$F$42,"""")"
Fevrier 2026;168;J;J168;0;"=IF(I168=""x"",H168,0)"
Fevrier 2026;169;A;A169;;"=IF(AND(NOT(ISBLANK(G168)),ISBLANK(G169)),""Reste prévu"","""")"
Fevrier 2026;169;B;B169;;"=IF(AND(NOT(ISBLANK($G168)),ISBLANK($G169)),$C$42-$F$40-$F$42,"""")"
Fevrier 2026;169;C;C169;;"=IF(AND(NOT(ISBLANK($G168)),ISBLANK($G169)),""Reste réel"","""")"
Fevrier 2026;169;D;D169;;"=IF(AND(NOT(ISBLANK($G168)),ISBLANK($G169)),$C$42-$H$40-$F$42,"""")"
Fevrier 2026;169;J;J169;0;"=IF(I169=""x"",H169,0)"
Fevrier 2026;170;A;A170;;"=IF(AND(NOT(ISBLANK(G169)),ISBLANK(G170)),""Reste prévu"","""")"
Fevrier 2026;170;B;B170;;"=IF(AND(NOT(ISBLANK($G169)),ISBLANK($G170)),$C$42-$F$40-$F$42,"""")"
Fevrier 2026;170;C;C170;;"=IF(AND(NOT(ISBLANK($G169)),ISBLANK($G170)),""Reste réel"","""")"
Fevrier 2026;170;D;D170;;"=IF(AND(NOT(ISBLANK($G169)),ISBLANK($G170)),$C$42-$H$40-$F$42,"""")"
Fevrier 2026;170;J;J170;0;"=IF(I170=""x"",H170,0)"
Fevrier 2026;171;A;A171;;"=IF(AND(NOT(ISBLANK(G170)),ISBLANK(G171)),""Reste prévu"","""")"
Fevrier 2026;171;B;B171;;"=IF(AND(NOT(ISBLANK($G170)),ISBLANK($G171)),$C$42-$F$40-$F$42,"""")"
Fevrier 2026;171;C;C171;;"=IF(AND(NOT(ISBLANK($G170)),ISBLANK($G171)),""Reste réel"","""")"
Fevrier 2026;171;D;D171;;"=IF(AND(NOT(ISBLANK($G170)),ISBLANK($G171)),$C$42-$H$40-$F$42,"""")"
Fevrier 2026;171;J;J171;0;"=IF(I171=""x"",H171,0)"
Fevrier 2026;172;A;A172;;"=IF(AND(NOT(ISBLANK(G171)),ISBLANK(G172)),""Reste prévu"","""")"
Fevrier 2026;172;B;B172;;"=IF(AND(NOT(ISBLANK($G171)),ISBLANK($G172)),$C$42-$F$40-$F$42,"""")"
Fevrier 2026;172;C;C172;;"=IF(AND(NOT(ISBLANK($G171)),ISBLANK($G172)),""Reste réel"","""")"
Fevrier 2026;172;D;D172;;"=IF(AND(NOT(ISBLANK($G171)),ISBLANK($G172)),$C$42-$H$40-$F$42,"""")"
Fevrier 2026;172;J;J172;0;"=IF(I172=""x"",H172,0)"
Fevrier 2026;173;A;A173;;"=IF(AND(NOT(ISBLANK(G172)),ISBLANK(G173)),""Reste prévu"","""")"
Fevrier 2026;173;B;B173;;"=IF(AND(NOT(ISBLANK($G172)),ISBLANK($G173)),$C$42-$F$40-$F$42,"""")"
Fevrier 2026;173;C;C173;;"=IF(AND(NOT(ISBLANK($G172)),ISBLANK($G173)),""Reste réel"","""")"
Fevrier 2026;173;D;D173;;"=IF(AND(NOT(ISBLANK($G172)),ISBLANK($G173)),$C$42-$H$40-$F$42,"""")"
Fevrier 2026;173;J;J173;0;"=IF(I173=""x"",H173,0)"
Fevrier 2026;174;A;A174;;"=IF(AND(NOT(ISBLANK(G173)),ISBLANK(G174)),""Reste prévu"","""")"
Fevrier 2026;174;B;B174;;"=IF(AND(NOT(ISBLANK($G173)),ISBLANK($G174)),$C$42-$F$40-$F$42,"""")"
Fevrier 2026;174;C;C174;;"=IF(AND(NOT(ISBLANK($G173)),ISBLANK($G174)),""Reste réel"","""")"
Fevrier 2026;174;D;D174;;"=IF(AND(NOT(ISBLANK($G173)),ISBLANK($G174)),$C$42-$H$40-$F$42,"""")"
Fevrier 2026;174;J;J174;0;"=IF(I174=""x"",H174,0)"
Fevrier 2026;175;A;A175;;"=IF(AND(NOT(ISBLANK(G174)),ISBLANK(G175)),""Reste prévu"","""")"
Fevrier 2026;175;B;B175;;"=IF(AND(NOT(ISBLANK($G174)),ISBLANK($G175)),$C$42-$F$40-$F$42,"""")"
Fevrier 2026;175;C;C175;;"=IF(AND(NOT(ISBLANK($G174)),ISBLANK($G175)),""Reste réel"","""")"
Fevrier 2026;175;D;D175;;"=IF(AND(NOT(ISBLANK($G174)),ISBLANK($G175)),$C$42-$H$40-$F$42,"""")"
Fevrier 2026;175;J;J175;0;"=IF(I175=""x"",H175,0)"
Fevrier 2026;176;A;A176;;"=IF(AND(NOT(ISBLANK(G175)),ISBLANK(G176)),""Reste prévu"","""")"
Fevrier 2026;176;B;B176;;"=IF(AND(NOT(ISBLANK($G175)),ISBLANK($G176)),$C$42-$F$40-$F$42,"""")"
Fevrier 2026;176;C;C176;;"=IF(AND(NOT(ISBLANK($G175)),ISBLANK($G176)),""Reste réel"","""")"
Fevrier 2026;176;D;D176;;"=IF(AND(NOT(ISBLANK($G175)),ISBLANK($G176)),$C$42-$H$40-$F$42,"""")"
Fevrier 2026;176;J;J176;0;"=IF(I176=""x"",H176,0)"
Fevrier 2026;177;A;A177;;"=IF(AND(NOT(ISBLANK(G176)),ISBLANK(G177)),""Reste prévu"","""")"
Fevrier 2026;177;B;B177;;"=IF(AND(NOT(ISBLANK($G176)),ISBLANK($G177)),$C$42-$F$40-$F$42,"""")"
Fevrier 2026;177;C;C177;;"=IF(AND(NOT(ISBLANK($G176)),ISBLANK($G177)),""Reste réel"","""")"
Fevrier 2026;177;D;D177;;"=IF(AND(NOT(ISBLANK($G176)),ISBLANK($G177)),$C$42-$H$40-$F$42,"""")"
Fevrier 2026;177;J;J177;0;"=IF(I177=""x"",H177,0)"
Fevrier 2026;178;A;A178;;"=IF(AND(NOT(ISBLANK(G177)),ISBLANK(G178)),""Reste prévu"","""")"
Fevrier 2026;178;B;B178;;"=IF(AND(NOT(ISBLANK($G177)),ISBLANK($G178)),$C$42-$F$40-$F$42,"""")"
Fevrier 2026;178;C;C178;;"=IF(AND(NOT(ISBLANK($G177)),ISBLANK($G178)),""Reste réel"","""")"
Fevrier 2026;178;D;D178;;"=IF(AND(NOT(ISBLANK($G177)),ISBLANK($G178)),$C$42-$H$40-$F$42,"""")"
Fevrier 2026;178;J;J178;0;"=IF(I178=""x"",H178,0)"
Fevrier 2026;179;A;A179;;"=IF(AND(NOT(ISBLANK(G178)),ISBLANK(G179)),""Reste prévu"","""")"
Fevrier 2026;179;B;B179;;"=IF(AND(NOT(ISBLANK($G178)),ISBLANK($G179)),$C$42-$F$40-$F$42,"""")"
Fevrier 2026;179;C;C179;;"=IF(AND(NOT(ISBLANK($G178)),ISBLANK($G179)),""Reste réel"","""")"
Fevrier 2026;179;D;D179;;"=IF(AND(NOT(ISBLANK($G178)),ISBLANK($G179)),$C$42-$H$40-$F$42,"""")"
Fevrier 2026;179;J;J179;0;"=IF(I179=""x"",H179,0)"
Fevrier 2026;180;A;A180;;"=IF(AND(NOT(ISBLANK(G179)),ISBLANK(G180)),""Reste prévu"","""")"
Fevrier 2026;180;B;B180;;"=IF(AND(NOT(ISBLANK($G179)),ISBLANK($G180)),$C$42-$F$40-$F$42,"""")"
Fevrier 2026;180;C;C180;;"=IF(AND(NOT(ISBLANK($G179)),ISBLANK($G180)),""Reste réel"","""")"
Fevrier 2026;180;D;D180;;"=IF(AND(NOT(ISBLANK($G179)),ISBLANK($G180)),$C$42-$H$40-$F$42,"""")"
Fevrier 2026;180;J;J180;0;"=IF(I180=""x"",H180,0)"
Fevrier 2026;181;A;A181;;"=IF(AND(NOT(ISBLANK(G180)),ISBLANK(G181)),""Reste prévu"","""")"
Fevrier 2026;181;B;B181;;"=IF(AND(NOT(ISBLANK($G180)),ISBLANK($G181)),$C$42-$F$40-$F$42,"""")"
Fevrier 2026;181;C;C181;;"=IF(AND(NOT(ISBLANK($G180)),ISBLANK($G181)),""Reste réel"","""")"
Fevrier 2026;181;D;D181;;"=IF(AND(NOT(ISBLANK($G180)),ISBLANK($G181)),$C$42-$H$40-$F$42,"""")"
Fevrier 2026;181;J;J181;0;"=IF(I181=""x"",H181,0)"
Fevrier 2026;182;A;A182;;"=IF(AND(NOT(ISBLANK(G181)),ISBLANK(G182)),""Reste prévu"","""")"
Fevrier 2026;182;B;B182;;"=IF(AND(NOT(ISBLANK($G181)),ISBLANK($G182)),$C$42-$F$40-$F$42,"""")"
Fevrier 2026;182;C;C182;;"=IF(AND(NOT(ISBLANK($G181)),ISBLANK($G182)),""Reste réel"","""")"
Fevrier 2026;182;D;D182;;"=IF(AND(NOT(ISBLANK($G181)),ISBLANK($G182)),$C$42-$H$40-$F$42,"""")"
Fevrier 2026;182;J;J182;0;"=IF(I182=""x"",H182,0)"
Fevrier 2026;183;A;A183;;"=IF(AND(NOT(ISBLANK(G182)),ISBLANK(G183)),""Reste prévu"","""")"
Fevrier 2026;183;B;B183;;"=IF(AND(NOT(ISBLANK($G182)),ISBLANK($G183)),$C$42-$F$40-$F$42,"""")"
Fevrier 2026;183;C;C183;;"=IF(AND(NOT(ISBLANK($G182)),ISBLANK($G183)),""Reste réel"","""")"
Fevrier 2026;183;D;D183;;"=IF(AND(NOT(ISBLANK($G182)),ISBLANK($G183)),$C$42-$H$40-$F$42,"""")"
Fevrier 2026;183;J;J183;0;"=IF(I183=""x"",H183,0)"
Fevrier 2026;184;A;A184;;"=IF(AND(NOT(ISBLANK(G183)),ISBLANK(G184)),""Reste prévu"","""")"
Fevrier 2026;184;B;B184;;"=IF(AND(NOT(ISBLANK($G183)),ISBLANK($G184)),$C$42-$F$40-$F$42,"""")"
Fevrier 2026;184;C;C184;;"=IF(AND(NOT(ISBLANK($G183)),ISBLANK($G184)),""Reste réel"","""")"
Fevrier 2026;184;D;D184;;"=IF(AND(NOT(ISBLANK($G183)),ISBLANK($G184)),$C$42-$H$40-$F$42,"""")"
Fevrier 2026;184;J;J184;0;"=IF(I184=""x"",H184,0)"
Fevrier 2026;185;A;A185;;"=IF(AND(NOT(ISBLANK(G184)),ISBLANK(G185)),""Reste prévu"","""")"
Fevrier 2026;185;B;B185;;"=IF(AND(NOT(ISBLANK($G184)),ISBLANK($G185)),$C$42-$F$40-$F$42,"""")"
Fevrier 2026;185;C;C185;;"=IF(AND(NOT(ISBLANK($G184)),ISBLANK($G185)),""Reste réel"","""")"
Fevrier 2026;185;D;D185;;"=IF(AND(NOT(ISBLANK($G184)),ISBLANK($G185)),$C$42-$H$40-$F$42,"""")"
Fevrier 2026;185;J;J185;0;"=IF(I185=""x"",H185,0)"
Fevrier 2026;186;A;A186;;"=IF(AND(NOT(ISBLANK(G185)),ISBLANK(G186)),""Reste prévu"","""")"
Fevrier 2026;186;B;B186;;"=IF(AND(NOT(ISBLANK($G185)),ISBLANK($G186)),$C$42-$F$40-$F$42,"""")"
Fevrier 2026;186;C;C186;;"=IF(AND(NOT(ISBLANK($G185)),ISBLANK($G186)),""Reste réel"","""")"
Fevrier 2026;186;D;D186;;"=IF(AND(NOT(ISBLANK($G185)),ISBLANK($G186)),$C$42-$H$40-$F$42,"""")"
Fevrier 2026;186;J;J186;0;"=IF(I186=""x"",H186,0)"
Fevrier 2026;187;A;A187;;"=IF(AND(NOT(ISBLANK(G186)),ISBLANK(G187)),""Reste prévu"","""")"
Fevrier 2026;187;B;B187;;"=IF(AND(NOT(ISBLANK($G186)),ISBLANK($G187)),$C$42-$F$40-$F$42,"""")"
Fevrier 2026;187;C;C187;;"=IF(AND(NOT(ISBLANK($G186)),ISBLANK($G187)),""Reste réel"","""")"
Fevrier 2026;187;D;D187;;"=IF(AND(NOT(ISBLANK($G186)),ISBLANK($G187)),$C$42-$H$40-$F$42,"""")"
Fevrier 2026;187;J;J187;0;"=IF(I187=""x"",H187,0)"
Fevrier 2026;188;A;A188;;"=IF(AND(NOT(ISBLANK(G187)),ISBLANK(G188)),""Reste prévu"","""")"
Fevrier 2026;188;B;B188;;"=IF(AND(NOT(ISBLANK($G187)),ISBLANK($G188)),$C$42-$F$40-$F$42,"""")"
Fevrier 2026;188;C;C188;;"=IF(AND(NOT(ISBLANK($G187)),ISBLANK($G188)),""Reste réel"","""")"
Fevrier 2026;188;D;D188;;"=IF(AND(NOT(ISBLANK($G187)),ISBLANK($G188)),$C$42-$H$40-$F$42,"""")"
Fevrier 2026;188;J;J188;0;"=IF(I188=""x"",H188,0)"
Fevrier 2026;189;A;A189;;"=IF(AND(NOT(ISBLANK(G188)),ISBLANK(G189)),""Reste prévu"","""")"
Fevrier 2026;189;B;B189;;"=IF(AND(NOT(ISBLANK($G188)),ISBLANK($G189)),$C$42-$F$40-$F$42,"""")"
Fevrier 2026;189;C;C189;;"=IF(AND(NOT(ISBLANK($G188)),ISBLANK($G189)),""Reste réel"","""")"
Fevrier 2026;189;D;D189;;"=IF(AND(NOT(ISBLANK($G188)),ISBLANK($G189)),$C$42-$H$40-$F$42,"""")"
Fevrier 2026;189;J;J189;0;"=IF(I189=""x"",H189,0)"
Fevrier 2026;190;A;A190;;"=IF(AND(NOT(ISBLANK(G189)),ISBLANK(G190)),""Reste prévu"","""")"
Fevrier 2026;190;B;B190;;"=IF(AND(NOT(ISBLANK($G189)),ISBLANK($G190)),$C$42-$F$40-$F$42,"""")"
Fevrier 2026;190;C;C190;;"=IF(AND(NOT(ISBLANK($G189)),ISBLANK($G190)),""Reste réel"","""")"
Fevrier 2026;190;D;D190;;"=IF(AND(NOT(ISBLANK($G189)),ISBLANK($G190)),$C$42-$H$40-$F$42,"""")"
Fevrier 2026;190;J;J190;0;"=IF(I190=""x"",H190,0)"
Fevrier 2026;191;A;A191;;"=IF(AND(NOT(ISBLANK(G190)),ISBLANK(G191)),""Reste prévu"","""")"
Fevrier 2026;191;B;B191;;"=IF(AND(NOT(ISBLANK($G190)),ISBLANK($G191)),$C$42-$F$40-$F$42,"""")"
Fevrier 2026;191;C;C191;;"=IF(AND(NOT(ISBLANK($G190)),ISBLANK($G191)),""Reste réel"","""")"
Fevrier 2026;191;D;D191;;"=IF(AND(NOT(ISBLANK($G190)),ISBLANK($G191)),$C$42-$H$40-$F$42,"""")"
Fevrier 2026;191;J;J191;0;"=IF(I191=""x"",H191,0)"
Fevrier 2026;192;A;A192;;"=IF(AND(NOT(ISBLANK(G191)),ISBLANK(G192)),""Reste prévu"","""")"
Fevrier 2026;192;B;B192;;"=IF(AND(NOT(ISBLANK($G191)),ISBLANK($G192)),$C$42-$F$40-$F$42,"""")"
Fevrier 2026;192;C;C192;;"=IF(AND(NOT(ISBLANK($G191)),ISBLANK($G192)),""Reste réel"","""")"
Fevrier 2026;192;D;D192;;"=IF(AND(NOT(ISBLANK($G191)),ISBLANK($G192)),$C$42-$H$40-$F$42,"""")"
Fevrier 2026;192;J;J192;0;"=IF(I192=""x"",H192,0)"
Fevrier 2026;193;A;A193;;"=IF(AND(NOT(ISBLANK(G192)),ISBLANK(G193)),""Reste prévu"","""")"
Fevrier 2026;193;B;B193;;"=IF(AND(NOT(ISBLANK($G192)),ISBLANK($G193)),$C$42-$F$40-$F$42,"""")"
Fevrier 2026;193;C;C193;;"=IF(AND(NOT(ISBLANK($G192)),ISBLANK($G193)),""Reste réel"","""")"
Fevrier 2026;193;D;D193;;"=IF(AND(NOT(ISBLANK($G192)),ISBLANK($G193)),$C$42-$H$40-$F$42,"""")"
Fevrier 2026;193;J;J193;0;"=IF(I193=""x"",H193,0)"
Fevrier 2026;194;A;A194;;"=IF(AND(NOT(ISBLANK(G193)),ISBLANK(G194)),""Reste prévu"","""")"
Fevrier 2026;194;B;B194;;"=IF(AND(NOT(ISBLANK($G193)),ISBLANK($G194)),$C$42-$F$40-$F$42,"""")"
Fevrier 2026;194;C;C194;;"=IF(AND(NOT(ISBLANK($G193)),ISBLANK($G194)),""Reste réel"","""")"
Fevrier 2026;194;D;D194;;"=IF(AND(NOT(ISBLANK($G193)),ISBLANK($G194)),$C$42-$H$40-$F$42,"""")"
Fevrier 2026;194;J;J194;0;"=IF(I194=""x"",H194,0)"
Fevrier 2026;195;A;A195;;"=IF(AND(NOT(ISBLANK(G194)),ISBLANK(G195)),""Reste prévu"","""")"
Fevrier 2026;195;B;B195;;"=IF(AND(NOT(ISBLANK($G194)),ISBLANK($G195)),$C$42-$F$40-$F$42,"""")"
Fevrier 2026;195;C;C195;;"=IF(AND(NOT(ISBLANK($G194)),ISBLANK($G195)),""Reste réel"","""")"
Fevrier 2026;195;D;D195;;"=IF(AND(NOT(ISBLANK($G194)),ISBLANK($G195)),$C$42-$H$40-$F$42,"""")"
Fevrier 2026;195;J;J195;0;"=IF(I195=""x"",H195,0)"
Fevrier 2026;196;A;A196;;"=IF(AND(NOT(ISBLANK(G195)),ISBLANK(G196)),""Reste prévu"","""")"
Fevrier 2026;196;B;B196;;"=IF(AND(NOT(ISBLANK($G195)),ISBLANK($G196)),$C$42-$F$40-$F$42,"""")"
Fevrier 2026;196;C;C196;;"=IF(AND(NOT(ISBLANK($G195)),ISBLANK($G196)),""Reste réel"","""")"
Fevrier 2026;196;D;D196;;"=IF(AND(NOT(ISBLANK($G195)),ISBLANK($G196)),$C$42-$H$40-$F$42,"""")"
Fevrier 2026;196;J;J196;0;"=IF(I196=""x"",H196,0)"
Fevrier 2026;197;A;A197;;"=IF(AND(NOT(ISBLANK(G196)),ISBLANK(G197)),""Reste prévu"","""")"
Fevrier 2026;197;B;B197;;"=IF(AND(NOT(ISBLANK($G196)),ISBLANK($G197)),$C$42-$F$40-$F$42,"""")"
Fevrier 2026;197;C;C197;;"=IF(AND(NOT(ISBLANK($G196)),ISBLANK($G197)),""Reste réel"","""")"
Fevrier 2026;197;D;D197;;"=IF(AND(NOT(ISBLANK($G196)),ISBLANK($G197)),$C$42-$H$40-$F$42,"""")"
Fevrier 2026;197;J;J197;0;"=IF(I197=""x"",H197,0)"
Fevrier 2026;198;A;A198;;"=IF(AND(NOT(ISBLANK(G197)),ISBLANK(G198)),""Reste prévu"","""")"
Fevrier 2026;198;B;B198;;"=IF(AND(NOT(ISBLANK($G197)),ISBLANK($G198)),$C$42-$F$40-$F$42,"""")"
Fevrier 2026;198;C;C198;;"=IF(AND(NOT(ISBLANK($G197)),ISBLANK($G198)),""Reste réel"","""")"
Fevrier 2026;198;D;D198;;"=IF(AND(NOT(ISBLANK($G197)),ISBLANK($G198)),$C$42-$H$40-$F$42,"""")"
Fevrier 2026;198;J;J198;0;"=IF(I198=""x"",H198,0)"
Fevrier 2026;199;A;A199;;"=IF(AND(NOT(ISBLANK(G198)),ISBLANK(G199)),""Reste prévu"","""")"
Fevrier 2026;199;B;B199;;"=IF(AND(NOT(ISBLANK($G198)),ISBLANK($G199)),$C$42-$F$40-$F$42,"""")"
Fevrier 2026;199;C;C199;;"=IF(AND(NOT(ISBLANK($G198)),ISBLANK($G199)),""Reste réel"","""")"
Fevrier 2026;199;D;D199;;"=IF(AND(NOT(ISBLANK($G198)),ISBLANK($G199)),$C$42-$H$40-$F$42,"""")"
Fevrier 2026;199;J;J199;0;"=IF(I199=""x"",H199,0)"
Fevrier 2026;200;A;A200;;"=IF(AND(NOT(ISBLANK(G199)),ISBLANK(G200)),""Reste prévu"","""")"
Fevrier 2026;200;B;B200;;"=IF(AND(NOT(ISBLANK($G199)),ISBLANK($G200)),$C$42-$F$40-$F$42,"""")"
Fevrier 2026;200;C;C200;;"=IF(AND(NOT(ISBLANK($G199)),ISBLANK($G200)),""Reste réel"","""")"
Fevrier 2026;200;D;D200;;"=IF(AND(NOT(ISBLANK($G199)),ISBLANK($G200)),$C$42-$H$40-$F$42,"""")"
Fevrier 2026;200;J;J200;0;"=IF(I200=""x"",H200,0)"
Fevrier 2026;201;A;A201;;"=IF(AND(NOT(ISBLANK(G200)),ISBLANK(G201)),""Reste prévu"","""")"
Fevrier 2026;201;B;B201;;"=IF(AND(NOT(ISBLANK($G200)),ISBLANK($G201)),$C$42-$F$40-$F$42,"""")"
Fevrier 2026;201;C;C201;;"=IF(AND(NOT(ISBLANK($G200)),ISBLANK($G201)),""Reste réel"","""")"
Fevrier 2026;201;D;D201;;"=IF(AND(NOT(ISBLANK($G200)),ISBLANK($G201)),$C$42-$H$40-$F$42,"""")"
Fevrier 2026;201;J;J201;0;"=IF(I201=""x"",H201,0)"
Fevrier 2026;202;A;A202;;"=IF(AND(NOT(ISBLANK(G201)),ISBLANK(G202)),""Reste prévu"","""")"
Fevrier 2026;202;B;B202;;"=IF(AND(NOT(ISBLANK($G201)),ISBLANK($G202)),$C$42-$F$40-$F$42,"""")"
Fevrier 2026;202;C;C202;;"=IF(AND(NOT(ISBLANK($G201)),ISBLANK($G202)),""Reste réel"","""")"
Fevrier 2026;202;D;D202;;"=IF(AND(NOT(ISBLANK($G201)),ISBLANK($G202)),$C$42-$H$40-$F$42,"""")"
Fevrier 2026;202;J;J202;0;"=IF(I202=""x"",H202,0)"
Fevrier 2026;203;A;A203;;"=IF(AND(NOT(ISBLANK(G202)),ISBLANK(G203)),""Reste prévu"","""")"
Fevrier 2026;203;B;B203;;"=IF(AND(NOT(ISBLANK($G202)),ISBLANK($G203)),$C$42-$F$40-$F$42,"""")"
Fevrier 2026;203;C;C203;;"=IF(AND(NOT(ISBLANK($G202)),ISBLANK($G203)),""Reste réel"","""")"
Fevrier 2026;203;D;D203;;"=IF(AND(NOT(ISBLANK($G202)),ISBLANK($G203)),$C$42-$H$40-$F$42,"""")"
Fevrier 2026;203;J;J203;0;"=IF(I203=""x"",H203,0)"
Fevrier 2026;204;A;A204;;"=IF(AND(NOT(ISBLANK(G203)),ISBLANK(G204)),""Reste prévu"","""")"
Fevrier 2026;204;B;B204;;"=IF(AND(NOT(ISBLANK($G203)),ISBLANK($G204)),$C$42-$F$40-$F$42,"""")"
Fevrier 2026;204;C;C204;;"=IF(AND(NOT(ISBLANK($G203)),ISBLANK($G204)),""Reste réel"","""")"
Fevrier 2026;204;D;D204;;"=IF(AND(NOT(ISBLANK($G203)),ISBLANK($G204)),$C$42-$H$40-$F$42,"""")"
Fevrier 2026;204;J;J204;0;"=IF(I204=""x"",H204,0)"
Fevrier 2026;205;A;A205;;"=IF(AND(NOT(ISBLANK(G204)),ISBLANK(G205)),""Reste prévu"","""")"
Fevrier 2026;205;B;B205;;"=IF(AND(NOT(ISBLANK($G204)),ISBLANK($G205)),$C$42-$F$40-$F$42,"""")"
Fevrier 2026;205;C;C205;;"=IF(AND(NOT(ISBLANK($G204)),ISBLANK($G205)),""Reste réel"","""")"
Fevrier 2026;205;D;D205;;"=IF(AND(NOT(ISBLANK($G204)),ISBLANK($G205)),$C$42-$H$40-$F$42,"""")"
Fevrier 2026;205;J;J205;0;"=IF(I205=""x"",H205,0)"
Fevrier 2026;206;A;A206;;"=IF(AND(NOT(ISBLANK(G205)),ISBLANK(G206)),""Reste prévu"","""")"
Fevrier 2026;206;B;B206;;"=IF(AND(NOT(ISBLANK($G205)),ISBLANK($G206)),$C$42-$F$40-$F$42,"""")"
Fevrier 2026;206;C;C206;;"=IF(AND(NOT(ISBLANK($G205)),ISBLANK($G206)),""Reste réel"","""")"
Fevrier 2026;206;D;D206;;"=IF(AND(NOT(ISBLANK($G205)),ISBLANK($G206)),$C$42-$H$40-$F$42,"""")"
Fevrier 2026;206;J;J206;0;"=IF(I206=""x"",H206,0)"
Fevrier 2026;207;A;A207;;"=IF(AND(NOT(ISBLANK(G206)),ISBLANK(G207)),""Reste prévu"","""")"
Fevrier 2026;207;B;B207;;"=IF(AND(NOT(ISBLANK($G206)),ISBLANK($G207)),$C$42-$F$40-$F$42,"""")"
Fevrier 2026;207;C;C207;;"=IF(AND(NOT(ISBLANK($G206)),ISBLANK($G207)),""Reste réel"","""")"
Fevrier 2026;207;D;D207;;"=IF(AND(NOT(ISBLANK($G206)),ISBLANK($G207)),$C$42-$H$40-$F$42,"""")"
Fevrier 2026;207;J;J207;0;"=IF(I207=""x"",H207,0)"
Fevrier 2026;208;A;A208;;"=IF(AND(NOT(ISBLANK(G207)),ISBLANK(G208)),""Reste prévu"","""")"
Fevrier 2026;208;B;B208;;"=IF(AND(NOT(ISBLANK($G207)),ISBLANK($G208)),$C$42-$F$40-$F$42,"""")"
Fevrier 2026;208;C;C208;;"=IF(AND(NOT(ISBLANK($G207)),ISBLANK($G208)),""Reste réel"","""")"
Fevrier 2026;208;D;D208;;"=IF(AND(NOT(ISBLANK($G207)),ISBLANK($G208)),$C$42-$H$40-$F$42,"""")"
Fevrier 2026;208;J;J208;0;"=IF(I208=""x"",H208,0)"
Fevrier 2026;209;A;A209;;"=IF(AND(NOT(ISBLANK(G208)),ISBLANK(G209)),""Reste prévu"","""")"
Fevrier 2026;209;B;B209;;"=IF(AND(NOT(ISBLANK($G208)),ISBLANK($G209)),$C$42-$F$40-$F$42,"""")"
Fevrier 2026;209;C;C209;;"=IF(AND(NOT(ISBLANK($G208)),ISBLANK($G209)),""Reste réel"","""")"
Fevrier 2026;209;D;D209;;"=IF(AND(NOT(ISBLANK($G208)),ISBLANK($G209)),$C$42-$H$40-$F$42,"""")"
Fevrier 2026;209;J;J209;0;"=IF(I209=""x"",H209,0)"
Fevrier 2026;210;A;A210;;"=IF(AND(NOT(ISBLANK(G209)),ISBLANK(G210)),""Reste prévu"","""")"
Fevrier 2026;210;B;B210;;"=IF(AND(NOT(ISBLANK($G209)),ISBLANK($G210)),$C$42-$F$40-$F$42,"""")"
Fevrier 2026;210;C;C210;;"=IF(AND(NOT(ISBLANK($G209)),ISBLANK($G210)),""Reste réel"","""")"
Fevrier 2026;210;D;D210;;"=IF(AND(NOT(ISBLANK($G209)),ISBLANK($G210)),$C$42-$H$40-$F$42,"""")"
Fevrier 2026;210;J;J210;0;"=IF(I210=""x"",H210,0)"
Fevrier 2026;211;A;A211;;"=IF(AND(NOT(ISBLANK(G210)),ISBLANK(G211)),""Reste prévu"","""")"
Fevrier 2026;211;B;B211;;"=IF(AND(NOT(ISBLANK($G210)),ISBLANK($G211)),$C$42-$F$40-$F$42,"""")"
Fevrier 2026;211;C;C211;;"=IF(AND(NOT(ISBLANK($G210)),ISBLANK($G211)),""Reste réel"","""")"
Fevrier 2026;211;D;D211;;"=IF(AND(NOT(ISBLANK($G210)),ISBLANK($G211)),$C$42-$H$40-$F$42,"""")"
Fevrier 2026;211;J;J211;0;"=IF(I211=""x"",H211,0)"
Fevrier 2026;212;A;A212;;"=IF(AND(NOT(ISBLANK(G211)),ISBLANK(G212)),""Reste prévu"","""")"
Fevrier 2026;212;B;B212;;"=IF(AND(NOT(ISBLANK($G211)),ISBLANK($G212)),$C$42-$F$40-$F$42,"""")"
Fevrier 2026;212;C;C212;;"=IF(AND(NOT(ISBLANK($G211)),ISBLANK($G212)),""Reste réel"","""")"
Fevrier 2026;212;D;D212;;"=IF(AND(NOT(ISBLANK($G211)),ISBLANK($G212)),$C$42-$H$40-$F$42,"""")"
Fevrier 2026;212;J;J212;0;"=IF(I212=""x"",H212,0)"
Fevrier 2026;213;A;A213;;"=IF(AND(NOT(ISBLANK(G212)),ISBLANK(G213)),""Reste prévu"","""")"
Fevrier 2026;213;B;B213;;"=IF(AND(NOT(ISBLANK($G212)),ISBLANK($G213)),$C$42-$F$40-$F$42,"""")"
Fevrier 2026;213;C;C213;;"=IF(AND(NOT(ISBLANK($G212)),ISBLANK($G213)),""Reste réel"","""")"
Fevrier 2026;213;D;D213;;"=IF(AND(NOT(ISBLANK($G212)),ISBLANK($G213)),$C$42-$H$40-$F$42,"""")"
Fevrier 2026;213;J;J213;0;"=IF(I213=""x"",H213,0)"
Fevrier 2026;214;A;A214;;"=IF(AND(NOT(ISBLANK(G213)),ISBLANK(G214)),""Reste prévu"","""")"
Fevrier 2026;214;B;B214;;"=IF(AND(NOT(ISBLANK($G213)),ISBLANK($G214)),$C$42-$F$40-$F$42,"""")"
Fevrier 2026;214;C;C214;;"=IF(AND(NOT(ISBLANK($G213)),ISBLANK($G214)),""Reste réel"","""")"
Fevrier 2026;214;D;D214;;"=IF(AND(NOT(ISBLANK($G213)),ISBLANK($G214)),$C$42-$H$40-$F$42,"""")"
Fevrier 2026;215;A;A215;;"=IF(AND(NOT(ISBLANK(G214)),ISBLANK(G215)),""Reste prévu"","""")"
Fevrier 2026;215;B;B215;;"=IF(AND(NOT(ISBLANK($G214)),ISBLANK($G215)),$C$42-$F$40-$F$42,"""")"
Fevrier 2026;215;C;C215;;"=IF(AND(NOT(ISBLANK($G214)),ISBLANK($G215)),""Reste réel"","""")"
Fevrier 2026;215;D;D215;;"=IF(AND(NOT(ISBLANK($G214)),ISBLANK($G215)),$C$42-$H$40-$F$42,"""")"
Fevrier 2026;216;A;A216;;"=IF(AND(NOT(ISBLANK(G215)),ISBLANK(G216)),""Reste prévu"","""")"
Fevrier 2026;216;B;B216;;"=IF(AND(NOT(ISBLANK($G215)),ISBLANK($G216)),$C$42-$F$40-$F$42,"""")"
Fevrier 2026;216;C;C216;;"=IF(AND(NOT(ISBLANK($G215)),ISBLANK($G216)),""Reste réel"","""")"
Fevrier 2026;216;D;D216;;"=IF(AND(NOT(ISBLANK($G215)),ISBLANK($G216)),$C$42-$H$40-$F$42,"""")"
Fevrier 2026;217;A;A217;;"=IF(AND(NOT(ISBLANK(G216)),ISBLANK(G217)),""Reste prévu"","""")"
Fevrier 2026;217;B;B217;;"=IF(AND(NOT(ISBLANK($G216)),ISBLANK($G217)),$C$42-$F$40-$F$42,"""")"
Fevrier 2026;217;C;C217;;"=IF(AND(NOT(ISBLANK($G216)),ISBLANK($G217)),""Reste réel"","""")"
Fevrier 2026;217;D;D217;;"=IF(AND(NOT(ISBLANK($G216)),ISBLANK($G217)),$C$42-$H$40-$F$42,"""")"
Fevrier 2026;218;A;A218;;"=IF(AND(NOT(ISBLANK(G217)),ISBLANK(G218)),""Reste prévu"","""")"
Fevrier 2026;218;B;B218;;"=IF(AND(NOT(ISBLANK($G217)),ISBLANK($G218)),$C$42-$F$40-$F$42,"""")"
Fevrier 2026;218;C;C218;;"=IF(AND(NOT(ISBLANK($G217)),ISBLANK($G218)),""Reste réel"","""")"
Fevrier 2026;218;D;D218;;"=IF(AND(NOT(ISBLANK($G217)),ISBLANK($G218)),$C$42-$H$40-$F$42,"""")"
Fevrier 2026;219;A;A219;;"=IF(AND(NOT(ISBLANK(G218)),ISBLANK(G219)),""Reste prévu"","""")"
Fevrier 2026;219;B;B219;;"=IF(AND(NOT(ISBLANK($G218)),ISBLANK($G219)),$C$42-$F$40-$F$42,"""")"
Fevrier 2026;219;C;C219;;"=IF(AND(NOT(ISBLANK($G218)),ISBLANK($G219)),""Reste réel"","""")"
Fevrier 2026;219;D;D219;;"=IF(AND(NOT(ISBLANK($G218)),ISBLANK($G219)),$C$42-$H$40-$F$42,"""")"
Fevrier 2026;220;A;A220;;"=IF(AND(NOT(ISBLANK(G219)),ISBLANK(G220)),""Reste prévu"","""")"
Fevrier 2026;220;B;B220;;"=IF(AND(NOT(ISBLANK($G219)),ISBLANK($G220)),$C$42-$F$40-$F$42,"""")"
Fevrier 2026;220;C;C220;;"=IF(AND(NOT(ISBLANK($G219)),ISBLANK($G220)),""Reste réel"","""")"
Fevrier 2026;220;D;D220;;"=IF(AND(NOT(ISBLANK($G219)),ISBLANK($G220)),$C$42-$H$40-$F$42,"""")"
Fevrier 2026;221;A;A221;;"=IF(AND(NOT(ISBLANK(G220)),ISBLANK(G221)),""Reste prévu"","""")"
Fevrier 2026;221;B;B221;;"=IF(AND(NOT(ISBLANK($G220)),ISBLANK($G221)),$C$42-$F$40-$F$42,"""")"
Fevrier 2026;221;C;C221;;"=IF(AND(NOT(ISBLANK($G220)),ISBLANK($G221)),""Reste réel"","""")"
Fevrier 2026;221;D;D221;;"=IF(AND(NOT(ISBLANK($G220)),ISBLANK($G221)),$C$42-$H$40-$F$42,"""")"
Fevrier 2026;222;A;A222;;"=IF(AND(NOT(ISBLANK(G221)),ISBLANK(G222)),""Reste prévu"","""")"
Fevrier 2026;222;B;B222;;"=IF(AND(NOT(ISBLANK($G221)),ISBLANK($G222)),$C$42-$F$40-$F$42,"""")"
Fevrier 2026;222;C;C222;;"=IF(AND(NOT(ISBLANK($G221)),ISBLANK($G222)),""Reste réel"","""")"
Fevrier 2026;222;D;D222;;"=IF(AND(NOT(ISBLANK($G221)),ISBLANK($G222)),$C$42-$H$40-$F$42,"""")"
Fevrier 2026;223;A;A223;;"=IF(AND(NOT(ISBLANK(G222)),ISBLANK(G223)),""Reste prévu"","""")"
Fevrier 2026;223;B;B223;;"=IF(AND(NOT(ISBLANK($G222)),ISBLANK($G223)),$C$42-$F$40-$F$42,"""")"
Fevrier 2026;223;C;C223;;"=IF(AND(NOT(ISBLANK($G222)),ISBLANK($G223)),""Reste réel"","""")"
Fevrier 2026;223;D;D223;;"=IF(AND(NOT(ISBLANK($G222)),ISBLANK($G223)),$C$42-$H$40-$F$42,"""")"
Fevrier 2026;224;A;A224;;"=IF(AND(NOT(ISBLANK(G223)),ISBLANK(G224)),""Reste prévu"","""")"
Fevrier 2026;224;B;B224;;"=IF(AND(NOT(ISBLANK($G223)),ISBLANK($G224)),$C$42-$F$40-$F$42,"""")"
Fevrier 2026;224;C;C224;;"=IF(AND(NOT(ISBLANK($G223)),ISBLANK($G224)),""Reste réel"","""")"
Fevrier 2026;224;D;D224;;"=IF(AND(NOT(ISBLANK($G223)),ISBLANK($G224)),$C$42-$H$40-$F$42,"""")"
Fevrier 2026;225;A;A225;;"=IF(AND(NOT(ISBLANK(G224)),ISBLANK(G225)),""Reste prévu"","""")"
Fevrier 2026;225;B;B225;;"=IF(AND(NOT(ISBLANK($G224)),ISBLANK($G225)),$C$42-$F$40-$F$42,"""")"
Fevrier 2026;225;C;C225;;"=IF(AND(NOT(ISBLANK($G224)),ISBLANK($G225)),""Reste réel"","""")"
Fevrier 2026;225;D;D225;;"=IF(AND(NOT(ISBLANK($G224)),ISBLANK($G225)),$C$42-$H$40-$F$42,"""")"
Fevrier 2026;226;A;A226;;"=IF(AND(NOT(ISBLANK(G225)),ISBLANK(G226)),""Reste prévu"","""")"
Fevrier 2026;226;B;B226;;"=IF(AND(NOT(ISBLANK($G225)),ISBLANK($G226)),$C$42-$F$40-$F$42,"""")"
Fevrier 2026;226;C;C226;;"=IF(AND(NOT(ISBLANK($G225)),ISBLANK($G226)),""Reste réel"","""")"
Fevrier 2026;226;D;D226;;"=IF(AND(NOT(ISBLANK($G225)),ISBLANK($G226)),$C$42-$H$40-$F$42,"""")"
Fevrier 2026;227;A;A227;;"=IF(AND(NOT(ISBLANK(G226)),ISBLANK(G227)),""Reste prévu"","""")"
Fevrier 2026;227;B;B227;;"=IF(AND(NOT(ISBLANK($G226)),ISBLANK($G227)),$C$42-$F$40-$F$42,"""")"
Fevrier 2026;227;C;C227;;"=IF(AND(NOT(ISBLANK($G226)),ISBLANK($G227)),""Reste réel"","""")"
Fevrier 2026;227;D;D227;;"=IF(AND(NOT(ISBLANK($G226)),ISBLANK($G227)),$C$42-$H$40-$F$42,"""")"
Fevrier 2026;228;A;A228;;"=IF(AND(NOT(ISBLANK(G227)),ISBLANK(G228)),""Reste prévu"","""")"
Fevrier 2026;228;B;B228;;"=IF(AND(NOT(ISBLANK($G227)),ISBLANK($G228)),$C$42-$F$40-$F$42,"""")"
Fevrier 2026;228;C;C228;;"=IF(AND(NOT(ISBLANK($G227)),ISBLANK($G228)),""Reste réel"","""")"
Fevrier 2026;228;D;D228;;"=IF(AND(NOT(ISBLANK($G227)),ISBLANK($G228)),$C$42-$H$40-$F$42,"""")"
Fevrier 2026;229;A;A229;;"=IF(AND(NOT(ISBLANK(G228)),ISBLANK(G229)),""Reste prévu"","""")"
Fevrier 2026;229;B;B229;;"=IF(AND(NOT(ISBLANK($G228)),ISBLANK($G229)),$C$42-$F$40-$F$42,"""")"
Fevrier 2026;229;C;C229;;"=IF(AND(NOT(ISBLANK($G228)),ISBLANK($G229)),""Reste réel"","""")"
Fevrier 2026;229;D;D229;;"=IF(AND(NOT(ISBLANK($G228)),ISBLANK($G229)),$C$42-$H$40-$F$42,"""")"
Fevrier 2026;230;A;A230;;"=IF(AND(NOT(ISBLANK(G229)),ISBLANK(G230)),""Reste prévu"","""")"
Fevrier 2026;230;B;B230;;"=IF(AND(NOT(ISBLANK($G229)),ISBLANK($G230)),$C$42-$F$40-$F$42,"""")"
Fevrier 2026;230;C;C230;;"=IF(AND(NOT(ISBLANK($G229)),ISBLANK($G230)),""Reste réel"","""")"
Fevrier 2026;230;D;D230;;"=IF(AND(NOT(ISBLANK($G229)),ISBLANK($G230)),$C$42-$H$40-$F$42,"""")"
Fevrier 2026;231;A;A231;;"=IF(AND(NOT(ISBLANK(G230)),ISBLANK(G231)),""Reste prévu"","""")"
Fevrier 2026;231;B;B231;;"=IF(AND(NOT(ISBLANK($G230)),ISBLANK($G231)),$C$42-$F$40-$F$42,"""")"
Fevrier 2026;231;C;C231;;"=IF(AND(NOT(ISBLANK($G230)),ISBLANK($G231)),""Reste réel"","""")"
Fevrier 2026;231;D;D231;;"=IF(AND(NOT(ISBLANK($G230)),ISBLANK($G231)),$C$42-$H$40-$F$42,"""")"
Fevrier 2026;232;A;A232;;"=IF(AND(NOT(ISBLANK(G231)),ISBLANK(G232)),""Reste prévu"","""")"
Fevrier 2026;232;B;B232;;"=IF(AND(NOT(ISBLANK($G231)),ISBLANK($G232)),$C$42-$F$40-$F$42,"""")"
Fevrier 2026;232;C;C232;;"=IF(AND(NOT(ISBLANK($G231)),ISBLANK($G232)),""Reste réel"","""")"
Fevrier 2026;232;D;D232;;"=IF(AND(NOT(ISBLANK($G231)),ISBLANK($G232)),$C$42-$H$40-$F$42,"""")"
Fevrier 2026;233;A;A233;;"=IF(AND(NOT(ISBLANK(G232)),ISBLANK(G233)),""Reste prévu"","""")"
Fevrier 2026;233;B;B233;;"=IF(AND(NOT(ISBLANK($G232)),ISBLANK($G233)),$C$42-$F$40-$F$42,"""")"
Fevrier 2026;233;C;C233;;"=IF(AND(NOT(ISBLANK($G232)),ISBLANK($G233)),""Reste réel"","""")"
Fevrier 2026;233;D;D233;;"=IF(AND(NOT(ISBLANK($G232)),ISBLANK($G233)),$C$42-$H$40-$F$42,"""")"
Fevrier 2026;234;A;A234;;"=IF(AND(NOT(ISBLANK(G233)),ISBLANK(G234)),""Reste prévu"","""")"
Fevrier 2026;234;B;B234;;"=IF(AND(NOT(ISBLANK($G233)),ISBLANK($G234)),$C$42-$F$40-$F$42,"""")"
Fevrier 2026;234;C;C234;;"=IF(AND(NOT(ISBLANK($G233)),ISBLANK($G234)),""Reste réel"","""")"
Fevrier 2026;234;D;D234;;"=IF(AND(NOT(ISBLANK($G233)),ISBLANK($G234)),$C$42-$H$40-$F$42,"""")"
Fevrier 2026;235;A;A235;;"=IF(AND(NOT(ISBLANK(G234)),ISBLANK(G235)),""Reste prévu"","""")"
Fevrier 2026;235;B;B235;;"=IF(AND(NOT(ISBLANK($G234)),ISBLANK($G235)),$C$42-$F$40-$F$42,"""")"
Fevrier 2026;235;C;C235;;"=IF(AND(NOT(ISBLANK($G234)),ISBLANK($G235)),""Reste réel"","""")"
Fevrier 2026;235;D;D235;;"=IF(AND(NOT(ISBLANK($G234)),ISBLANK($G235)),$C$42-$H$40-$F$42,"""")"
Fevrier 2026;236;A;A236;;"=IF(AND(NOT(ISBLANK(G235)),ISBLANK(G236)),""Reste prévu"","""")"
Fevrier 2026;236;B;B236;;"=IF(AND(NOT(ISBLANK($G235)),ISBLANK($G236)),$C$42-$F$40-$F$42,"""")"
Fevrier 2026;236;C;C236;;"=IF(AND(NOT(ISBLANK($G235)),ISBLANK($G236)),""Reste réel"","""")"
Fevrier 2026;236;D;D236;;"=IF(AND(NOT(ISBLANK($G235)),ISBLANK($G236)),$C$42-$H$40-$F$42,"""")"
Janvier 2026;1;B;B1;Recettes;
Janvier 2026;1;E;E1;Dépenses;
Janvier 2026;1;K;K1;Cadeau;
Janvier 2026;3;B;B3;Salaire Pierre;
Janvier 2026;3;C;C3;5441.88;
Janvier 2026;3;E;E3;Loyer Elouen;
Janvier 2026;3;F;F3;669.7;
Janvier 2026;3;G;G3;x;
Janvier 2026;3;H;H3;669.7;"=IF(G3=""x"",F3,0)"
Janvier 2026;3;K;K3;Logement;
Janvier 2026;4;B;B4;Salaire Sterenn;
Janvier 2026;4;C;C4;1938.46;
Janvier 2026;4;E;E4;Argent de poche Elouen;
Janvier 2026;4;F;F4;200;
Janvier 2026;4;G;G4;x;
Janvier 2026;4;H;H4;200;"=IF(G4=""x"",F4,0)"
Janvier 2026;4;K;K4;Charges;
Janvier 2026;5;B;B5;CAF;
Janvier 2026;5;C;C5;113.3;
Janvier 2026;5;E;E5;Engie Elouen;
Janvier 2026;5;F;F5;70;
Janvier 2026;5;G;G5;x;
Janvier 2026;5;H;H5;70;"=IF(G5=""x"",F5,0)"
Janvier 2026;5;K;K5;Charges;
Janvier 2026;6;E;E6;Argent de poche Arthur;
Janvier 2026;6;F;F6;164.99;
Janvier 2026;6;G;G6;x;
Janvier 2026;6;H;H6;164.99;"=IF(G6=""x"",F6,0)"
Janvier 2026;6;K;K6;Charges;
Janvier 2026;7;E;E7;Prêt 25 ;
Janvier 2026;7;F;F7;995.15;
Janvier 2026;7;G;G7;x;
Janvier 2026;7;H;H7;995.15;"=IF(G7=""x"",F7,0)"
Janvier 2026;7;K;K7;Logement;
Janvier 2026;8;B;B8;CPAM;
Janvier 2026;8;C;C8;21;
Janvier 2026;8;E;E8;Prêt 15;
Janvier 2026;8;F;F8;883.42;
Janvier 2026;8;G;G8;x;
Janvier 2026;8;H;H8;883.42;"=IF(G8=""x"",F8,0)"
Janvier 2026;8;K;K8;Logement;
Janvier 2026;9;B;B9;Regularisation Engie;
Janvier 2026;9;C;C9;509.85;
Janvier 2026;9;E;E9;Assurances prêt;
Janvier 2026;9;F;F9;11.46;
Janvier 2026;9;G;G9;x;
Janvier 2026;9;H;H9;11.46;"=IF(G9=""x"",F9,0)"
Janvier 2026;9;K;K9;Logement;
Janvier 2026;10;B;B10;Crédit Impots;
Janvier 2026;10;C;C10;449;
Janvier 2026;10;E;E10;Assurances prêt;
Janvier 2026;10;F;F10;32.57;
Janvier 2026;10;G;G10;x;
Janvier 2026;10;H;H10;32.57;"=IF(G10=""x"",F10,0)"
Janvier 2026;10;K;K10;Logement;
Janvier 2026;11;B;B11;Epargne Travaux;
Janvier 2026;11;C;C11;328.24;
Janvier 2026;11;E;E11;Assurances prêt;
Janvier 2026;11;F;F11;84.98;
Janvier 2026;11;G;G11;x;
Janvier 2026;11;H;H11;84.98;"=IF(G11=""x"",F11,0)"
Janvier 2026;11;K;K11;Logement;
Janvier 2026;12;B;B12;Ael Telephone;
Janvier 2026;12;C;C12;576.99;
Janvier 2026;12;E;E12;Assurances prêt;
Janvier 2026;12;F;F12;33.49;
Janvier 2026;12;G;G12;x;
Janvier 2026;12;H;H12;33.49;"=IF(G12=""x"",F12,0)"
Janvier 2026;12;K;K12;Logement;
Janvier 2026;13;B;B13;Ael Coque;
Janvier 2026;13;C;C13;51.59;
Janvier 2026;13;E;E13;Disney;
Janvier 2026;13;F;F13;6.99;
Janvier 2026;13;G;G13;x;
Janvier 2026;13;H;H13;6.99;"=IF(G13=""x"",F13,0)"
Janvier 2026;13;K;K13;Internet/Téléphone;
Janvier 2026;14;B;B14;CPAM;
Janvier 2026;14;C;C14;26.15;
Janvier 2026;14;E;E14;EDF Arthur;
Janvier 2026;14;F;F14;43.96;
Janvier 2026;14;G;G14;x;
Janvier 2026;14;H;H14;43.96;"=IF(G14=""x"",F14,0)"
Janvier 2026;14;K;K14;Charges;
Janvier 2026;15;E;E15;EkWateur;
Janvier 2026;15;F;F15;208;
Janvier 2026;15;G;G15;x;
Janvier 2026;15;H;H15;208;"=IF(G15=""x"",F15,0)"
Janvier 2026;15;K;K15;Charges;
Janvier 2026;16;E;E16;Sosh Maison;
Janvier 2026;16;F;F16;24.99;
Janvier 2026;16;G;G16;x;
Janvier 2026;16;H;H16;24.99;"=IF(G16=""x"",F16,0)"
Janvier 2026;16;K;K16;Internet/Téléphone;
Janvier 2026;17;E;E17;Sosh Arthur;
Janvier 2026;17;F;F17;14.99;
Janvier 2026;17;G;G17;x;
Janvier 2026;17;H;H17;14.99;"=IF(G17=""x"",F17,0)"
Janvier 2026;17;K;K17;Internet/Téléphone;
Janvier 2026;18;E;E18;Sosh Ael;
Janvier 2026;18;F;F18;14.99;
Janvier 2026;18;G;G18;x;
Janvier 2026;18;H;H18;14.99;"=IF(G18=""x"",F18,0)"
Janvier 2026;18;K;K18;Internet/Téléphone;
Janvier 2026;19;E;E19;Sosh Elouen;
Janvier 2026;19;F;F19;14.99;
Janvier 2026;19;H;H19;0;"=IF(G19=""x"",F19,0)"
Janvier 2026;19;K;K19;Internet/Téléphone;
Janvier 2026;20;E;E20;Sosh Sterenn;
Janvier 2026;20;F;F20;10.99;
Janvier 2026;20;G;G20;x;
Janvier 2026;20;H;H20;10.99;"=IF(G20=""x"",F20,0)"
Janvier 2026;20;K;K20;Internet/Téléphone;
Janvier 2026;21;E;E21;Mutuelle;
Janvier 2026;21;F;F21;102.87;
Janvier 2026;21;G;G21;No prélevé départ Vivinter;
Janvier 2026;21;H;H21;0;"=IF(G21=""x"",F21,0)"
Janvier 2026;21;K;K21;Assurances/Mutuelle;
Janvier 2026;22;E;E22;Mutuelle (Vivinter);
Janvier 2026;22;F;F22;104.98;
Janvier 2026;22;G;G22;x;
Janvier 2026;22;H;H22;104.98;"=IF(G22=""x"",F22,0)"
Janvier 2026;22;K;K22;Assurances/Mutuelle;
Janvier 2026;23;E;E23;Suravenir Habitation;
Janvier 2026;23;F;F23;53.22;
Janvier 2026;23;G;G23;x;
Janvier 2026;23;H;H23;53.22;"=IF(G23=""x"",F23,0)"
Janvier 2026;23;K;K23;Assurances/Mutuelle;
Janvier 2026;24;E;E24;VW LDD;
Janvier 2026;24;F;F24;331.65;
Janvier 2026;24;G;G24;x;
Janvier 2026;24;H;H24;331.65;"=IF(G24=""x"",F24,0)"
Janvier 2026;24;K;K24;Voiture/Déplacement;
Janvier 2026;25;E;E25;Suravenir Voiture;
Janvier 2026;25;F;F25;94.22;
Janvier 2026;25;G;G25;x;
Janvier 2026;25;H;H25;94.22;"=IF(G25=""x"",F25,0)"
Janvier 2026;25;K;K25;Assurances/Mutuelle;
Janvier 2026;26;E;E26;Suravenir Garanties Vie;
Janvier 2026;26;F;F26;28.58;
Janvier 2026;26;G;G26;x;
Janvier 2026;26;H;H26;28.58;"=IF(G26=""x"",F26,0)"
Janvier 2026;26;K;K26;Assurances/Mutuelle;
Janvier 2026;27;E;E27;Joséphine;
Janvier 2026;27;F;F27;20;
Janvier 2026;27;G;G27;x;
Janvier 2026;27;H;H27;20;"=IF(G27=""x"",F27,0)"
Janvier 2026;27;K;K27;Divers;
Janvier 2026;28;E;E28;Canal Plus;
Janvier 2026;28;F;F28;21.99;
Janvier 2026;28;G;G28;x;
Janvier 2026;28;H;H28;21.99;"=IF(G28=""x"",F28,0)"
Janvier 2026;28;K;K28;Internet/Téléphone;
Janvier 2026;29;H;H29;0;"=IF(G29=""x"",F29,0)"
Janvier 2026;29;K;K29;Voiture/Déplacement;
Janvier 2026;30;E;E30;Keolis Elouen;
Janvier 2026;30;F;F30;21.4;
Janvier 2026;30;G;G30;x;
Janvier 2026;30;H;H30;21.4;"=IF(G30=""x"",F30,0)"
Janvier 2026;30;K;K30;Voiture/Déplacement;
Janvier 2026;31;E;E31;Apple;
Janvier 2026;31;F;F31;0.99;
Janvier 2026;31;G;G31;x;
Janvier 2026;31;H;H31;0.99;"=IF(G31=""x"",F31,0)"
Janvier 2026;31;K;K31;Internet/Téléphone;
Janvier 2026;32;E;E32;Apple;
Janvier 2026;32;F;F32;16.99;
Janvier 2026;32;G;G32;x;
Janvier 2026;32;H;H32;16.99;"=IF(G32=""x"",F32,0)"
Janvier 2026;32;K;K32;Internet/Téléphone;
Janvier 2026;33;E;E33;St Charles;
Janvier 2026;33;F;F33;178.3;
Janvier 2026;33;G;G33;x;
Janvier 2026;33;H;H33;178.3;"=IF(G33=""x"",F33,0)"
Janvier 2026;33;K;K33;Scolarité;
Janvier 2026;34;E;E34;Ménage;
Janvier 2026;34;F;F34;136;
Janvier 2026;34;G;G34;x;
Janvier 2026;34;H;H34;136;"=IF(G34=""x"",F34,0)"
Janvier 2026;34;K;K34;Logement;
Janvier 2026;35;E;E35;Urssaaf;
Janvier 2026;35;F;F35;52.34;
Janvier 2026;35;G;G35;x;
Janvier 2026;35;H;H35;52.34;"=IF(G35=""x"",F35,0)"
Janvier 2026;35;K;K35;Logement;
Janvier 2026;36;E;E36;Cotisation Eurocompte;
Janvier 2026;36;F;F36;19.03;
Janvier 2026;36;G;G36;x;
Janvier 2026;36;H;H36;19.03;"=IF(G36=""x"",F36,0)"
Janvier 2026;37;E;E37;Indivision;
Janvier 2026;37;F;F37;33.89;
Janvier 2026;37;G;G37;x;
Janvier 2026;37;H;H37;33.89;"=IF(G37=""x"",F37,0)"
Janvier 2026;39;A;A39;Etat mois précédent;
Janvier 2026;39;C;C39;#REF!;=#REF!
Janvier 2026;40;A;A40;Recettes fixes;
Janvier 2026;40;C;C40;7493.64;=SUM(C2:C6)
Janvier 2026;40;E;E40;Somme dépenses prévues;
Janvier 2026;40;F;F40;4702.109999999998;=SUM(F2:F38)
Janvier 2026;40;G;G40;Somme dépenses réelles;
Janvier 2026;40;H;H40;4584.249999999998;=SUM(H2:H38)
Janvier 2026;40;I;I40;Delta moins les exceptions;
Janvier 2026;41;A;A41;Recettes additionnelles du mois;
Janvier 2026;41;C;C41;1962.8200000000002;=SUM(C8:C35)
Janvier 2026;41;E;E41;Reste previsionnel;
Janvier 2026;41;F;F41;#REF!;=C42-F40
Janvier 2026;41;G;G41;Delta du mois;
Janvier 2026;41;H;H41;#REF!;=C39+C40+C41-H40-F42
Janvier 2026;42;A;A42;Total Recettes;
Janvier 2026;42;C;C42;#REF!;=SUM(C39:C41)
Janvier 2026;42;E;E42;Somme dépenses non prévues;
Janvier 2026;42;F;F42;4923.1;=SUM(J44:J246)
Janvier 2026;43;A;A43;Reste prévu;
Janvier 2026;43;B;B43;#REF!;=$C$42-$F$40-$F$42
Janvier 2026;43;C;C43;Reste réel;
Janvier 2026;43;D;D43;#REF!;=$C$42-$H$40-$F$42
Janvier 2026;44;A;A44;;"=IF(AND(NOT(ISBLANK(#REF!)),ISBLANK(G44)),""Reste prévu"","""")"
Janvier 2026;44;B;B44;;"=IF(AND(NOT(ISBLANK(#REF!)),ISBLANK($G44)),$C$42-$F$40-$F$42,"""")"
Janvier 2026;44;C;C44;;"=IF(AND(NOT(ISBLANK(#REF!)),ISBLANK($G44)),""Reste réel"","""")"
Janvier 2026;44;D;D44;;"=IF(AND(NOT(ISBLANK(#REF!)),ISBLANK($G44)),$C$42-$H$40-$F$42,"""")"
Janvier 2026;44;G;G44;Fournil du port;
Janvier 2026;44;H;H44;7.35;
Janvier 2026;44;I;I44;x;
Janvier 2026;44;J;J44;7.35;"=IF(I44=""x"",H44,0)"
Janvier 2026;44;K;K44;Courses;
Janvier 2026;45;A;A45;;"=IF(AND(NOT(ISBLANK(G44)),ISBLANK(G45)),""Reste prévu"","""")"
Janvier 2026;45;B;B45;;"=IF(AND(NOT(ISBLANK($G44)),ISBLANK($G45)),$C$42-$F$40-$F$42,"""")"
Janvier 2026;45;C;C45;;"=IF(AND(NOT(ISBLANK($G44)),ISBLANK($G45)),""Reste réel"","""")"
Janvier 2026;45;D;D45;;"=IF(AND(NOT(ISBLANK($G44)),ISBLANK($G45)),$C$42-$H$40-$F$42,"""")"
Janvier 2026;45;G;G45;Leclerc;
Janvier 2026;45;H;H45;15.65;
Janvier 2026;45;I;I45;x;
Janvier 2026;45;J;J45;15.65;"=IF(I45=""x"",H45,0)"
Janvier 2026;45;K;K45;Courses;
Janvier 2026;46;A;A46;;"=IF(AND(NOT(ISBLANK(G45)),ISBLANK(G46)),""Reste prévu"","""")"
Janvier 2026;46;B;B46;;"=IF(AND(NOT(ISBLANK($G45)),ISBLANK($G46)),$C$42-$F$40-$F$42,"""")"
Janvier 2026;46;C;C46;;"=IF(AND(NOT(ISBLANK($G45)),ISBLANK($G46)),""Reste réel"","""")"
Janvier 2026;46;D;D46;;"=IF(AND(NOT(ISBLANK($G45)),ISBLANK($G46)),$C$42-$H$40-$F$42,"""")"
Janvier 2026;46;G;G46;Leclerc;
Janvier 2026;46;H;H46;39.06;
Janvier 2026;46;I;I46;x;
Janvier 2026;46;J;J46;39.06;"=IF(I46=""x"",H46,0)"
Janvier 2026;46;K;K46;Courses;
Janvier 2026;47;A;A47;;"=IF(AND(NOT(ISBLANK(G46)),ISBLANK(G47)),""Reste prévu"","""")"
Janvier 2026;47;B;B47;;"=IF(AND(NOT(ISBLANK($G46)),ISBLANK($G47)),$C$42-$F$40-$F$42,"""")"
Janvier 2026;47;C;C47;;"=IF(AND(NOT(ISBLANK($G46)),ISBLANK($G47)),""Reste réel"","""")"
Janvier 2026;47;D;D47;;"=IF(AND(NOT(ISBLANK($G46)),ISBLANK($G47)),$C$42-$H$40-$F$42,"""")"
Janvier 2026;47;G;G47;Le Quartaut Jeff;
Janvier 2026;47;H;H47;45;
Janvier 2026;47;I;I47;x;
Janvier 2026;47;J;J47;45;"=IF(I47=""x"",H47,0)"
Janvier 2026;47;K;K47;Cadeau;
Janvier 2026;48;A;A48;;"=IF(AND(NOT(ISBLANK(G47)),ISBLANK(G48)),""Reste prévu"","""")"
Janvier 2026;48;B;B48;;"=IF(AND(NOT(ISBLANK($G47)),ISBLANK($G48)),$C$42-$F$40-$F$42,"""")"
Janvier 2026;48;C;C48;;"=IF(AND(NOT(ISBLANK($G47)),ISBLANK($G48)),""Reste réel"","""")"
Janvier 2026;48;D;D48;;"=IF(AND(NOT(ISBLANK($G47)),ISBLANK($G48)),$C$42-$H$40-$F$42,"""")"
Janvier 2026;48;G;G48;Pharmacie;
Janvier 2026;48;H;H48;71.4;
Janvier 2026;48;I;I48;x;
Janvier 2026;48;J;J48;71.4;"=IF(I48=""x"",H48,0)"
Janvier 2026;48;K;K48;Medical;
Janvier 2026;49;A;A49;;"=IF(AND(NOT(ISBLANK(G48)),ISBLANK(G49)),""Reste prévu"","""")"
Janvier 2026;49;B;B49;;"=IF(AND(NOT(ISBLANK($G48)),ISBLANK($G49)),$C$42-$F$40-$F$42,"""")"
Janvier 2026;49;C;C49;;"=IF(AND(NOT(ISBLANK($G48)),ISBLANK($G49)),""Reste réel"","""")"
Janvier 2026;49;D;D49;;"=IF(AND(NOT(ISBLANK($G48)),ISBLANK($G49)),$C$42-$H$40-$F$42,"""")"
Janvier 2026;49;G;G49;Charge Voiture;
Janvier 2026;49;H;H49;11.76;
Janvier 2026;49;I;I49;x;
Janvier 2026;49;J;J49;11.76;"=IF(I49=""x"",H49,0)"
Janvier 2026;49;K;K49;Voiture/Déplacement;
Janvier 2026;50;A;A50;;"=IF(AND(NOT(ISBLANK(G49)),ISBLANK(G50)),""Reste prévu"","""")"
Janvier 2026;50;B;B50;;"=IF(AND(NOT(ISBLANK($G49)),ISBLANK($G50)),$C$42-$F$40-$F$42,"""")"
Janvier 2026;50;C;C50;;"=IF(AND(NOT(ISBLANK($G49)),ISBLANK($G50)),""Reste réel"","""")"
Janvier 2026;50;D;D50;;"=IF(AND(NOT(ISBLANK($G49)),ISBLANK($G50)),$C$42-$H$40-$F$42,"""")"
Janvier 2026;50;G;G50;BioCoop;
Janvier 2026;50;H;H50;45.58;
Janvier 2026;50;I;I50;x;
Janvier 2026;50;J;J50;45.58;"=IF(I50=""x"",H50,0)"
Janvier 2026;50;K;K50;Courses;
Janvier 2026;51;A;A51;;"=IF(AND(NOT(ISBLANK(G50)),ISBLANK(G51)),""Reste prévu"","""")"
Janvier 2026;51;B;B51;;"=IF(AND(NOT(ISBLANK($G50)),ISBLANK($G51)),$C$42-$F$40-$F$42,"""")"
Janvier 2026;51;C;C51;;"=IF(AND(NOT(ISBLANK($G50)),ISBLANK($G51)),""Reste réel"","""")"
Janvier 2026;51;D;D51;;"=IF(AND(NOT(ISBLANK($G50)),ISBLANK($G51)),$C$42-$H$40-$F$42,"""")"
Janvier 2026;51;G;G51;Feuillate Repas Galette;
Janvier 2026;51;H;H51;53.2;
Janvier 2026;51;I;I51;x;
Janvier 2026;51;J;J51;53.2;"=IF(I51=""x"",H51,0)"
Janvier 2026;51;K;K51;Courses;
Janvier 2026;52;A;A52;;"=IF(AND(NOT(ISBLANK(G51)),ISBLANK(G52)),""Reste prévu"","""")"
Janvier 2026;52;B;B52;;"=IF(AND(NOT(ISBLANK($G51)),ISBLANK($G52)),$C$42-$F$40-$F$42,"""")"
Janvier 2026;52;C;C52;;"=IF(AND(NOT(ISBLANK($G51)),ISBLANK($G52)),""Reste réel"","""")"
Janvier 2026;52;D;D52;;"=IF(AND(NOT(ISBLANK($G51)),ISBLANK($G52)),$C$42-$H$40-$F$42,"""")"
Janvier 2026;52;G;G52;Cigarettes;
Janvier 2026;52;H;H52;13;
Janvier 2026;52;I;I52;x;
Janvier 2026;52;J;J52;13;"=IF(I52=""x"",H52,0)"
Janvier 2026;52;K;K52;Divers;
Janvier 2026;53;A;A53;;"=IF(AND(NOT(ISBLANK(G52)),ISBLANK(G53)),""Reste prévu"","""")"
Janvier 2026;53;B;B53;;"=IF(AND(NOT(ISBLANK($G52)),ISBLANK($G53)),$C$42-$F$40-$F$42,"""")"
Janvier 2026;53;C;C53;;"=IF(AND(NOT(ISBLANK($G52)),ISBLANK($G53)),""Reste réel"","""")"
Janvier 2026;53;D;D53;;"=IF(AND(NOT(ISBLANK($G52)),ISBLANK($G53)),$C$42-$H$40-$F$42,"""")"
Janvier 2026;53;G;G53;Cultura;
Janvier 2026;53;H;H53;5.97;
Janvier 2026;53;I;I53;x;
Janvier 2026;53;J;J53;5.97;"=IF(I53=""x"",H53,0)"
Janvier 2026;53;K;K53;Loisirs;
Janvier 2026;54;A;A54;;"=IF(AND(NOT(ISBLANK(G53)),ISBLANK(G54)),""Reste prévu"","""")"
Janvier 2026;54;B;B54;;"=IF(AND(NOT(ISBLANK($G53)),ISBLANK($G54)),$C$42-$F$40-$F$42,"""")"
Janvier 2026;54;C;C54;;"=IF(AND(NOT(ISBLANK($G53)),ISBLANK($G54)),""Reste réel"","""")"
Janvier 2026;54;D;D54;;"=IF(AND(NOT(ISBLANK($G53)),ISBLANK($G54)),$C$42-$H$40-$F$42,"""")"
Janvier 2026;54;G;G54;Leclerc;
Janvier 2026;54;H;H54;34.01;
Janvier 2026;54;I;I54;x;
Janvier 2026;54;J;J54;34.01;"=IF(I54=""x"",H54,0)"
Janvier 2026;54;K;K54;Courses;
Janvier 2026;55;A;A55;;"=IF(AND(NOT(ISBLANK(G54)),ISBLANK(G55)),""Reste prévu"","""")"
Janvier 2026;55;B;B55;;"=IF(AND(NOT(ISBLANK($G54)),ISBLANK($G55)),$C$42-$F$40-$F$42,"""")"
Janvier 2026;55;C;C55;;"=IF(AND(NOT(ISBLANK($G54)),ISBLANK($G55)),""Reste réel"","""")"
Janvier 2026;55;D;D55;;"=IF(AND(NOT(ISBLANK($G54)),ISBLANK($G55)),$C$42-$H$40-$F$42,"""")"
Janvier 2026;55;G;G55;ChargeMap;
Janvier 2026;55;H;H55;105.7;
Janvier 2026;55;I;I55;x;
Janvier 2026;55;J;J55;105.7;"=IF(I55=""x"",H55,0)"
Janvier 2026;55;K;K55;Voiture/Déplacement;
Janvier 2026;56;A;A56;;"=IF(AND(NOT(ISBLANK(G55)),ISBLANK(G56)),""Reste prévu"","""")"
Janvier 2026;56;B;B56;;"=IF(AND(NOT(ISBLANK($G55)),ISBLANK($G56)),$C$42-$F$40-$F$42,"""")"
Janvier 2026;56;C;C56;;"=IF(AND(NOT(ISBLANK($G55)),ISBLANK($G56)),""Reste réel"","""")"
Janvier 2026;56;D;D56;;"=IF(AND(NOT(ISBLANK($G55)),ISBLANK($G56)),$C$42-$H$40-$F$42,"""")"
Janvier 2026;56;G;G56;Courses Arthur;
Janvier 2026;56;H;H56;26.82;
Janvier 2026;56;I;I56;x;
Janvier 2026;56;J;J56;26.82;"=IF(I56=""x"",H56,0)"
Janvier 2026;56;K;K56;Courses;
Janvier 2026;57;A;A57;;"=IF(AND(NOT(ISBLANK(G56)),ISBLANK(G57)),""Reste prévu"","""")"
Janvier 2026;57;B;B57;;"=IF(AND(NOT(ISBLANK($G56)),ISBLANK($G57)),$C$42-$F$40-$F$42,"""")"
Janvier 2026;57;C;C57;;"=IF(AND(NOT(ISBLANK($G56)),ISBLANK($G57)),""Reste réel"","""")"
Janvier 2026;57;D;D57;;"=IF(AND(NOT(ISBLANK($G56)),ISBLANK($G57)),$C$42-$H$40-$F$42,"""")"
Janvier 2026;57;G;G57;Train Arthur;
Janvier 2026;57;H;H57;9;
Janvier 2026;57;I;I57;x;
Janvier 2026;57;J;J57;9;"=IF(I57=""x"",H57,0)"
Janvier 2026;57;K;K57;Voiture/Déplacement;
Janvier 2026;58;A;A58;;"=IF(AND(NOT(ISBLANK(G57)),ISBLANK(G58)),""Reste prévu"","""")"
Janvier 2026;58;B;B58;;"=IF(AND(NOT(ISBLANK($G57)),ISBLANK($G58)),$C$42-$F$40-$F$42,"""")"
Janvier 2026;58;C;C58;;"=IF(AND(NOT(ISBLANK($G57)),ISBLANK($G58)),""Reste réel"","""")"
Janvier 2026;58;D;D58;;"=IF(AND(NOT(ISBLANK($G57)),ISBLANK($G58)),$C$42-$H$40-$F$42,"""")"
Janvier 2026;58;G;G58;Dr Apel;
Janvier 2026;58;H;H58;60;
Janvier 2026;58;I;I58;x;
Janvier 2026;58;J;J58;60;"=IF(I58=""x"",H58,0)"
Janvier 2026;58;K;K58;Medical;
Janvier 2026;59;A;A59;;"=IF(AND(NOT(ISBLANK(G58)),ISBLANK(G59)),""Reste prévu"","""")"
Janvier 2026;59;B;B59;;"=IF(AND(NOT(ISBLANK($G58)),ISBLANK($G59)),$C$42-$F$40-$F$42,"""")"
Janvier 2026;59;C;C59;;"=IF(AND(NOT(ISBLANK($G58)),ISBLANK($G59)),""Reste réel"","""")"
Janvier 2026;59;D;D59;;"=IF(AND(NOT(ISBLANK($G58)),ISBLANK($G59)),$C$42-$H$40-$F$42,"""")"
Janvier 2026;59;G;G59;Super U;
Janvier 2026;59;H;H59;8.94;
Janvier 2026;59;I;I59;x;
Janvier 2026;59;J;J59;8.94;"=IF(I59=""x"",H59,0)"
Janvier 2026;59;K;K59;Courses;
Janvier 2026;60;A;A60;;"=IF(AND(NOT(ISBLANK(G59)),ISBLANK(G60)),""Reste prévu"","""")"
Janvier 2026;60;B;B60;;"=IF(AND(NOT(ISBLANK($G59)),ISBLANK($G60)),$C$42-$F$40-$F$42,"""")"
Janvier 2026;60;C;C60;;"=IF(AND(NOT(ISBLANK($G59)),ISBLANK($G60)),""Reste réel"","""")"
Janvier 2026;60;D;D60;;"=IF(AND(NOT(ISBLANK($G59)),ISBLANK($G60)),$C$42-$H$40-$F$42,"""")"
Janvier 2026;60;G;G60;Leclerc;
Janvier 2026;60;H;H60;138.76;
Janvier 2026;60;I;I60;x;
Janvier 2026;60;J;J60;138.76;"=IF(I60=""x"",H60,0)"
Janvier 2026;60;K;K60;Courses;
Janvier 2026;61;A;A61;;"=IF(AND(NOT(ISBLANK(G60)),ISBLANK(G61)),""Reste prévu"","""")"
Janvier 2026;61;B;B61;;"=IF(AND(NOT(ISBLANK($G60)),ISBLANK($G61)),$C$42-$F$40-$F$42,"""")"
Janvier 2026;61;C;C61;;"=IF(AND(NOT(ISBLANK($G60)),ISBLANK($G61)),""Reste réel"","""")"
Janvier 2026;61;D;D61;;"=IF(AND(NOT(ISBLANK($G60)),ISBLANK($G61)),$C$42-$H$40-$F$42,"""")"
Janvier 2026;61;G;G61;Leclerc;
Janvier 2026;61;H;H61;15.72;
Janvier 2026;61;I;I61;x;
Janvier 2026;61;J;J61;15.72;"=IF(I61=""x"",H61,0)"
Janvier 2026;61;K;K61;Courses;
Janvier 2026;62;A;A62;;"=IF(AND(NOT(ISBLANK(G61)),ISBLANK(G62)),""Reste prévu"","""")"
Janvier 2026;62;B;B62;;"=IF(AND(NOT(ISBLANK($G61)),ISBLANK($G62)),$C$42-$F$40-$F$42,"""")"
Janvier 2026;62;C;C62;;"=IF(AND(NOT(ISBLANK($G61)),ISBLANK($G62)),""Reste réel"","""")"
Janvier 2026;62;D;D62;;"=IF(AND(NOT(ISBLANK($G61)),ISBLANK($G62)),$C$42-$H$40-$F$42,"""")"
Janvier 2026;62;G;G62;Train Arthur;
Janvier 2026;62;H;H62;9;
Janvier 2026;62;I;I62;x;
Janvier 2026;62;J;J62;9;"=IF(I62=""x"",H62,0)"
Janvier 2026;62;K;K62;Voiture/Déplacement;
Janvier 2026;63;A;A63;;"=IF(AND(NOT(ISBLANK(G62)),ISBLANK(G63)),""Reste prévu"","""")"
Janvier 2026;63;B;B63;;"=IF(AND(NOT(ISBLANK($G62)),ISBLANK($G63)),$C$42-$F$40-$F$42,"""")"
Janvier 2026;63;C;C63;;"=IF(AND(NOT(ISBLANK($G62)),ISBLANK($G63)),""Reste réel"","""")"
Janvier 2026;63;D;D63;;"=IF(AND(NOT(ISBLANK($G62)),ISBLANK($G63)),$C$42-$H$40-$F$42,"""")"
Janvier 2026;63;G;G63;Leclerc;
Janvier 2026;63;H;H63;70.61;
Janvier 2026;63;I;I63;x;
Janvier 2026;63;J;J63;70.61;"=IF(I63=""x"",H63,0)"
Janvier 2026;63;K;K63;Courses;
Janvier 2026;64;A;A64;;"=IF(AND(NOT(ISBLANK(G63)),ISBLANK(G64)),""Reste prévu"","""")"
Janvier 2026;64;B;B64;;"=IF(AND(NOT(ISBLANK($G63)),ISBLANK($G64)),$C$42-$F$40-$F$42,"""")"
Janvier 2026;64;C;C64;;"=IF(AND(NOT(ISBLANK($G63)),ISBLANK($G64)),""Reste réel"","""")"
Janvier 2026;64;D;D64;;"=IF(AND(NOT(ISBLANK($G63)),ISBLANK($G64)),$C$42-$H$40-$F$42,"""")"
Janvier 2026;64;G;G64;Cafran Tregeux;
Janvier 2026;64;H;H64;72.32;
Janvier 2026;64;I;I64;x;
Janvier 2026;64;J;J64;72.32;"=IF(I64=""x"",H64,0)"
Janvier 2026;64;K;K64;Courses;
Janvier 2026;65;A;A65;;"=IF(AND(NOT(ISBLANK(G64)),ISBLANK(G65)),""Reste prévu"","""")"
Janvier 2026;65;B;B65;;"=IF(AND(NOT(ISBLANK($G64)),ISBLANK($G65)),$C$42-$F$40-$F$42,"""")"
Janvier 2026;65;C;C65;;"=IF(AND(NOT(ISBLANK($G64)),ISBLANK($G65)),""Reste réel"","""")"
Janvier 2026;65;D;D65;;"=IF(AND(NOT(ISBLANK($G64)),ISBLANK($G65)),$C$42-$H$40-$F$42,"""")"
Janvier 2026;65;G;G65;MaxiCoffee;
Janvier 2026;65;H;H65;47.84;
Janvier 2026;65;I;I65;x;
Janvier 2026;65;J;J65;47.84;"=IF(I65=""x"",H65,0)"
Janvier 2026;65;K;K65;Courses;
Janvier 2026;66;A;A66;;"=IF(AND(NOT(ISBLANK(G65)),ISBLANK(G66)),""Reste prévu"","""")"
Janvier 2026;66;B;B66;;"=IF(AND(NOT(ISBLANK($G65)),ISBLANK($G66)),$C$42-$F$40-$F$42,"""")"
Janvier 2026;66;C;C66;;"=IF(AND(NOT(ISBLANK($G65)),ISBLANK($G66)),""Reste réel"","""")"
Janvier 2026;66;D;D66;;"=IF(AND(NOT(ISBLANK($G65)),ISBLANK($G66)),$C$42-$H$40-$F$42,"""")"
Janvier 2026;66;G;G66;Café Ploeuc;
Janvier 2026;66;H;H66;1;
Janvier 2026;66;I;I66;x;
Janvier 2026;66;J;J66;1;"=IF(I66=""x"",H66,0)"
Janvier 2026;66;K;K66;Courses;
Janvier 2026;67;A;A67;;"=IF(AND(NOT(ISBLANK(G66)),ISBLANK(G67)),""Reste prévu"","""")"
Janvier 2026;67;B;B67;;"=IF(AND(NOT(ISBLANK($G66)),ISBLANK($G67)),$C$42-$F$40-$F$42,"""")"
Janvier 2026;67;C;C67;;"=IF(AND(NOT(ISBLANK($G66)),ISBLANK($G67)),""Reste réel"","""")"
Janvier 2026;67;D;D67;;"=IF(AND(NOT(ISBLANK($G66)),ISBLANK($G67)),$C$42-$H$40-$F$42,"""")"
Janvier 2026;67;G;G67;Café Ploeuc;
Janvier 2026;67;H;H67;3;
Janvier 2026;67;I;I67;x;
Janvier 2026;67;J;J67;3;"=IF(I67=""x"",H67,0)"
Janvier 2026;67;K;K67;Courses;
Janvier 2026;68;A;A68;;"=IF(AND(NOT(ISBLANK(G67)),ISBLANK(G68)),""Reste prévu"","""")"
Janvier 2026;68;B;B68;;"=IF(AND(NOT(ISBLANK($G67)),ISBLANK($G68)),$C$42-$F$40-$F$42,"""")"
Janvier 2026;68;C;C68;;"=IF(AND(NOT(ISBLANK($G67)),ISBLANK($G68)),""Reste réel"","""")"
Janvier 2026;68;D;D68;;"=IF(AND(NOT(ISBLANK($G67)),ISBLANK($G68)),$C$42-$H$40-$F$42,"""")"
Janvier 2026;68;G;G68;Super U;
Janvier 2026;68;H;H68;102.95;
Janvier 2026;68;I;I68;x;
Janvier 2026;68;J;J68;102.95;"=IF(I68=""x"",H68,0)"
Janvier 2026;68;K;K68;Courses;
Janvier 2026;69;A;A69;;"=IF(AND(NOT(ISBLANK(G68)),ISBLANK(G69)),""Reste prévu"","""")"
Janvier 2026;69;B;B69;;"=IF(AND(NOT(ISBLANK($G68)),ISBLANK($G69)),$C$42-$F$40-$F$42,"""")"
Janvier 2026;69;C;C69;;"=IF(AND(NOT(ISBLANK($G68)),ISBLANK($G69)),""Reste réel"","""")"
Janvier 2026;69;D;D69;;"=IF(AND(NOT(ISBLANK($G68)),ISBLANK($G69)),$C$42-$H$40-$F$42,"""")"
Janvier 2026;69;G;G69;Pharmacie;
Janvier 2026;69;H;H69;29.75;
Janvier 2026;69;I;I69;x;
Janvier 2026;69;J;J69;29.75;"=IF(I69=""x"",H69,0)"
Janvier 2026;69;K;K69;Medical;
Janvier 2026;70;A;A70;;"=IF(AND(NOT(ISBLANK(G69)),ISBLANK(G70)),""Reste prévu"","""")"
Janvier 2026;70;B;B70;;"=IF(AND(NOT(ISBLANK($G69)),ISBLANK($G70)),$C$42-$F$40-$F$42,"""")"
Janvier 2026;70;C;C70;;"=IF(AND(NOT(ISBLANK($G69)),ISBLANK($G70)),""Reste réel"","""")"
Janvier 2026;70;D;D70;;"=IF(AND(NOT(ISBLANK($G69)),ISBLANK($G70)),$C$42-$H$40-$F$42,"""")"
Janvier 2026;70;G;G70;Train Arthur;
Janvier 2026;70;H;H70;9;
Janvier 2026;70;I;I70;x;
Janvier 2026;70;J;J70;9;"=IF(I70=""x"",H70,0)"
Janvier 2026;70;K;K70;Voiture/Déplacement;
Janvier 2026;71;A;A71;;"=IF(AND(NOT(ISBLANK(G70)),ISBLANK(G71)),""Reste prévu"","""")"
Janvier 2026;71;B;B71;;"=IF(AND(NOT(ISBLANK($G70)),ISBLANK($G71)),$C$42-$F$40-$F$42,"""")"
Janvier 2026;71;C;C71;;"=IF(AND(NOT(ISBLANK($G70)),ISBLANK($G71)),""Reste réel"","""")"
Janvier 2026;71;D;D71;;"=IF(AND(NOT(ISBLANK($G70)),ISBLANK($G71)),$C$42-$H$40-$F$42,"""")"
Janvier 2026;71;G;G71;Leroy Merlin;
Janvier 2026;71;H;H71;420.09;
Janvier 2026;71;I;I71;x;
Janvier 2026;71;J;J71;420.09;"=IF(I71=""x"",H71,0)"
Janvier 2026;71;K;K71;Bricolage/Travaux;
Janvier 2026;72;A;A72;;"=IF(AND(NOT(ISBLANK(G71)),ISBLANK(G72)),""Reste prévu"","""")"
Janvier 2026;72;B;B72;;"=IF(AND(NOT(ISBLANK($G71)),ISBLANK($G72)),$C$42-$F$40-$F$42,"""")"
Janvier 2026;72;C;C72;;"=IF(AND(NOT(ISBLANK($G71)),ISBLANK($G72)),""Reste réel"","""")"
Janvier 2026;72;D;D72;;"=IF(AND(NOT(ISBLANK($G71)),ISBLANK($G72)),$C$42-$H$40-$F$42,"""")"
Janvier 2026;72;G;G72;Frais Bancaire;
Janvier 2026;72;H;H72;6.01;
Janvier 2026;72;I;I72;x;
Janvier 2026;72;J;J72;6.01;"=IF(I72=""x"",H72,0)"
Janvier 2026;72;K;K72;Divers;
Janvier 2026;73;A;A73;;"=IF(AND(NOT(ISBLANK(G72)),ISBLANK(G73)),""Reste prévu"","""")"
Janvier 2026;73;B;B73;;"=IF(AND(NOT(ISBLANK($G72)),ISBLANK($G73)),$C$42-$F$40-$F$42,"""")"
Janvier 2026;73;C;C73;;"=IF(AND(NOT(ISBLANK($G72)),ISBLANK($G73)),""Reste réel"","""")"
Janvier 2026;73;D;D73;;"=IF(AND(NOT(ISBLANK($G72)),ISBLANK($G73)),$C$42-$H$40-$F$42,"""")"
Janvier 2026;73;G;G73;Engie;
Janvier 2026;73;H;H73;509.85;
Janvier 2026;73;I;I73;x;
Janvier 2026;73;J;J73;509.85;"=IF(I73=""x"",H73,0)"
Janvier 2026;73;K;K73;Charges;
Janvier 2026;74;A;A74;;"=IF(AND(NOT(ISBLANK(G73)),ISBLANK(G74)),""Reste prévu"","""")"
Janvier 2026;74;B;B74;;"=IF(AND(NOT(ISBLANK($G73)),ISBLANK($G74)),$C$42-$F$40-$F$42,"""")"
Janvier 2026;74;C;C74;;"=IF(AND(NOT(ISBLANK($G73)),ISBLANK($G74)),""Reste réel"","""")"
Janvier 2026;74;D;D74;;"=IF(AND(NOT(ISBLANK($G73)),ISBLANK($G74)),$C$42-$H$40-$F$42,"""")"
Janvier 2026;74;G;G74;Mr Bricolage;
Janvier 2026;74;H;H74;6.95;
Janvier 2026;74;I;I74;x;
Janvier 2026;74;J;J74;6.95;"=IF(I74=""x"",H74,0)"
Janvier 2026;74;K;K74;Bricolage/Travaux;
Janvier 2026;75;A;A75;;"=IF(AND(NOT(ISBLANK(G74)),ISBLANK(G75)),""Reste prévu"","""")"
Janvier 2026;75;B;B75;;"=IF(AND(NOT(ISBLANK($G74)),ISBLANK($G75)),$C$42-$F$40-$F$42,"""")"
Janvier 2026;75;C;C75;;"=IF(AND(NOT(ISBLANK($G74)),ISBLANK($G75)),""Reste réel"","""")"
Janvier 2026;75;D;D75;;"=IF(AND(NOT(ISBLANK($G74)),ISBLANK($G75)),$C$42-$H$40-$F$42,"""")"
Janvier 2026;75;G;G75;Leclerc;
Janvier 2026;75;H;H75;9.78;
Janvier 2026;75;I;I75;x;
Janvier 2026;75;J;J75;9.78;"=IF(I75=""x"",H75,0)"
Janvier 2026;75;K;K75;Courses;
Janvier 2026;76;A;A76;;"=IF(AND(NOT(ISBLANK(G75)),ISBLANK(G76)),""Reste prévu"","""")"
Janvier 2026;76;B;B76;;"=IF(AND(NOT(ISBLANK($G75)),ISBLANK($G76)),$C$42-$F$40-$F$42,"""")"
Janvier 2026;76;C;C76;;"=IF(AND(NOT(ISBLANK($G75)),ISBLANK($G76)),""Reste réel"","""")"
Janvier 2026;76;D;D76;;"=IF(AND(NOT(ISBLANK($G75)),ISBLANK($G76)),$C$42-$H$40-$F$42,"""")"
Janvier 2026;76;G;G76;Leclerc;
Janvier 2026;76;H;H76;30.85;
Janvier 2026;76;I;I76;x;
Janvier 2026;76;J;J76;30.85;"=IF(I76=""x"",H76,0)"
Janvier 2026;76;K;K76;Courses;
Janvier 2026;77;A;A77;;"=IF(AND(NOT(ISBLANK(G76)),ISBLANK(G77)),""Reste prévu"","""")"
Janvier 2026;77;B;B77;;"=IF(AND(NOT(ISBLANK($G76)),ISBLANK($G77)),$C$42-$F$40-$F$42,"""")"
Janvier 2026;77;C;C77;;"=IF(AND(NOT(ISBLANK($G76)),ISBLANK($G77)),""Reste réel"","""")"
Janvier 2026;77;D;D77;;"=IF(AND(NOT(ISBLANK($G76)),ISBLANK($G77)),$C$42-$H$40-$F$42,"""")"
Janvier 2026;77;G;G77;Autoroute;
Janvier 2026;77;H;H77;66.6;
Janvier 2026;77;I;I77;x;
Janvier 2026;77;J;J77;66.6;"=IF(I77=""x"",H77,0)"
Janvier 2026;77;K;K77;Voiture/Déplacement;
Janvier 2026;78;A;A78;;"=IF(AND(NOT(ISBLANK(G77)),ISBLANK(G78)),""Reste prévu"","""")"
Janvier 2026;78;B;B78;;"=IF(AND(NOT(ISBLANK($G77)),ISBLANK($G78)),$C$42-$F$40-$F$42,"""")"
Janvier 2026;78;C;C78;;"=IF(AND(NOT(ISBLANK($G77)),ISBLANK($G78)),""Reste réel"","""")"
Janvier 2026;78;D;D78;;"=IF(AND(NOT(ISBLANK($G77)),ISBLANK($G78)),$C$42-$H$40-$F$42,"""")"
Janvier 2026;78;G;G78;Amazon;
Janvier 2026;78;H;H78;9.99;
Janvier 2026;78;I;I78;x;
Janvier 2026;78;J;J78;9.99;"=IF(I78=""x"",H78,0)"
Janvier 2026;78;K;K78;Internet/Téléphone;
Janvier 2026;79;A;A79;;"=IF(AND(NOT(ISBLANK(G78)),ISBLANK(G79)),""Reste prévu"","""")"
Janvier 2026;79;B;B79;;"=IF(AND(NOT(ISBLANK($G78)),ISBLANK($G79)),$C$42-$F$40-$F$42,"""")"
Janvier 2026;79;C;C79;;"=IF(AND(NOT(ISBLANK($G78)),ISBLANK($G79)),""Reste réel"","""")"
Janvier 2026;79;D;D79;;"=IF(AND(NOT(ISBLANK($G78)),ISBLANK($G79)),$C$42-$H$40-$F$42,"""")"
Janvier 2026;79;G;G79;Cigarettes;
Janvier 2026;79;H;H79;13;
Janvier 2026;79;I;I79;x;
Janvier 2026;79;J;J79;13;"=IF(I79=""x"",H79,0)"
Janvier 2026;79;K;K79;Courses;
Janvier 2026;80;A;A80;;"=IF(AND(NOT(ISBLANK(G79)),ISBLANK(G80)),""Reste prévu"","""")"
Janvier 2026;80;B;B80;;"=IF(AND(NOT(ISBLANK($G79)),ISBLANK($G80)),$C$42-$F$40-$F$42,"""")"
Janvier 2026;80;C;C80;;"=IF(AND(NOT(ISBLANK($G79)),ISBLANK($G80)),""Reste réel"","""")"
Janvier 2026;80;D;D80;;"=IF(AND(NOT(ISBLANK($G79)),ISBLANK($G80)),$C$42-$H$40-$F$42,"""")"
Janvier 2026;80;G;G80;Mr Bricolage;
Janvier 2026;80;H;H80;59.22;
Janvier 2026;80;I;I80;x;
Janvier 2026;80;J;J80;59.22;"=IF(I80=""x"",H80,0)"
Janvier 2026;80;K;K80;Bricolage/Travaux;
Janvier 2026;81;A;A81;;"=IF(AND(NOT(ISBLANK(G80)),ISBLANK(G81)),""Reste prévu"","""")"
Janvier 2026;81;B;B81;;"=IF(AND(NOT(ISBLANK($G80)),ISBLANK($G81)),$C$42-$F$40-$F$42,"""")"
Janvier 2026;81;C;C81;;"=IF(AND(NOT(ISBLANK($G80)),ISBLANK($G81)),""Reste réel"","""")"
Janvier 2026;81;D;D81;;"=IF(AND(NOT(ISBLANK($G80)),ISBLANK($G81)),$C$42-$H$40-$F$42,"""")"
Janvier 2026;81;G;G81;Montre Ael;
Janvier 2026;81;H;H81;279;
Janvier 2026;81;I;I81;x;
Janvier 2026;81;J;J81;279;"=IF(I81=""x"",H81,0)"
Janvier 2026;81;K;K81;Cadeau;
Janvier 2026;82;A;A82;;"=IF(AND(NOT(ISBLANK(G81)),ISBLANK(G82)),""Reste prévu"","""")"
Janvier 2026;82;B;B82;;"=IF(AND(NOT(ISBLANK($G81)),ISBLANK($G82)),$C$42-$F$40-$F$42,"""")"
Janvier 2026;82;C;C82;;"=IF(AND(NOT(ISBLANK($G81)),ISBLANK($G82)),""Reste réel"","""")"
Janvier 2026;82;D;D82;;"=IF(AND(NOT(ISBLANK($G81)),ISBLANK($G82)),$C$42-$H$40-$F$42,"""")"
Janvier 2026;82;G;G82;Apple;
Janvier 2026;82;H;H82;0.99;
Janvier 2026;82;I;I82;x;
Janvier 2026;82;J;J82;0.99;"=IF(I82=""x"",H82,0)"
Janvier 2026;82;K;K82;Internet/Téléphone;
Janvier 2026;83;A;A83;;"=IF(AND(NOT(ISBLANK(G82)),ISBLANK(G83)),""Reste prévu"","""")"
Janvier 2026;83;B;B83;;"=IF(AND(NOT(ISBLANK($G82)),ISBLANK($G83)),$C$42-$F$40-$F$42,"""")"
Janvier 2026;83;C;C83;;"=IF(AND(NOT(ISBLANK($G82)),ISBLANK($G83)),""Reste réel"","""")"
Janvier 2026;83;D;D83;;"=IF(AND(NOT(ISBLANK($G82)),ISBLANK($G83)),$C$42-$H$40-$F$42,"""")"
Janvier 2026;83;G;G83;Leclerc;
Janvier 2026;83;H;H83;48.41;
Janvier 2026;83;I;I83;x;
Janvier 2026;83;J;J83;48.41;"=IF(I83=""x"",H83,0)"
Janvier 2026;83;K;K83;Courses;
Janvier 2026;84;A;A84;;"=IF(AND(NOT(ISBLANK(G83)),ISBLANK(G84)),""Reste prévu"","""")"
Janvier 2026;84;B;B84;;"=IF(AND(NOT(ISBLANK($G83)),ISBLANK($G84)),$C$42-$F$40-$F$42,"""")"
Janvier 2026;84;C;C84;;"=IF(AND(NOT(ISBLANK($G83)),ISBLANK($G84)),""Reste réel"","""")"
Janvier 2026;84;D;D84;;"=IF(AND(NOT(ISBLANK($G83)),ISBLANK($G84)),$C$42-$H$40-$F$42,"""")"
Janvier 2026;84;G;G84;Nems;
Janvier 2026;84;H;H84;48.5;
Janvier 2026;84;I;I84;x;
Janvier 2026;84;J;J84;48.5;"=IF(I84=""x"",H84,0)"
Janvier 2026;84;K;K84;Courses;
Janvier 2026;85;A;A85;;"=IF(AND(NOT(ISBLANK(G84)),ISBLANK(G85)),""Reste prévu"","""")"
Janvier 2026;85;B;B85;;"=IF(AND(NOT(ISBLANK($G84)),ISBLANK($G85)),$C$42-$F$40-$F$42,"""")"
Janvier 2026;85;C;C85;;"=IF(AND(NOT(ISBLANK($G84)),ISBLANK($G85)),""Reste réel"","""")"
Janvier 2026;85;D;D85;;"=IF(AND(NOT(ISBLANK($G84)),ISBLANK($G85)),$C$42-$H$40-$F$42,"""")"
Janvier 2026;85;G;G85;Fournil du port;
Janvier 2026;85;H;H85;8.53;
Janvier 2026;85;I;I85;x;
Janvier 2026;85;J;J85;8.53;"=IF(I85=""x"",H85,0)"
Janvier 2026;85;K;K85;Courses;
Janvier 2026;86;A;A86;;"=IF(AND(NOT(ISBLANK(G85)),ISBLANK(G86)),""Reste prévu"","""")"
Janvier 2026;86;B;B86;;"=IF(AND(NOT(ISBLANK($G85)),ISBLANK($G86)),$C$42-$F$40-$F$42,"""")"
Janvier 2026;86;C;C86;;"=IF(AND(NOT(ISBLANK($G85)),ISBLANK($G86)),""Reste réel"","""")"
Janvier 2026;86;D;D86;;"=IF(AND(NOT(ISBLANK($G85)),ISBLANK($G86)),$C$42-$H$40-$F$42,"""")"
Janvier 2026;86;G;G86;Monde du Chocolat;
Janvier 2026;86;H;H86;50.55;
Janvier 2026;86;I;I86;x;
Janvier 2026;86;J;J86;50.55;"=IF(I86=""x"",H86,0)"
Janvier 2026;86;K;K86;Cadeau;
Janvier 2026;87;A;A87;;"=IF(AND(NOT(ISBLANK(G86)),ISBLANK(G87)),""Reste prévu"","""")"
Janvier 2026;87;B;B87;;"=IF(AND(NOT(ISBLANK($G86)),ISBLANK($G87)),$C$42-$F$40-$F$42,"""")"
Janvier 2026;87;C;C87;;"=IF(AND(NOT(ISBLANK($G86)),ISBLANK($G87)),""Reste réel"","""")"
Janvier 2026;87;D;D87;;"=IF(AND(NOT(ISBLANK($G86)),ISBLANK($G87)),$C$42-$H$40-$F$42,"""")"
Janvier 2026;87;G;G87;Vogue;
Janvier 2026;87;H;H87;85;
Janvier 2026;87;I;I87;x;
Janvier 2026;87;J;J87;85;"=IF(I87=""x"",H87,0)"
Janvier 2026;87;K;K87;Vêtements;
Janvier 2026;88;A;A88;;"=IF(AND(NOT(ISBLANK(G87)),ISBLANK(G88)),""Reste prévu"","""")"
Janvier 2026;88;B;B88;;"=IF(AND(NOT(ISBLANK($G87)),ISBLANK($G88)),$C$42-$F$40-$F$42,"""")"
Janvier 2026;88;C;C88;;"=IF(AND(NOT(ISBLANK($G87)),ISBLANK($G88)),""Reste réel"","""")"
Janvier 2026;88;D;D88;;"=IF(AND(NOT(ISBLANK($G87)),ISBLANK($G88)),$C$42-$H$40-$F$42,"""")"
Janvier 2026;88;G;G88;Pharmacie;
Janvier 2026;88;H;H88;130.55;
Janvier 2026;88;I;I88;x;
Janvier 2026;88;J;J88;130.55;"=IF(I88=""x"",H88,0)"
Janvier 2026;88;K;K88;Medical;
Janvier 2026;89;A;A89;;"=IF(AND(NOT(ISBLANK(G88)),ISBLANK(G89)),""Reste prévu"","""")"
Janvier 2026;89;B;B89;;"=IF(AND(NOT(ISBLANK($G88)),ISBLANK($G89)),$C$42-$F$40-$F$42,"""")"
Janvier 2026;89;C;C89;;"=IF(AND(NOT(ISBLANK($G88)),ISBLANK($G89)),""Reste réel"","""")"
Janvier 2026;89;D;D89;;"=IF(AND(NOT(ISBLANK($G88)),ISBLANK($G89)),$C$42-$H$40-$F$42,"""")"
Janvier 2026;89;G;G89;Cave Gourmande;
Janvier 2026;89;H;H89;94.8;
Janvier 2026;89;I;I89;x;
Janvier 2026;89;J;J89;94.8;"=IF(I89=""x"",H89,0)"
Janvier 2026;89;K;K89;Cadeau;
Janvier 2026;90;A;A90;;"=IF(AND(NOT(ISBLANK(G89)),ISBLANK(G90)),""Reste prévu"","""")"
Janvier 2026;90;B;B90;;"=IF(AND(NOT(ISBLANK($G89)),ISBLANK($G90)),$C$42-$F$40-$F$42,"""")"
Janvier 2026;90;C;C90;;"=IF(AND(NOT(ISBLANK($G89)),ISBLANK($G90)),""Reste réel"","""")"
Janvier 2026;90;D;D90;;"=IF(AND(NOT(ISBLANK($G89)),ISBLANK($G90)),$C$42-$H$40-$F$42,"""")"
Janvier 2026;90;G;G90;Train Arthur;
Janvier 2026;90;H;H90;9;
Janvier 2026;90;I;I90;x;
Janvier 2026;90;J;J90;9;"=IF(I90=""x"",H90,0)"
Janvier 2026;90;K;K90;Voiture/Déplacement;
Janvier 2026;91;A;A91;;"=IF(AND(NOT(ISBLANK(G90)),ISBLANK(G91)),""Reste prévu"","""")"
Janvier 2026;91;B;B91;;"=IF(AND(NOT(ISBLANK($G90)),ISBLANK($G91)),$C$42-$F$40-$F$42,"""")"
Janvier 2026;91;C;C91;;"=IF(AND(NOT(ISBLANK($G90)),ISBLANK($G91)),""Reste réel"","""")"
Janvier 2026;91;D;D91;;"=IF(AND(NOT(ISBLANK($G90)),ISBLANK($G91)),$C$42-$H$40-$F$42,"""")"
Janvier 2026;91;G;G91;Train Arthur;
Janvier 2026;91;H;H91;9;
Janvier 2026;91;I;I91;x;
Janvier 2026;91;J;J91;9;"=IF(I91=""x"",H91,0)"
Janvier 2026;91;K;K91;Voiture/Déplacement;
Janvier 2026;92;A;A92;;"=IF(AND(NOT(ISBLANK(G91)),ISBLANK(G92)),""Reste prévu"","""")"
Janvier 2026;92;B;B92;;"=IF(AND(NOT(ISBLANK($G91)),ISBLANK($G92)),$C$42-$F$40-$F$42,"""")"
Janvier 2026;92;C;C92;;"=IF(AND(NOT(ISBLANK($G91)),ISBLANK($G92)),""Reste réel"","""")"
Janvier 2026;92;D;D92;;"=IF(AND(NOT(ISBLANK($G91)),ISBLANK($G92)),$C$42-$H$40-$F$42,"""")"
Janvier 2026;92;G;G92;Leclerc;
Janvier 2026;92;H;H92;85.38;
Janvier 2026;92;I;I92;x;
Janvier 2026;92;J;J92;85.38;"=IF(I92=""x"",H92,0)"
Janvier 2026;92;K;K92;Courses;
Janvier 2026;93;A;A93;;"=IF(AND(NOT(ISBLANK(G92)),ISBLANK(G93)),""Reste prévu"","""")"
Janvier 2026;93;B;B93;;"=IF(AND(NOT(ISBLANK($G92)),ISBLANK($G93)),$C$42-$F$40-$F$42,"""")"
Janvier 2026;93;C;C93;;"=IF(AND(NOT(ISBLANK($G92)),ISBLANK($G93)),""Reste réel"","""")"
Janvier 2026;93;D;D93;;"=IF(AND(NOT(ISBLANK($G92)),ISBLANK($G93)),$C$42-$H$40-$F$42,"""")"
Janvier 2026;93;G;G93;Leclerc;
Janvier 2026;93;H;H93;26.29;
Janvier 2026;93;I;I93;x;
Janvier 2026;93;J;J93;26.29;"=IF(I93=""x"",H93,0)"
Janvier 2026;93;K;K93;Courses;
Janvier 2026;94;A;A94;;"=IF(AND(NOT(ISBLANK(G93)),ISBLANK(G94)),""Reste prévu"","""")"
Janvier 2026;94;B;B94;;"=IF(AND(NOT(ISBLANK($G93)),ISBLANK($G94)),$C$42-$F$40-$F$42,"""")"
Janvier 2026;94;C;C94;;"=IF(AND(NOT(ISBLANK($G93)),ISBLANK($G94)),""Reste réel"","""")"
Janvier 2026;94;D;D94;;"=IF(AND(NOT(ISBLANK($G93)),ISBLANK($G94)),$C$42-$H$40-$F$42,"""")"
Janvier 2026;94;G;G94;Croquettes Oska;
Janvier 2026;94;H;H94;47.01;
Janvier 2026;94;I;I94;x;
Janvier 2026;94;J;J94;47.01;"=IF(I94=""x"",H94,0)"
Janvier 2026;94;K;K94;Divers;
Janvier 2026;95;A;A95;;"=IF(AND(NOT(ISBLANK(G94)),ISBLANK(G95)),""Reste prévu"","""")"
Janvier 2026;95;B;B95;;"=IF(AND(NOT(ISBLANK($G94)),ISBLANK($G95)),$C$42-$F$40-$F$42,"""")"
Janvier 2026;95;C;C95;;"=IF(AND(NOT(ISBLANK($G94)),ISBLANK($G95)),""Reste réel"","""")"
Janvier 2026;95;D;D95;;"=IF(AND(NOT(ISBLANK($G94)),ISBLANK($G95)),$C$42-$H$40-$F$42,"""")"
Janvier 2026;95;G;G95;Pot Bains;
Janvier 2026;95;H;H95;19.2;
Janvier 2026;95;I;I95;x;
Janvier 2026;95;J;J95;19.2;"=IF(I95=""x"",H95,0)"
Janvier 2026;95;K;K95;Loisirs;
Janvier 2026;96;A;A96;;"=IF(AND(NOT(ISBLANK(G95)),ISBLANK(G96)),""Reste prévu"","""")"
Janvier 2026;96;B;B96;;"=IF(AND(NOT(ISBLANK($G95)),ISBLANK($G96)),$C$42-$F$40-$F$42,"""")"
Janvier 2026;96;C;C96;;"=IF(AND(NOT(ISBLANK($G95)),ISBLANK($G96)),""Reste réel"","""")"
Janvier 2026;96;D;D96;;"=IF(AND(NOT(ISBLANK($G95)),ISBLANK($G96)),$C$42-$H$40-$F$42,"""")"
Janvier 2026;96;G;G96;Virement Elouen;
Janvier 2026;96;H;H96;120;
Janvier 2026;96;I;I96;x;
Janvier 2026;96;J;J96;120;"=IF(I96=""x"",H96,0)"
Janvier 2026;96;K;K96;Charges;
Janvier 2026;97;A;A97;;"=IF(AND(NOT(ISBLANK(G96)),ISBLANK(G97)),""Reste prévu"","""")"
Janvier 2026;97;B;B97;;"=IF(AND(NOT(ISBLANK($G96)),ISBLANK($G97)),$C$42-$F$40-$F$42,"""")"
Janvier 2026;97;C;C97;;"=IF(AND(NOT(ISBLANK($G96)),ISBLANK($G97)),""Reste réel"","""")"
Janvier 2026;97;D;D97;;"=IF(AND(NOT(ISBLANK($G96)),ISBLANK($G97)),$C$42-$H$40-$F$42,"""")"
Janvier 2026;97;G;G97;Leclerc;
Janvier 2026;97;H;H97;4.68;
Janvier 2026;97;I;I97;x;
Janvier 2026;97;J;J97;4.68;"=IF(I97=""x"",H97,0)"
Janvier 2026;97;K;K97;Courses;
Janvier 2026;98;A;A98;;"=IF(AND(NOT(ISBLANK(G97)),ISBLANK(G98)),""Reste prévu"","""")"
Janvier 2026;98;B;B98;;"=IF(AND(NOT(ISBLANK($G97)),ISBLANK($G98)),$C$42-$F$40-$F$42,"""")"
Janvier 2026;98;C;C98;;"=IF(AND(NOT(ISBLANK($G97)),ISBLANK($G98)),""Reste réel"","""")"
Janvier 2026;98;D;D98;;"=IF(AND(NOT(ISBLANK($G97)),ISBLANK($G98)),$C$42-$H$40-$F$42,"""")"
Janvier 2026;98;G;G98;Leroy Merlin;
Janvier 2026;98;H;H98;45.98;
Janvier 2026;98;I;I98;x;
Janvier 2026;98;J;J98;45.98;"=IF(I98=""x"",H98,0)"
Janvier 2026;98;K;K98;Bricolage/Travaux;
Janvier 2026;99;A;A99;;"=IF(AND(NOT(ISBLANK(G98)),ISBLANK(G99)),""Reste prévu"","""")"
Janvier 2026;99;B;B99;;"=IF(AND(NOT(ISBLANK($G98)),ISBLANK($G99)),$C$42-$F$40-$F$42,"""")"
Janvier 2026;99;C;C99;;"=IF(AND(NOT(ISBLANK($G98)),ISBLANK($G99)),""Reste réel"","""")"
Janvier 2026;99;D;D99;;"=IF(AND(NOT(ISBLANK($G98)),ISBLANK($G99)),$C$42-$H$40-$F$42,"""")"
Janvier 2026;99;G;G99;Leroy Merlin;
Janvier 2026;99;H;H99;106.39;
Janvier 2026;99;I;I99;x;
Janvier 2026;99;J;J99;106.39;"=IF(I99=""x"",H99,0)"
Janvier 2026;99;K;K99;Bricolage/Travaux;
Janvier 2026;100;A;A100;;"=IF(AND(NOT(ISBLANK(G99)),ISBLANK(G100)),""Reste prévu"","""")"
Janvier 2026;100;B;B100;;"=IF(AND(NOT(ISBLANK($G99)),ISBLANK($G100)),$C$42-$F$40-$F$42,"""")"
Janvier 2026;100;C;C100;;"=IF(AND(NOT(ISBLANK($G99)),ISBLANK($G100)),""Reste réel"","""")"
Janvier 2026;100;D;D100;;"=IF(AND(NOT(ISBLANK($G99)),ISBLANK($G100)),$C$42-$H$40-$F$42,"""")"
Janvier 2026;100;G;G100;Leclerc;
Janvier 2026;100;H;H100;25.01;
Janvier 2026;100;I;I100;x;
Janvier 2026;100;J;J100;25.01;"=IF(I100=""x"",H100,0)"
Janvier 2026;100;K;K100;Courses;
Janvier 2026;101;A;A101;;"=IF(AND(NOT(ISBLANK(G100)),ISBLANK(G101)),""Reste prévu"","""")"
Janvier 2026;101;B;B101;;"=IF(AND(NOT(ISBLANK($G100)),ISBLANK($G101)),$C$42-$F$40-$F$42,"""")"
Janvier 2026;101;C;C101;;"=IF(AND(NOT(ISBLANK($G100)),ISBLANK($G101)),""Reste réel"","""")"
Janvier 2026;101;D;D101;;"=IF(AND(NOT(ISBLANK($G100)),ISBLANK($G101)),$C$42-$H$40-$F$42,"""")"
Janvier 2026;101;G;G101;4 Murs;
Janvier 2026;101;H;H101;49.85;
Janvier 2026;101;I;I101;x;
Janvier 2026;101;J;J101;49.85;"=IF(I101=""x"",H101,0)"
Janvier 2026;101;K;K101;Bricolage/Travaux;
Janvier 2026;102;A;A102;;"=IF(AND(NOT(ISBLANK(G101)),ISBLANK(G102)),""Reste prévu"","""")"
Janvier 2026;102;B;B102;;"=IF(AND(NOT(ISBLANK($G101)),ISBLANK($G102)),$C$42-$F$40-$F$42,"""")"
Janvier 2026;102;C;C102;;"=IF(AND(NOT(ISBLANK($G101)),ISBLANK($G102)),""Reste réel"","""")"
Janvier 2026;102;D;D102;;"=IF(AND(NOT(ISBLANK($G101)),ISBLANK($G102)),$C$42-$H$40-$F$42,"""")"
Janvier 2026;102;G;G102;4 Murs;
Janvier 2026;102;H;H102;59.85;
Janvier 2026;102;I;I102;x;
Janvier 2026;102;J;J102;59.85;"=IF(I102=""x"",H102,0)"
Janvier 2026;102;K;K102;Bricolage/Travaux;
Janvier 2026;103;A;A103;;"=IF(AND(NOT(ISBLANK(G102)),ISBLANK(G103)),""Reste prévu"","""")"
Janvier 2026;103;B;B103;;"=IF(AND(NOT(ISBLANK($G102)),ISBLANK($G103)),$C$42-$F$40-$F$42,"""")"
Janvier 2026;103;C;C103;;"=IF(AND(NOT(ISBLANK($G102)),ISBLANK($G103)),""Reste réel"","""")"
Janvier 2026;103;D;D103;;"=IF(AND(NOT(ISBLANK($G102)),ISBLANK($G103)),$C$42-$H$40-$F$42,"""")"
Janvier 2026;103;G;G103;BackMarket Ael;
Janvier 2026;103;H;H103;576.99;
Janvier 2026;103;I;I103;x;
Janvier 2026;103;J;J103;576.99;"=IF(I103=""x"",H103,0)"
Janvier 2026;103;K;K103;Internet/Téléphone;
Janvier 2026;104;A;A104;;"=IF(AND(NOT(ISBLANK(G103)),ISBLANK(G104)),""Reste prévu"","""")"
Janvier 2026;104;B;B104;;"=IF(AND(NOT(ISBLANK($G103)),ISBLANK($G104)),$C$42-$F$40-$F$42,"""")"
Janvier 2026;104;C;C104;;"=IF(AND(NOT(ISBLANK($G103)),ISBLANK($G104)),""Reste réel"","""")"
Janvier 2026;104;D;D104;;"=IF(AND(NOT(ISBLANK($G103)),ISBLANK($G104)),$C$42-$H$40-$F$42,"""")"
Janvier 2026;104;G;G104;Tartapain;
Janvier 2026;104;H;H104;18.35;
Janvier 2026;104;I;I104;x;
Janvier 2026;104;J;J104;18.35;"=IF(I104=""x"",H104,0)"
Janvier 2026;104;K;K104;Courses;
Janvier 2026;105;A;A105;;"=IF(AND(NOT(ISBLANK(G104)),ISBLANK(G105)),""Reste prévu"","""")"
Janvier 2026;105;B;B105;;"=IF(AND(NOT(ISBLANK($G104)),ISBLANK($G105)),$C$42-$F$40-$F$42,"""")"
Janvier 2026;105;C;C105;;"=IF(AND(NOT(ISBLANK($G104)),ISBLANK($G105)),""Reste réel"","""")"
Janvier 2026;105;D;D105;;"=IF(AND(NOT(ISBLANK($G104)),ISBLANK($G105)),$C$42-$H$40-$F$42,"""")"
Janvier 2026;105;G;G105;Train Arthur;
Janvier 2026;105;H;H105;9;
Janvier 2026;105;I;I105;x;
Janvier 2026;105;J;J105;9;"=IF(I105=""x"",H105,0)"
Janvier 2026;105;K;K105;Voiture/Déplacement;
Janvier 2026;106;A;A106;;"=IF(AND(NOT(ISBLANK(G105)),ISBLANK(G106)),""Reste prévu"","""")"
Janvier 2026;106;B;B106;;"=IF(AND(NOT(ISBLANK($G105)),ISBLANK($G106)),$C$42-$F$40-$F$42,"""")"
Janvier 2026;106;C;C106;;"=IF(AND(NOT(ISBLANK($G105)),ISBLANK($G106)),""Reste réel"","""")"
Janvier 2026;106;D;D106;;"=IF(AND(NOT(ISBLANK($G105)),ISBLANK($G106)),$C$42-$H$40-$F$42,"""")"
Janvier 2026;106;G;G106;Rhinoshield;
Janvier 2026;106;H;H106;51.59;
Janvier 2026;106;I;I106;x;
Janvier 2026;106;J;J106;51.59;"=IF(I106=""x"",H106,0)"
Janvier 2026;106;K;K106;Internet/Téléphone;
Janvier 2026;107;A;A107;;"=IF(AND(NOT(ISBLANK(G106)),ISBLANK(G107)),""Reste prévu"","""")"
Janvier 2026;107;B;B107;;"=IF(AND(NOT(ISBLANK($G106)),ISBLANK($G107)),$C$42-$F$40-$F$42,"""")"
Janvier 2026;107;C;C107;;"=IF(AND(NOT(ISBLANK($G106)),ISBLANK($G107)),""Reste réel"","""")"
Janvier 2026;107;D;D107;;"=IF(AND(NOT(ISBLANK($G106)),ISBLANK($G107)),$C$42-$H$40-$F$42,"""")"
Janvier 2026;107;G;G107;Train Arthur;
Janvier 2026;107;H;H107;9;
Janvier 2026;107;I;I107;x;
Janvier 2026;107;J;J107;9;"=IF(I107=""x"",H107,0)"
Janvier 2026;107;K;K107;Voiture/Déplacement;
Janvier 2026;108;A;A108;;"=IF(AND(NOT(ISBLANK(G107)),ISBLANK(G108)),""Reste prévu"","""")"
Janvier 2026;108;B;B108;;"=IF(AND(NOT(ISBLANK($G107)),ISBLANK($G108)),$C$42-$F$40-$F$42,"""")"
Janvier 2026;108;C;C108;;"=IF(AND(NOT(ISBLANK($G107)),ISBLANK($G108)),""Reste réel"","""")"
Janvier 2026;108;D;D108;;"=IF(AND(NOT(ISBLANK($G107)),ISBLANK($G108)),$C$42-$H$40-$F$42,"""")"
Janvier 2026;108;G;G108;Dr Thebaud;
Janvier 2026;108;H;H108;50;
Janvier 2026;108;I;I108;x;
Janvier 2026;108;J;J108;50;"=IF(I108=""x"",H108,0)"
Janvier 2026;108;K;K108;Medical;
Janvier 2026;109;A;A109;;"=IF(AND(NOT(ISBLANK(G108)),ISBLANK(G109)),""Reste prévu"","""")"
Janvier 2026;109;B;B109;;"=IF(AND(NOT(ISBLANK($G108)),ISBLANK($G109)),$C$42-$F$40-$F$42,"""")"
Janvier 2026;109;C;C109;;"=IF(AND(NOT(ISBLANK($G108)),ISBLANK($G109)),""Reste réel"","""")"
Janvier 2026;109;D;D109;;"=IF(AND(NOT(ISBLANK($G108)),ISBLANK($G109)),$C$42-$H$40-$F$42,"""")"
Janvier 2026;109;G;G109;Photos;
Janvier 2026;109;H;H109;0.7;
Janvier 2026;109;I;I109;x;
Janvier 2026;109;J;J109;0.7;"=IF(I109=""x"",H109,0)"
Janvier 2026;109;K;K109;Divers;
Janvier 2026;110;A;A110;;"=IF(AND(NOT(ISBLANK(G109)),ISBLANK(G110)),""Reste prévu"","""")"
Janvier 2026;110;B;B110;;"=IF(AND(NOT(ISBLANK($G109)),ISBLANK($G110)),$C$42-$F$40-$F$42,"""")"
Janvier 2026;110;C;C110;;"=IF(AND(NOT(ISBLANK($G109)),ISBLANK($G110)),""Reste réel"","""")"
Janvier 2026;110;D;D110;;"=IF(AND(NOT(ISBLANK($G109)),ISBLANK($G110)),$C$42-$H$40-$F$42,"""")"
Janvier 2026;110;G;G110;Photos;
Janvier 2026;110;H;H110;3.5;
Janvier 2026;110;I;I110;x;
Janvier 2026;110;J;J110;3.5;"=IF(I110=""x"",H110,0)"
Janvier 2026;110;K;K110;Divers;
Janvier 2026;111;A;A111;;"=IF(AND(NOT(ISBLANK(G110)),ISBLANK(G111)),""Reste prévu"","""")"
Janvier 2026;111;B;B111;;"=IF(AND(NOT(ISBLANK($G110)),ISBLANK($G111)),$C$42-$F$40-$F$42,"""")"
Janvier 2026;111;C;C111;;"=IF(AND(NOT(ISBLANK($G110)),ISBLANK($G111)),""Reste réel"","""")"
Janvier 2026;111;D;D111;;"=IF(AND(NOT(ISBLANK($G110)),ISBLANK($G111)),$C$42-$H$40-$F$42,"""")"
Janvier 2026;111;G;G111;Repas Club Hand;
Janvier 2026;111;H;H111;28;
Janvier 2026;111;I;I111;x;
Janvier 2026;111;J;J111;28;"=IF(I111=""x"",H111,0)"
Janvier 2026;111;K;K111;Loisirs;
Janvier 2026;112;A;A112;;"=IF(AND(NOT(ISBLANK(G111)),ISBLANK(G112)),""Reste prévu"","""")"
Janvier 2026;112;B;B112;;"=IF(AND(NOT(ISBLANK($G111)),ISBLANK($G112)),$C$42-$F$40-$F$42,"""")"
Janvier 2026;112;C;C112;;"=IF(AND(NOT(ISBLANK($G111)),ISBLANK($G112)),""Reste réel"","""")"
Janvier 2026;112;D;D112;;"=IF(AND(NOT(ISBLANK($G111)),ISBLANK($G112)),$C$42-$H$40-$F$42,"""")"
Janvier 2026;112;G;G112;Repas Club Hand;
Janvier 2026;112;H;H112;56;
Janvier 2026;112;I;I112;x;
Janvier 2026;112;J;J112;56;"=IF(I112=""x"",H112,0)"
Janvier 2026;112;K;K112;Loisirs;
Janvier 2026;113;A;A113;;"=IF(AND(NOT(ISBLANK(G112)),ISBLANK(G113)),""Reste prévu"","""")"
Janvier 2026;113;B;B113;;"=IF(AND(NOT(ISBLANK($G112)),ISBLANK($G113)),$C$42-$F$40-$F$42,"""")"
Janvier 2026;113;C;C113;;"=IF(AND(NOT(ISBLANK($G112)),ISBLANK($G113)),""Reste réel"","""")"
Janvier 2026;113;D;D113;;"=IF(AND(NOT(ISBLANK($G112)),ISBLANK($G113)),$C$42-$H$40-$F$42,"""")"
Janvier 2026;113;G;G113;Lunettes;
Janvier 2026;113;H;H113;140;
Janvier 2026;113;I;I113;x;
Janvier 2026;113;J;J113;140;"=IF(I113=""x"",H113,0)"
Janvier 2026;113;K;K113;Medical;
Janvier 2026;114;A;A114;;"=IF(AND(NOT(ISBLANK(G113)),ISBLANK(G114)),""Reste prévu"","""")"
Janvier 2026;114;B;B114;;"=IF(AND(NOT(ISBLANK($G113)),ISBLANK($G114)),$C$42-$F$40-$F$42,"""")"
Janvier 2026;114;C;C114;;"=IF(AND(NOT(ISBLANK($G113)),ISBLANK($G114)),""Reste réel"","""")"
Janvier 2026;114;D;D114;;"=IF(AND(NOT(ISBLANK($G113)),ISBLANK($G114)),$C$42-$H$40-$F$42,"""")"
Janvier 2026;114;G;G114;Leclerc;
Janvier 2026;114;H;H114;21.47;
Janvier 2026;114;I;I114;x;
Janvier 2026;114;J;J114;21.47;"=IF(I114=""x"",H114,0)"
Janvier 2026;114;K;K114;Courses;
Janvier 2026;115;A;A115;;"=IF(AND(NOT(ISBLANK(G114)),ISBLANK(G115)),""Reste prévu"","""")"
Janvier 2026;115;B;B115;;"=IF(AND(NOT(ISBLANK($G114)),ISBLANK($G115)),$C$42-$F$40-$F$42,"""")"
Janvier 2026;115;C;C115;;"=IF(AND(NOT(ISBLANK($G114)),ISBLANK($G115)),""Reste réel"","""")"
Janvier 2026;115;D;D115;;"=IF(AND(NOT(ISBLANK($G114)),ISBLANK($G115)),$C$42-$H$40-$F$42,"""")"
Janvier 2026;115;G;G115;Leclerc;
Janvier 2026;115;H;H115;7.14;
Janvier 2026;115;I;I115;x;
Janvier 2026;115;J;J115;7.14;"=IF(I115=""x"",H115,0)"
Janvier 2026;115;K;K115;Courses;
Janvier 2026;116;A;A116;;"=IF(AND(NOT(ISBLANK(G115)),ISBLANK(G116)),""Reste prévu"","""")"
Janvier 2026;116;B;B116;;"=IF(AND(NOT(ISBLANK($G115)),ISBLANK($G116)),$C$42-$F$40-$F$42,"""")"
Janvier 2026;116;C;C116;;"=IF(AND(NOT(ISBLANK($G115)),ISBLANK($G116)),""Reste réel"","""")"
Janvier 2026;116;D;D116;;"=IF(AND(NOT(ISBLANK($G115)),ISBLANK($G116)),$C$42-$H$40-$F$42,"""")"
Janvier 2026;116;G;G116;Cigarettes;
Janvier 2026;116;H;H116;13;
Janvier 2026;116;I;I116;x;
Janvier 2026;116;J;J116;13;"=IF(I116=""x"",H116,0)"
Janvier 2026;116;K;K116;Divers;
Janvier 2026;117;A;A117;;"=IF(AND(NOT(ISBLANK(G116)),ISBLANK(G117)),""Reste prévu"","""")"
Janvier 2026;117;B;B117;;"=IF(AND(NOT(ISBLANK($G116)),ISBLANK($G117)),$C$42-$F$40-$F$42,"""")"
Janvier 2026;117;C;C117;;"=IF(AND(NOT(ISBLANK($G116)),ISBLANK($G117)),""Reste réel"","""")"
Janvier 2026;117;D;D117;;"=IF(AND(NOT(ISBLANK($G116)),ISBLANK($G117)),$C$42-$H$40-$F$42,"""")"
Janvier 2026;117;G;G117;Leclerc;
Janvier 2026;117;H;H117;41.34;
Janvier 2026;117;I;I117;x;
Janvier 2026;117;J;J117;41.34;"=IF(I117=""x"",H117,0)"
Janvier 2026;117;K;K117;Courses;
Janvier 2026;118;A;A118;;"=IF(AND(NOT(ISBLANK(G117)),ISBLANK(G118)),""Reste prévu"","""")"
Janvier 2026;118;B;B118;;"=IF(AND(NOT(ISBLANK($G117)),ISBLANK($G118)),$C$42-$F$40-$F$42,"""")"
Janvier 2026;118;C;C118;;"=IF(AND(NOT(ISBLANK($G117)),ISBLANK($G118)),""Reste réel"","""")"
Janvier 2026;118;D;D118;;"=IF(AND(NOT(ISBLANK($G117)),ISBLANK($G118)),$C$42-$H$40-$F$42,"""")"
Janvier 2026;118;G;G118;Leclerc;
Janvier 2026;118;H;H118;42.92;
Janvier 2026;118;I;I118;x;
Janvier 2026;118;J;J118;42.92;"=IF(I118=""x"",H118,0)"
Janvier 2026;118;K;K118;Courses;
Janvier 2026;119;A;A119;;"=IF(AND(NOT(ISBLANK(G118)),ISBLANK(G119)),""Reste prévu"","""")"
Janvier 2026;119;B;B119;;"=IF(AND(NOT(ISBLANK($G118)),ISBLANK($G119)),$C$42-$F$40-$F$42,"""")"
Janvier 2026;119;C;C119;;"=IF(AND(NOT(ISBLANK($G118)),ISBLANK($G119)),""Reste réel"","""")"
Janvier 2026;119;D;D119;;"=IF(AND(NOT(ISBLANK($G118)),ISBLANK($G119)),$C$42-$H$40-$F$42,"""")"
Janvier 2026;119;G;G119;Virement Elouen;
Janvier 2026;119;H;H119;315.4;
Janvier 2026;119;I;I119;x;
Janvier 2026;119;J;J119;315.4;"=IF(I119=""x"",H119,0)"
Janvier 2026;119;K;K119;Charges;
Janvier 2026;120;A;A120;Reste prévu;"=IF(AND(NOT(ISBLANK(G119)),ISBLANK(G120)),""Reste prévu"","""")"
Janvier 2026;120;B;B120;#REF!;"=IF(AND(NOT(ISBLANK($G119)),ISBLANK($G120)),$C$42-$F$40-$F$42,"""")"
Janvier 2026;120;C;C120;Reste réel;"=IF(AND(NOT(ISBLANK($G119)),ISBLANK($G120)),""Reste réel"","""")"
Janvier 2026;120;D;D120;#REF!;"=IF(AND(NOT(ISBLANK($G119)),ISBLANK($G120)),$C$42-$H$40-$F$42,"""")"
Janvier 2026;120;J;J120;0;"=IF(I120=""x"",H120,0)"
Janvier 2026;120;K;K120;Logement;
Janvier 2026;121;A;A121;;"=IF(AND(NOT(ISBLANK(G120)),ISBLANK(G121)),""Reste prévu"","""")"
Janvier 2026;121;B;B121;;"=IF(AND(NOT(ISBLANK($G120)),ISBLANK($G121)),$C$42-$F$40-$F$42,"""")"
Janvier 2026;121;C;C121;;"=IF(AND(NOT(ISBLANK($G120)),ISBLANK($G121)),""Reste réel"","""")"
Janvier 2026;121;D;D121;;"=IF(AND(NOT(ISBLANK($G120)),ISBLANK($G121)),$C$42-$H$40-$F$42,"""")"
Janvier 2026;121;J;J121;0;"=IF(I121=""x"",H121,0)"
Janvier 2026;121;K;K121;Bricolage/Travaux;
Janvier 2026;122;A;A122;;"=IF(AND(NOT(ISBLANK(G121)),ISBLANK(G122)),""Reste prévu"","""")"
Janvier 2026;122;B;B122;;"=IF(AND(NOT(ISBLANK($G121)),ISBLANK($G122)),$C$42-$F$40-$F$42,"""")"
Janvier 2026;122;C;C122;;"=IF(AND(NOT(ISBLANK($G121)),ISBLANK($G122)),""Reste réel"","""")"
Janvier 2026;122;D;D122;;"=IF(AND(NOT(ISBLANK($G121)),ISBLANK($G122)),$C$42-$H$40-$F$42,"""")"
Janvier 2026;122;J;J122;0;"=IF(I122=""x"",H122,0)"
Janvier 2026;122;K;K122;Bricolage/Travaux;
Janvier 2026;123;A;A123;;"=IF(AND(NOT(ISBLANK(G122)),ISBLANK(G123)),""Reste prévu"","""")"
Janvier 2026;123;B;B123;;"=IF(AND(NOT(ISBLANK($G122)),ISBLANK($G123)),$C$42-$F$40-$F$42,"""")"
Janvier 2026;123;C;C123;;"=IF(AND(NOT(ISBLANK($G122)),ISBLANK($G123)),""Reste réel"","""")"
Janvier 2026;123;D;D123;;"=IF(AND(NOT(ISBLANK($G122)),ISBLANK($G123)),$C$42-$H$40-$F$42,"""")"
Janvier 2026;123;J;J123;0;"=IF(I123=""x"",H123,0)"
Janvier 2026;123;K;K123;Courses;
Janvier 2026;124;A;A124;;"=IF(AND(NOT(ISBLANK(G123)),ISBLANK(G124)),""Reste prévu"","""")"
Janvier 2026;124;B;B124;;"=IF(AND(NOT(ISBLANK($G123)),ISBLANK($G124)),$C$42-$F$40-$F$42,"""")"
Janvier 2026;124;C;C124;;"=IF(AND(NOT(ISBLANK($G123)),ISBLANK($G124)),""Reste réel"","""")"
Janvier 2026;124;D;D124;;"=IF(AND(NOT(ISBLANK($G123)),ISBLANK($G124)),$C$42-$H$40-$F$42,"""")"
Janvier 2026;124;J;J124;0;"=IF(I124=""x"",H124,0)"
Janvier 2026;124;K;K124;Courses;
Janvier 2026;125;A;A125;;"=IF(AND(NOT(ISBLANK(G124)),ISBLANK(G125)),""Reste prévu"","""")"
Janvier 2026;125;B;B125;;"=IF(AND(NOT(ISBLANK($G124)),ISBLANK($G125)),$C$42-$F$40-$F$42,"""")"
Janvier 2026;125;C;C125;;"=IF(AND(NOT(ISBLANK($G124)),ISBLANK($G125)),""Reste réel"","""")"
Janvier 2026;125;D;D125;;"=IF(AND(NOT(ISBLANK($G124)),ISBLANK($G125)),$C$42-$H$40-$F$42,"""")"
Janvier 2026;125;J;J125;0;"=IF(I125=""x"",H125,0)"
Janvier 2026;125;K;K125;Voiture/Déplacement;
Janvier 2026;126;A;A126;;"=IF(AND(NOT(ISBLANK(G125)),ISBLANK(G126)),""Reste prévu"","""")"
Janvier 2026;126;B;B126;;"=IF(AND(NOT(ISBLANK($G125)),ISBLANK($G126)),$C$42-$F$40-$F$42,"""")"
Janvier 2026;126;C;C126;;"=IF(AND(NOT(ISBLANK($G125)),ISBLANK($G126)),""Reste réel"","""")"
Janvier 2026;126;D;D126;;"=IF(AND(NOT(ISBLANK($G125)),ISBLANK($G126)),$C$42-$H$40-$F$42,"""")"
Janvier 2026;126;J;J126;0;"=IF(I126=""x"",H126,0)"
Janvier 2026;126;K;K126;Bricolage/Travaux;
Janvier 2026;127;A;A127;;"=IF(AND(NOT(ISBLANK(G126)),ISBLANK(G127)),""Reste prévu"","""")"
Janvier 2026;127;B;B127;;"=IF(AND(NOT(ISBLANK($G126)),ISBLANK($G127)),$C$42-$F$40-$F$42,"""")"
Janvier 2026;127;C;C127;;"=IF(AND(NOT(ISBLANK($G126)),ISBLANK($G127)),""Reste réel"","""")"
Janvier 2026;127;D;D127;;"=IF(AND(NOT(ISBLANK($G126)),ISBLANK($G127)),$C$42-$H$40-$F$42,"""")"
Janvier 2026;127;J;J127;0;"=IF(I127=""x"",H127,0)"
Janvier 2026;127;K;K127;Cadeau;
Janvier 2026;128;A;A128;;"=IF(AND(NOT(ISBLANK(G127)),ISBLANK(G128)),""Reste prévu"","""")"
Janvier 2026;128;B;B128;;"=IF(AND(NOT(ISBLANK($G127)),ISBLANK($G128)),$C$42-$F$40-$F$42,"""")"
Janvier 2026;128;C;C128;;"=IF(AND(NOT(ISBLANK($G127)),ISBLANK($G128)),""Reste réel"","""")"
Janvier 2026;128;D;D128;;"=IF(AND(NOT(ISBLANK($G127)),ISBLANK($G128)),$C$42-$H$40-$F$42,"""")"
Janvier 2026;128;J;J128;0;"=IF(I128=""x"",H128,0)"
Janvier 2026;128;K;K128;Divers;
Janvier 2026;129;A;A129;;"=IF(AND(NOT(ISBLANK(G128)),ISBLANK(G129)),""Reste prévu"","""")"
Janvier 2026;129;B;B129;;"=IF(AND(NOT(ISBLANK($G128)),ISBLANK($G129)),$C$42-$F$40-$F$42,"""")"
Janvier 2026;129;C;C129;;"=IF(AND(NOT(ISBLANK($G128)),ISBLANK($G129)),""Reste réel"","""")"
Janvier 2026;129;D;D129;;"=IF(AND(NOT(ISBLANK($G128)),ISBLANK($G129)),$C$42-$H$40-$F$42,"""")"
Janvier 2026;129;J;J129;0;"=IF(I129=""x"",H129,0)"
Janvier 2026;129;K;K129;Logement;
Janvier 2026;130;A;A130;;"=IF(AND(NOT(ISBLANK(G129)),ISBLANK(G130)),""Reste prévu"","""")"
Janvier 2026;130;B;B130;;"=IF(AND(NOT(ISBLANK($G129)),ISBLANK($G130)),$C$42-$F$40-$F$42,"""")"
Janvier 2026;130;C;C130;;"=IF(AND(NOT(ISBLANK($G129)),ISBLANK($G130)),""Reste réel"","""")"
Janvier 2026;130;D;D130;;"=IF(AND(NOT(ISBLANK($G129)),ISBLANK($G130)),$C$42-$H$40-$F$42,"""")"
Janvier 2026;130;J;J130;0;"=IF(I130=""x"",H130,0)"
Janvier 2026;130;K;K130;Cadeau;
Janvier 2026;131;A;A131;;"=IF(AND(NOT(ISBLANK(G130)),ISBLANK(G131)),""Reste prévu"","""")"
Janvier 2026;131;B;B131;;"=IF(AND(NOT(ISBLANK($G130)),ISBLANK($G131)),$C$42-$F$40-$F$42,"""")"
Janvier 2026;131;C;C131;;"=IF(AND(NOT(ISBLANK($G130)),ISBLANK($G131)),""Reste réel"","""")"
Janvier 2026;131;D;D131;;"=IF(AND(NOT(ISBLANK($G130)),ISBLANK($G131)),$C$42-$H$40-$F$42,"""")"
Janvier 2026;131;J;J131;0;"=IF(I131=""x"",H131,0)"
Janvier 2026;131;K;K131;Courses;
Janvier 2026;132;A;A132;;"=IF(AND(NOT(ISBLANK(G131)),ISBLANK(G132)),""Reste prévu"","""")"
Janvier 2026;132;B;B132;;"=IF(AND(NOT(ISBLANK($G131)),ISBLANK($G132)),$C$42-$F$40-$F$42,"""")"
Janvier 2026;132;C;C132;;"=IF(AND(NOT(ISBLANK($G131)),ISBLANK($G132)),""Reste réel"","""")"
Janvier 2026;132;D;D132;;"=IF(AND(NOT(ISBLANK($G131)),ISBLANK($G132)),$C$42-$H$40-$F$42,"""")"
Janvier 2026;132;J;J132;0;"=IF(I132=""x"",H132,0)"
Janvier 2026;132;K;K132;Courses;
Janvier 2026;133;A;A133;;"=IF(AND(NOT(ISBLANK(G132)),ISBLANK(G133)),""Reste prévu"","""")"
Janvier 2026;133;B;B133;;"=IF(AND(NOT(ISBLANK($G132)),ISBLANK($G133)),$C$42-$F$40-$F$42,"""")"
Janvier 2026;133;C;C133;;"=IF(AND(NOT(ISBLANK($G132)),ISBLANK($G133)),""Reste réel"","""")"
Janvier 2026;133;D;D133;;"=IF(AND(NOT(ISBLANK($G132)),ISBLANK($G133)),$C$42-$H$40-$F$42,"""")"
Janvier 2026;133;J;J133;0;"=IF(I133=""x"",H133,0)"
Janvier 2026;133;K;K133;Divers;
Janvier 2026;134;A;A134;;"=IF(AND(NOT(ISBLANK(G133)),ISBLANK(G134)),""Reste prévu"","""")"
Janvier 2026;134;B;B134;;"=IF(AND(NOT(ISBLANK($G133)),ISBLANK($G134)),$C$42-$F$40-$F$42,"""")"
Janvier 2026;134;C;C134;;"=IF(AND(NOT(ISBLANK($G133)),ISBLANK($G134)),""Reste réel"","""")"
Janvier 2026;134;D;D134;;"=IF(AND(NOT(ISBLANK($G133)),ISBLANK($G134)),$C$42-$H$40-$F$42,"""")"
Janvier 2026;134;J;J134;0;"=IF(I134=""x"",H134,0)"
Janvier 2026;134;K;K134;Cadeau;
Janvier 2026;135;A;A135;;"=IF(AND(NOT(ISBLANK(G134)),ISBLANK(G135)),""Reste prévu"","""")"
Janvier 2026;135;B;B135;;"=IF(AND(NOT(ISBLANK($G134)),ISBLANK($G135)),$C$42-$F$40-$F$42,"""")"
Janvier 2026;135;C;C135;;"=IF(AND(NOT(ISBLANK($G134)),ISBLANK($G135)),""Reste réel"","""")"
Janvier 2026;135;D;D135;;"=IF(AND(NOT(ISBLANK($G134)),ISBLANK($G135)),$C$42-$H$40-$F$42,"""")"
Janvier 2026;135;J;J135;0;"=IF(I135=""x"",H135,0)"
Janvier 2026;135;K;K135;Courses;
Janvier 2026;136;A;A136;;"=IF(AND(NOT(ISBLANK(G135)),ISBLANK(G136)),""Reste prévu"","""")"
Janvier 2026;136;B;B136;;"=IF(AND(NOT(ISBLANK($G135)),ISBLANK($G136)),$C$42-$F$40-$F$42,"""")"
Janvier 2026;136;C;C136;;"=IF(AND(NOT(ISBLANK($G135)),ISBLANK($G136)),""Reste réel"","""")"
Janvier 2026;136;D;D136;;"=IF(AND(NOT(ISBLANK($G135)),ISBLANK($G136)),$C$42-$H$40-$F$42,"""")"
Janvier 2026;136;J;J136;0;"=IF(I136=""x"",H136,0)"
Janvier 2026;136;K;K136;Voiture/Déplacement;
Janvier 2026;137;A;A137;;"=IF(AND(NOT(ISBLANK(G136)),ISBLANK(G137)),""Reste prévu"","""")"
Janvier 2026;137;B;B137;;"=IF(AND(NOT(ISBLANK($G136)),ISBLANK($G137)),$C$42-$F$40-$F$42,"""")"
Janvier 2026;137;C;C137;;"=IF(AND(NOT(ISBLANK($G136)),ISBLANK($G137)),""Reste réel"","""")"
Janvier 2026;137;D;D137;;"=IF(AND(NOT(ISBLANK($G136)),ISBLANK($G137)),$C$42-$H$40-$F$42,"""")"
Janvier 2026;137;J;J137;0;"=IF(I137=""x"",H137,0)"
Janvier 2026;137;K;K137;Courses;
Janvier 2026;138;A;A138;;"=IF(AND(NOT(ISBLANK(G137)),ISBLANK(G138)),""Reste prévu"","""")"
Janvier 2026;138;B;B138;;"=IF(AND(NOT(ISBLANK($G137)),ISBLANK($G138)),$C$42-$F$40-$F$42,"""")"
Janvier 2026;138;C;C138;;"=IF(AND(NOT(ISBLANK($G137)),ISBLANK($G138)),""Reste réel"","""")"
Janvier 2026;138;D;D138;;"=IF(AND(NOT(ISBLANK($G137)),ISBLANK($G138)),$C$42-$H$40-$F$42,"""")"
Janvier 2026;138;J;J138;0;"=IF(I138=""x"",H138,0)"
Janvier 2026;138;K;K138;Courses;
Janvier 2026;139;A;A139;;"=IF(AND(NOT(ISBLANK(G138)),ISBLANK(G139)),""Reste prévu"","""")"
Janvier 2026;139;B;B139;;"=IF(AND(NOT(ISBLANK($G138)),ISBLANK($G139)),$C$42-$F$40-$F$42,"""")"
Janvier 2026;139;C;C139;;"=IF(AND(NOT(ISBLANK($G138)),ISBLANK($G139)),""Reste réel"","""")"
Janvier 2026;139;D;D139;;"=IF(AND(NOT(ISBLANK($G138)),ISBLANK($G139)),$C$42-$H$40-$F$42,"""")"
Janvier 2026;139;J;J139;0;"=IF(I139=""x"",H139,0)"
Janvier 2026;139;K;K139;Divers;
Janvier 2026;140;A;A140;;"=IF(AND(NOT(ISBLANK(G139)),ISBLANK(G140)),""Reste prévu"","""")"
Janvier 2026;140;B;B140;;"=IF(AND(NOT(ISBLANK($G139)),ISBLANK($G140)),$C$42-$F$40-$F$42,"""")"
Janvier 2026;140;C;C140;;"=IF(AND(NOT(ISBLANK($G139)),ISBLANK($G140)),""Reste réel"","""")"
Janvier 2026;140;D;D140;;"=IF(AND(NOT(ISBLANK($G139)),ISBLANK($G140)),$C$42-$H$40-$F$42,"""")"
Janvier 2026;140;J;J140;0;"=IF(I140=""x"",H140,0)"
Janvier 2026;140;K;K140;Courses;
Janvier 2026;141;A;A141;;"=IF(AND(NOT(ISBLANK(G140)),ISBLANK(G141)),""Reste prévu"","""")"
Janvier 2026;141;B;B141;;"=IF(AND(NOT(ISBLANK($G140)),ISBLANK($G141)),$C$42-$F$40-$F$42,"""")"
Janvier 2026;141;C;C141;;"=IF(AND(NOT(ISBLANK($G140)),ISBLANK($G141)),""Reste réel"","""")"
Janvier 2026;141;D;D141;;"=IF(AND(NOT(ISBLANK($G140)),ISBLANK($G141)),$C$42-$H$40-$F$42,"""")"
Janvier 2026;141;J;J141;0;"=IF(I141=""x"",H141,0)"
Janvier 2026;141;K;K141;Cadeau;
Janvier 2026;142;A;A142;;"=IF(AND(NOT(ISBLANK(G141)),ISBLANK(G142)),""Reste prévu"","""")"
Janvier 2026;142;B;B142;;"=IF(AND(NOT(ISBLANK($G141)),ISBLANK($G142)),$C$42-$F$40-$F$42,"""")"
Janvier 2026;142;C;C142;;"=IF(AND(NOT(ISBLANK($G141)),ISBLANK($G142)),""Reste réel"","""")"
Janvier 2026;142;D;D142;;"=IF(AND(NOT(ISBLANK($G141)),ISBLANK($G142)),$C$42-$H$40-$F$42,"""")"
Janvier 2026;142;J;J142;0;"=IF(I142=""x"",H142,0)"
Janvier 2026;142;K;K142;Cadeau;
Janvier 2026;143;A;A143;;"=IF(AND(NOT(ISBLANK(G142)),ISBLANK(G143)),""Reste prévu"","""")"
Janvier 2026;143;B;B143;;"=IF(AND(NOT(ISBLANK($G142)),ISBLANK($G143)),$C$42-$F$40-$F$42,"""")"
Janvier 2026;143;C;C143;;"=IF(AND(NOT(ISBLANK($G142)),ISBLANK($G143)),""Reste réel"","""")"
Janvier 2026;143;D;D143;;"=IF(AND(NOT(ISBLANK($G142)),ISBLANK($G143)),$C$42-$H$40-$F$42,"""")"
Janvier 2026;143;J;J143;0;"=IF(I143=""x"",H143,0)"
Janvier 2026;143;K;K143;Cadeau;
Janvier 2026;144;A;A144;;"=IF(AND(NOT(ISBLANK(G143)),ISBLANK(G144)),""Reste prévu"","""")"
Janvier 2026;144;B;B144;;"=IF(AND(NOT(ISBLANK($G143)),ISBLANK($G144)),$C$42-$F$40-$F$42,"""")"
Janvier 2026;144;C;C144;;"=IF(AND(NOT(ISBLANK($G143)),ISBLANK($G144)),""Reste réel"","""")"
Janvier 2026;144;D;D144;;"=IF(AND(NOT(ISBLANK($G143)),ISBLANK($G144)),$C$42-$H$40-$F$42,"""")"
Janvier 2026;144;J;J144;0;"=IF(I144=""x"",H144,0)"
Janvier 2026;144;K;K144;Cadeau;
Janvier 2026;145;A;A145;;"=IF(AND(NOT(ISBLANK(G144)),ISBLANK(G145)),""Reste prévu"","""")"
Janvier 2026;145;B;B145;;"=IF(AND(NOT(ISBLANK($G144)),ISBLANK($G145)),$C$42-$F$40-$F$42,"""")"
Janvier 2026;145;C;C145;;"=IF(AND(NOT(ISBLANK($G144)),ISBLANK($G145)),""Reste réel"","""")"
Janvier 2026;145;D;D145;;"=IF(AND(NOT(ISBLANK($G144)),ISBLANK($G145)),$C$42-$H$40-$F$42,"""")"
Janvier 2026;145;J;J145;0;"=IF(I145=""x"",H145,0)"
Janvier 2026;145;K;K145;Courses;
Janvier 2026;146;A;A146;;"=IF(AND(NOT(ISBLANK(G145)),ISBLANK(G146)),""Reste prévu"","""")"
Janvier 2026;146;B;B146;;"=IF(AND(NOT(ISBLANK($G145)),ISBLANK($G146)),$C$42-$F$40-$F$42,"""")"
Janvier 2026;146;C;C146;;"=IF(AND(NOT(ISBLANK($G145)),ISBLANK($G146)),""Reste réel"","""")"
Janvier 2026;146;D;D146;;"=IF(AND(NOT(ISBLANK($G145)),ISBLANK($G146)),$C$42-$H$40-$F$42,"""")"
Janvier 2026;146;J;J146;0;"=IF(I146=""x"",H146,0)"
Janvier 2026;146;K;K146;Cadeau;
Janvier 2026;147;A;A147;;"=IF(AND(NOT(ISBLANK(G146)),ISBLANK(G147)),""Reste prévu"","""")"
Janvier 2026;147;B;B147;;"=IF(AND(NOT(ISBLANK($G146)),ISBLANK($G147)),$C$42-$F$40-$F$42,"""")"
Janvier 2026;147;C;C147;;"=IF(AND(NOT(ISBLANK($G146)),ISBLANK($G147)),""Reste réel"","""")"
Janvier 2026;147;D;D147;;"=IF(AND(NOT(ISBLANK($G146)),ISBLANK($G147)),$C$42-$H$40-$F$42,"""")"
Janvier 2026;147;J;J147;0;"=IF(I147=""x"",H147,0)"
Janvier 2026;148;A;A148;;"=IF(AND(NOT(ISBLANK(G147)),ISBLANK(G148)),""Reste prévu"","""")"
Janvier 2026;148;B;B148;;"=IF(AND(NOT(ISBLANK($G147)),ISBLANK($G148)),$C$42-$F$40-$F$42,"""")"
Janvier 2026;148;C;C148;;"=IF(AND(NOT(ISBLANK($G147)),ISBLANK($G148)),""Reste réel"","""")"
Janvier 2026;148;D;D148;;"=IF(AND(NOT(ISBLANK($G147)),ISBLANK($G148)),$C$42-$H$40-$F$42,"""")"
Janvier 2026;148;J;J148;0;"=IF(I148=""x"",H148,0)"
Janvier 2026;149;A;A149;;"=IF(AND(NOT(ISBLANK(G148)),ISBLANK(G149)),""Reste prévu"","""")"
Janvier 2026;149;B;B149;;"=IF(AND(NOT(ISBLANK($G148)),ISBLANK($G149)),$C$42-$F$40-$F$42,"""")"
Janvier 2026;149;C;C149;;"=IF(AND(NOT(ISBLANK($G148)),ISBLANK($G149)),""Reste réel"","""")"
Janvier 2026;149;D;D149;;"=IF(AND(NOT(ISBLANK($G148)),ISBLANK($G149)),$C$42-$H$40-$F$42,"""")"
Janvier 2026;149;J;J149;0;"=IF(I149=""x"",H149,0)"
Janvier 2026;150;A;A150;;"=IF(AND(NOT(ISBLANK(G149)),ISBLANK(G150)),""Reste prévu"","""")"
Janvier 2026;150;B;B150;;"=IF(AND(NOT(ISBLANK($G149)),ISBLANK($G150)),$C$42-$F$40-$F$42,"""")"
Janvier 2026;150;C;C150;;"=IF(AND(NOT(ISBLANK($G149)),ISBLANK($G150)),""Reste réel"","""")"
Janvier 2026;150;D;D150;;"=IF(AND(NOT(ISBLANK($G149)),ISBLANK($G150)),$C$42-$H$40-$F$42,"""")"
Janvier 2026;150;J;J150;0;"=IF(I150=""x"",H150,0)"
Janvier 2026;151;A;A151;;"=IF(AND(NOT(ISBLANK(G150)),ISBLANK(G151)),""Reste prévu"","""")"
Janvier 2026;151;B;B151;;"=IF(AND(NOT(ISBLANK($G150)),ISBLANK($G151)),$C$42-$F$40-$F$42,"""")"
Janvier 2026;151;C;C151;;"=IF(AND(NOT(ISBLANK($G150)),ISBLANK($G151)),""Reste réel"","""")"
Janvier 2026;151;D;D151;;"=IF(AND(NOT(ISBLANK($G150)),ISBLANK($G151)),$C$42-$H$40-$F$42,"""")"
Janvier 2026;151;J;J151;0;"=IF(I151=""x"",H151,0)"
Janvier 2026;152;A;A152;;"=IF(AND(NOT(ISBLANK(G151)),ISBLANK(G152)),""Reste prévu"","""")"
Janvier 2026;152;B;B152;;"=IF(AND(NOT(ISBLANK($G151)),ISBLANK($G152)),$C$42-$F$40-$F$42,"""")"
Janvier 2026;152;C;C152;;"=IF(AND(NOT(ISBLANK($G151)),ISBLANK($G152)),""Reste réel"","""")"
Janvier 2026;152;D;D152;;"=IF(AND(NOT(ISBLANK($G151)),ISBLANK($G152)),$C$42-$H$40-$F$42,"""")"
Janvier 2026;152;J;J152;0;"=IF(I152=""x"",H152,0)"
Janvier 2026;153;A;A153;;"=IF(AND(NOT(ISBLANK(G152)),ISBLANK(G153)),""Reste prévu"","""")"
Janvier 2026;153;B;B153;;"=IF(AND(NOT(ISBLANK($G152)),ISBLANK($G153)),$C$42-$F$40-$F$42,"""")"
Janvier 2026;153;C;C153;;"=IF(AND(NOT(ISBLANK($G152)),ISBLANK($G153)),""Reste réel"","""")"
Janvier 2026;153;D;D153;;"=IF(AND(NOT(ISBLANK($G152)),ISBLANK($G153)),$C$42-$H$40-$F$42,"""")"
Janvier 2026;153;J;J153;0;"=IF(I153=""x"",H153,0)"
Janvier 2026;154;A;A154;;"=IF(AND(NOT(ISBLANK(G153)),ISBLANK(G154)),""Reste prévu"","""")"
Janvier 2026;154;B;B154;;"=IF(AND(NOT(ISBLANK($G153)),ISBLANK($G154)),$C$42-$F$40-$F$42,"""")"
Janvier 2026;154;C;C154;;"=IF(AND(NOT(ISBLANK($G153)),ISBLANK($G154)),""Reste réel"","""")"
Janvier 2026;154;D;D154;;"=IF(AND(NOT(ISBLANK($G153)),ISBLANK($G154)),$C$42-$H$40-$F$42,"""")"
Janvier 2026;154;J;J154;0;"=IF(I154=""x"",H154,0)"
Janvier 2026;155;A;A155;;"=IF(AND(NOT(ISBLANK(G154)),ISBLANK(G155)),""Reste prévu"","""")"
Janvier 2026;155;B;B155;;"=IF(AND(NOT(ISBLANK($G154)),ISBLANK($G155)),$C$42-$F$40-$F$42,"""")"
Janvier 2026;155;C;C155;;"=IF(AND(NOT(ISBLANK($G154)),ISBLANK($G155)),""Reste réel"","""")"
Janvier 2026;155;D;D155;;"=IF(AND(NOT(ISBLANK($G154)),ISBLANK($G155)),$C$42-$H$40-$F$42,"""")"
Janvier 2026;155;J;J155;0;"=IF(I155=""x"",H155,0)"
Janvier 2026;156;A;A156;;"=IF(AND(NOT(ISBLANK(G155)),ISBLANK(G156)),""Reste prévu"","""")"
Janvier 2026;156;B;B156;;"=IF(AND(NOT(ISBLANK($G155)),ISBLANK($G156)),$C$42-$F$40-$F$42,"""")"
Janvier 2026;156;C;C156;;"=IF(AND(NOT(ISBLANK($G155)),ISBLANK($G156)),""Reste réel"","""")"
Janvier 2026;156;D;D156;;"=IF(AND(NOT(ISBLANK($G155)),ISBLANK($G156)),$C$42-$H$40-$F$42,"""")"
Janvier 2026;156;J;J156;0;"=IF(I156=""x"",H156,0)"
Janvier 2026;157;A;A157;;"=IF(AND(NOT(ISBLANK(G156)),ISBLANK(G157)),""Reste prévu"","""")"
Janvier 2026;157;B;B157;;"=IF(AND(NOT(ISBLANK($G156)),ISBLANK($G157)),$C$42-$F$40-$F$42,"""")"
Janvier 2026;157;C;C157;;"=IF(AND(NOT(ISBLANK($G156)),ISBLANK($G157)),""Reste réel"","""")"
Janvier 2026;157;D;D157;;"=IF(AND(NOT(ISBLANK($G156)),ISBLANK($G157)),$C$42-$H$40-$F$42,"""")"
Janvier 2026;157;J;J157;0;"=IF(I157=""x"",H157,0)"
Janvier 2026;158;A;A158;;"=IF(AND(NOT(ISBLANK(G157)),ISBLANK(G158)),""Reste prévu"","""")"
Janvier 2026;158;B;B158;;"=IF(AND(NOT(ISBLANK($G157)),ISBLANK($G158)),$C$42-$F$40-$F$42,"""")"
Janvier 2026;158;C;C158;;"=IF(AND(NOT(ISBLANK($G157)),ISBLANK($G158)),""Reste réel"","""")"
Janvier 2026;158;D;D158;;"=IF(AND(NOT(ISBLANK($G157)),ISBLANK($G158)),$C$42-$H$40-$F$42,"""")"
Janvier 2026;158;J;J158;0;"=IF(I158=""x"",H158,0)"
Janvier 2026;159;A;A159;;"=IF(AND(NOT(ISBLANK(G158)),ISBLANK(G159)),""Reste prévu"","""")"
Janvier 2026;159;B;B159;;"=IF(AND(NOT(ISBLANK($G158)),ISBLANK($G159)),$C$42-$F$40-$F$42,"""")"
Janvier 2026;159;C;C159;;"=IF(AND(NOT(ISBLANK($G158)),ISBLANK($G159)),""Reste réel"","""")"
Janvier 2026;159;D;D159;;"=IF(AND(NOT(ISBLANK($G158)),ISBLANK($G159)),$C$42-$H$40-$F$42,"""")"
Janvier 2026;159;J;J159;0;"=IF(I159=""x"",H159,0)"
Janvier 2026;160;A;A160;;"=IF(AND(NOT(ISBLANK(G159)),ISBLANK(G160)),""Reste prévu"","""")"
Janvier 2026;160;B;B160;;"=IF(AND(NOT(ISBLANK($G159)),ISBLANK($G160)),$C$42-$F$40-$F$42,"""")"
Janvier 2026;160;C;C160;;"=IF(AND(NOT(ISBLANK($G159)),ISBLANK($G160)),""Reste réel"","""")"
Janvier 2026;160;D;D160;;"=IF(AND(NOT(ISBLANK($G159)),ISBLANK($G160)),$C$42-$H$40-$F$42,"""")"
Janvier 2026;160;J;J160;0;"=IF(I160=""x"",H160,0)"
Janvier 2026;161;A;A161;;"=IF(AND(NOT(ISBLANK(G160)),ISBLANK(G161)),""Reste prévu"","""")"
Janvier 2026;161;B;B161;;"=IF(AND(NOT(ISBLANK($G160)),ISBLANK($G161)),$C$42-$F$40-$F$42,"""")"
Janvier 2026;161;C;C161;;"=IF(AND(NOT(ISBLANK($G160)),ISBLANK($G161)),""Reste réel"","""")"
Janvier 2026;161;D;D161;;"=IF(AND(NOT(ISBLANK($G160)),ISBLANK($G161)),$C$42-$H$40-$F$42,"""")"
Janvier 2026;161;J;J161;0;"=IF(I161=""x"",H161,0)"
Janvier 2026;162;A;A162;;"=IF(AND(NOT(ISBLANK(G161)),ISBLANK(G162)),""Reste prévu"","""")"
Janvier 2026;162;B;B162;;"=IF(AND(NOT(ISBLANK($G161)),ISBLANK($G162)),$C$42-$F$40-$F$42,"""")"
Janvier 2026;162;C;C162;;"=IF(AND(NOT(ISBLANK($G161)),ISBLANK($G162)),""Reste réel"","""")"
Janvier 2026;162;D;D162;;"=IF(AND(NOT(ISBLANK($G161)),ISBLANK($G162)),$C$42-$H$40-$F$42,"""")"
Janvier 2026;162;J;J162;0;"=IF(I162=""x"",H162,0)"
Janvier 2026;163;A;A163;;"=IF(AND(NOT(ISBLANK(G162)),ISBLANK(G163)),""Reste prévu"","""")"
Janvier 2026;163;B;B163;;"=IF(AND(NOT(ISBLANK($G162)),ISBLANK($G163)),$C$42-$F$40-$F$42,"""")"
Janvier 2026;163;C;C163;;"=IF(AND(NOT(ISBLANK($G162)),ISBLANK($G163)),""Reste réel"","""")"
Janvier 2026;163;D;D163;;"=IF(AND(NOT(ISBLANK($G162)),ISBLANK($G163)),$C$42-$H$40-$F$42,"""")"
Janvier 2026;163;J;J163;0;"=IF(I163=""x"",H163,0)"
Janvier 2026;164;A;A164;;"=IF(AND(NOT(ISBLANK(G163)),ISBLANK(G164)),""Reste prévu"","""")"
Janvier 2026;164;B;B164;;"=IF(AND(NOT(ISBLANK($G163)),ISBLANK($G164)),$C$42-$F$40-$F$42,"""")"
Janvier 2026;164;C;C164;;"=IF(AND(NOT(ISBLANK($G163)),ISBLANK($G164)),""Reste réel"","""")"
Janvier 2026;164;D;D164;;"=IF(AND(NOT(ISBLANK($G163)),ISBLANK($G164)),$C$42-$H$40-$F$42,"""")"
Janvier 2026;164;J;J164;0;"=IF(I164=""x"",H164,0)"
Janvier 2026;165;A;A165;;"=IF(AND(NOT(ISBLANK(G164)),ISBLANK(G165)),""Reste prévu"","""")"
Janvier 2026;165;B;B165;;"=IF(AND(NOT(ISBLANK($G164)),ISBLANK($G165)),$C$42-$F$40-$F$42,"""")"
Janvier 2026;165;C;C165;;"=IF(AND(NOT(ISBLANK($G164)),ISBLANK($G165)),""Reste réel"","""")"
Janvier 2026;165;D;D165;;"=IF(AND(NOT(ISBLANK($G164)),ISBLANK($G165)),$C$42-$H$40-$F$42,"""")"
Janvier 2026;165;J;J165;0;"=IF(I165=""x"",H165,0)"
Janvier 2026;166;A;A166;;"=IF(AND(NOT(ISBLANK(G165)),ISBLANK(G166)),""Reste prévu"","""")"
Janvier 2026;166;B;B166;;"=IF(AND(NOT(ISBLANK($G165)),ISBLANK($G166)),$C$42-$F$40-$F$42,"""")"
Janvier 2026;166;C;C166;;"=IF(AND(NOT(ISBLANK($G165)),ISBLANK($G166)),""Reste réel"","""")"
Janvier 2026;166;D;D166;;"=IF(AND(NOT(ISBLANK($G165)),ISBLANK($G166)),$C$42-$H$40-$F$42,"""")"
Janvier 2026;166;J;J166;0;"=IF(I166=""x"",H166,0)"
Janvier 2026;167;A;A167;;"=IF(AND(NOT(ISBLANK(G166)),ISBLANK(G167)),""Reste prévu"","""")"
Janvier 2026;167;B;B167;;"=IF(AND(NOT(ISBLANK($G166)),ISBLANK($G167)),$C$42-$F$40-$F$42,"""")"
Janvier 2026;167;C;C167;;"=IF(AND(NOT(ISBLANK($G166)),ISBLANK($G167)),""Reste réel"","""")"
Janvier 2026;167;D;D167;;"=IF(AND(NOT(ISBLANK($G166)),ISBLANK($G167)),$C$42-$H$40-$F$42,"""")"
Janvier 2026;167;J;J167;0;"=IF(I167=""x"",H167,0)"
Janvier 2026;168;A;A168;;"=IF(AND(NOT(ISBLANK(G167)),ISBLANK(G168)),""Reste prévu"","""")"
Janvier 2026;168;B;B168;;"=IF(AND(NOT(ISBLANK($G167)),ISBLANK($G168)),$C$42-$F$40-$F$42,"""")"
Janvier 2026;168;C;C168;;"=IF(AND(NOT(ISBLANK($G167)),ISBLANK($G168)),""Reste réel"","""")"
Janvier 2026;168;D;D168;;"=IF(AND(NOT(ISBLANK($G167)),ISBLANK($G168)),$C$42-$H$40-$F$42,"""")"
Janvier 2026;168;J;J168;0;"=IF(I168=""x"",H168,0)"
Janvier 2026;169;A;A169;;"=IF(AND(NOT(ISBLANK(G168)),ISBLANK(G169)),""Reste prévu"","""")"
Janvier 2026;169;B;B169;;"=IF(AND(NOT(ISBLANK($G168)),ISBLANK($G169)),$C$42-$F$40-$F$42,"""")"
Janvier 2026;169;C;C169;;"=IF(AND(NOT(ISBLANK($G168)),ISBLANK($G169)),""Reste réel"","""")"
Janvier 2026;169;D;D169;;"=IF(AND(NOT(ISBLANK($G168)),ISBLANK($G169)),$C$42-$H$40-$F$42,"""")"
Janvier 2026;169;J;J169;0;"=IF(I169=""x"",H169,0)"
Janvier 2026;170;A;A170;;"=IF(AND(NOT(ISBLANK(G169)),ISBLANK(G170)),""Reste prévu"","""")"
Janvier 2026;170;B;B170;;"=IF(AND(NOT(ISBLANK($G169)),ISBLANK($G170)),$C$42-$F$40-$F$42,"""")"
Janvier 2026;170;C;C170;;"=IF(AND(NOT(ISBLANK($G169)),ISBLANK($G170)),""Reste réel"","""")"
Janvier 2026;170;D;D170;;"=IF(AND(NOT(ISBLANK($G169)),ISBLANK($G170)),$C$42-$H$40-$F$42,"""")"
Janvier 2026;170;J;J170;0;"=IF(I170=""x"",H170,0)"
Janvier 2026;171;A;A171;;"=IF(AND(NOT(ISBLANK(G170)),ISBLANK(G171)),""Reste prévu"","""")"
Janvier 2026;171;B;B171;;"=IF(AND(NOT(ISBLANK($G170)),ISBLANK($G171)),$C$42-$F$40-$F$42,"""")"
Janvier 2026;171;C;C171;;"=IF(AND(NOT(ISBLANK($G170)),ISBLANK($G171)),""Reste réel"","""")"
Janvier 2026;171;D;D171;;"=IF(AND(NOT(ISBLANK($G170)),ISBLANK($G171)),$C$42-$H$40-$F$42,"""")"
Janvier 2026;171;J;J171;0;"=IF(I171=""x"",H171,0)"
Janvier 2026;172;A;A172;;"=IF(AND(NOT(ISBLANK(G171)),ISBLANK(G172)),""Reste prévu"","""")"
Janvier 2026;172;B;B172;;"=IF(AND(NOT(ISBLANK($G171)),ISBLANK($G172)),$C$42-$F$40-$F$42,"""")"
Janvier 2026;172;C;C172;;"=IF(AND(NOT(ISBLANK($G171)),ISBLANK($G172)),""Reste réel"","""")"
Janvier 2026;172;D;D172;;"=IF(AND(NOT(ISBLANK($G171)),ISBLANK($G172)),$C$42-$H$40-$F$42,"""")"
Janvier 2026;172;J;J172;0;"=IF(I172=""x"",H172,0)"
Janvier 2026;173;A;A173;;"=IF(AND(NOT(ISBLANK(G172)),ISBLANK(G173)),""Reste prévu"","""")"
Janvier 2026;173;B;B173;;"=IF(AND(NOT(ISBLANK($G172)),ISBLANK($G173)),$C$42-$F$40-$F$42,"""")"
Janvier 2026;173;C;C173;;"=IF(AND(NOT(ISBLANK($G172)),ISBLANK($G173)),""Reste réel"","""")"
Janvier 2026;173;D;D173;;"=IF(AND(NOT(ISBLANK($G172)),ISBLANK($G173)),$C$42-$H$40-$F$42,"""")"
Janvier 2026;173;J;J173;0;"=IF(I173=""x"",H173,0)"
Janvier 2026;174;A;A174;;"=IF(AND(NOT(ISBLANK(G173)),ISBLANK(G174)),""Reste prévu"","""")"
Janvier 2026;174;B;B174;;"=IF(AND(NOT(ISBLANK($G173)),ISBLANK($G174)),$C$42-$F$40-$F$42,"""")"
Janvier 2026;174;C;C174;;"=IF(AND(NOT(ISBLANK($G173)),ISBLANK($G174)),""Reste réel"","""")"
Janvier 2026;174;D;D174;;"=IF(AND(NOT(ISBLANK($G173)),ISBLANK($G174)),$C$42-$H$40-$F$42,"""")"
Janvier 2026;174;J;J174;0;"=IF(I174=""x"",H174,0)"
Janvier 2026;175;A;A175;;"=IF(AND(NOT(ISBLANK(G174)),ISBLANK(G175)),""Reste prévu"","""")"
Janvier 2026;175;B;B175;;"=IF(AND(NOT(ISBLANK($G174)),ISBLANK($G175)),$C$42-$F$40-$F$42,"""")"
Janvier 2026;175;C;C175;;"=IF(AND(NOT(ISBLANK($G174)),ISBLANK($G175)),""Reste réel"","""")"
Janvier 2026;175;D;D175;;"=IF(AND(NOT(ISBLANK($G174)),ISBLANK($G175)),$C$42-$H$40-$F$42,"""")"
Janvier 2026;175;J;J175;0;"=IF(I175=""x"",H175,0)"
Janvier 2026;176;A;A176;;"=IF(AND(NOT(ISBLANK(G175)),ISBLANK(G176)),""Reste prévu"","""")"
Janvier 2026;176;B;B176;;"=IF(AND(NOT(ISBLANK($G175)),ISBLANK($G176)),$C$42-$F$40-$F$42,"""")"
Janvier 2026;176;C;C176;;"=IF(AND(NOT(ISBLANK($G175)),ISBLANK($G176)),""Reste réel"","""")"
Janvier 2026;176;D;D176;;"=IF(AND(NOT(ISBLANK($G175)),ISBLANK($G176)),$C$42-$H$40-$F$42,"""")"
Janvier 2026;176;J;J176;0;"=IF(I176=""x"",H176,0)"
Janvier 2026;177;A;A177;;"=IF(AND(NOT(ISBLANK(G176)),ISBLANK(G177)),""Reste prévu"","""")"
Janvier 2026;177;B;B177;;"=IF(AND(NOT(ISBLANK($G176)),ISBLANK($G177)),$C$42-$F$40-$F$42,"""")"
Janvier 2026;177;C;C177;;"=IF(AND(NOT(ISBLANK($G176)),ISBLANK($G177)),""Reste réel"","""")"
Janvier 2026;177;D;D177;;"=IF(AND(NOT(ISBLANK($G176)),ISBLANK($G177)),$C$42-$H$40-$F$42,"""")"
Janvier 2026;177;J;J177;0;"=IF(I177=""x"",H177,0)"
Janvier 2026;178;A;A178;;"=IF(AND(NOT(ISBLANK(G177)),ISBLANK(G178)),""Reste prévu"","""")"
Janvier 2026;178;B;B178;;"=IF(AND(NOT(ISBLANK($G177)),ISBLANK($G178)),$C$42-$F$40-$F$42,"""")"
Janvier 2026;178;C;C178;;"=IF(AND(NOT(ISBLANK($G177)),ISBLANK($G178)),""Reste réel"","""")"
Janvier 2026;178;D;D178;;"=IF(AND(NOT(ISBLANK($G177)),ISBLANK($G178)),$C$42-$H$40-$F$42,"""")"
Janvier 2026;178;J;J178;0;"=IF(I178=""x"",H178,0)"
Janvier 2026;179;A;A179;;"=IF(AND(NOT(ISBLANK(G178)),ISBLANK(G179)),""Reste prévu"","""")"
Janvier 2026;179;B;B179;;"=IF(AND(NOT(ISBLANK($G178)),ISBLANK($G179)),$C$42-$F$40-$F$42,"""")"
Janvier 2026;179;C;C179;;"=IF(AND(NOT(ISBLANK($G178)),ISBLANK($G179)),""Reste réel"","""")"
Janvier 2026;179;D;D179;;"=IF(AND(NOT(ISBLANK($G178)),ISBLANK($G179)),$C$42-$H$40-$F$42,"""")"
Janvier 2026;179;J;J179;0;"=IF(I179=""x"",H179,0)"
Janvier 2026;180;A;A180;;"=IF(AND(NOT(ISBLANK(G179)),ISBLANK(G180)),""Reste prévu"","""")"
Janvier 2026;180;B;B180;;"=IF(AND(NOT(ISBLANK($G179)),ISBLANK($G180)),$C$42-$F$40-$F$42,"""")"
Janvier 2026;180;C;C180;;"=IF(AND(NOT(ISBLANK($G179)),ISBLANK($G180)),""Reste réel"","""")"
Janvier 2026;180;D;D180;;"=IF(AND(NOT(ISBLANK($G179)),ISBLANK($G180)),$C$42-$H$40-$F$42,"""")"
Janvier 2026;180;J;J180;0;"=IF(I180=""x"",H180,0)"
Janvier 2026;181;A;A181;;"=IF(AND(NOT(ISBLANK(G180)),ISBLANK(G181)),""Reste prévu"","""")"
Janvier 2026;181;B;B181;;"=IF(AND(NOT(ISBLANK($G180)),ISBLANK($G181)),$C$42-$F$40-$F$42,"""")"
Janvier 2026;181;C;C181;;"=IF(AND(NOT(ISBLANK($G180)),ISBLANK($G181)),""Reste réel"","""")"
Janvier 2026;181;D;D181;;"=IF(AND(NOT(ISBLANK($G180)),ISBLANK($G181)),$C$42-$H$40-$F$42,"""")"
Janvier 2026;181;J;J181;0;"=IF(I181=""x"",H181,0)"
Janvier 2026;182;A;A182;;"=IF(AND(NOT(ISBLANK(G181)),ISBLANK(G182)),""Reste prévu"","""")"
Janvier 2026;182;B;B182;;"=IF(AND(NOT(ISBLANK($G181)),ISBLANK($G182)),$C$42-$F$40-$F$42,"""")"
Janvier 2026;182;C;C182;;"=IF(AND(NOT(ISBLANK($G181)),ISBLANK($G182)),""Reste réel"","""")"
Janvier 2026;182;D;D182;;"=IF(AND(NOT(ISBLANK($G181)),ISBLANK($G182)),$C$42-$H$40-$F$42,"""")"
Janvier 2026;182;J;J182;0;"=IF(I182=""x"",H182,0)"
Janvier 2026;183;A;A183;;"=IF(AND(NOT(ISBLANK(G182)),ISBLANK(G183)),""Reste prévu"","""")"
Janvier 2026;183;B;B183;;"=IF(AND(NOT(ISBLANK($G182)),ISBLANK($G183)),$C$42-$F$40-$F$42,"""")"
Janvier 2026;183;C;C183;;"=IF(AND(NOT(ISBLANK($G182)),ISBLANK($G183)),""Reste réel"","""")"
Janvier 2026;183;D;D183;;"=IF(AND(NOT(ISBLANK($G182)),ISBLANK($G183)),$C$42-$H$40-$F$42,"""")"
Janvier 2026;183;J;J183;0;"=IF(I183=""x"",H183,0)"
Janvier 2026;184;A;A184;;"=IF(AND(NOT(ISBLANK(G183)),ISBLANK(G184)),""Reste prévu"","""")"
Janvier 2026;184;B;B184;;"=IF(AND(NOT(ISBLANK($G183)),ISBLANK($G184)),$C$42-$F$40-$F$42,"""")"
Janvier 2026;184;C;C184;;"=IF(AND(NOT(ISBLANK($G183)),ISBLANK($G184)),""Reste réel"","""")"
Janvier 2026;184;D;D184;;"=IF(AND(NOT(ISBLANK($G183)),ISBLANK($G184)),$C$42-$H$40-$F$42,"""")"
Janvier 2026;184;J;J184;0;"=IF(I184=""x"",H184,0)"
Janvier 2026;185;A;A185;;"=IF(AND(NOT(ISBLANK(G184)),ISBLANK(G185)),""Reste prévu"","""")"
Janvier 2026;185;B;B185;;"=IF(AND(NOT(ISBLANK($G184)),ISBLANK($G185)),$C$42-$F$40-$F$42,"""")"
Janvier 2026;185;C;C185;;"=IF(AND(NOT(ISBLANK($G184)),ISBLANK($G185)),""Reste réel"","""")"
Janvier 2026;185;D;D185;;"=IF(AND(NOT(ISBLANK($G184)),ISBLANK($G185)),$C$42-$H$40-$F$42,"""")"
Janvier 2026;185;J;J185;0;"=IF(I185=""x"",H185,0)"
Janvier 2026;186;A;A186;;"=IF(AND(NOT(ISBLANK(G185)),ISBLANK(G186)),""Reste prévu"","""")"
Janvier 2026;186;B;B186;;"=IF(AND(NOT(ISBLANK($G185)),ISBLANK($G186)),$C$42-$F$40-$F$42,"""")"
Janvier 2026;186;C;C186;;"=IF(AND(NOT(ISBLANK($G185)),ISBLANK($G186)),""Reste réel"","""")"
Janvier 2026;186;D;D186;;"=IF(AND(NOT(ISBLANK($G185)),ISBLANK($G186)),$C$42-$H$40-$F$42,"""")"
Janvier 2026;186;J;J186;0;"=IF(I186=""x"",H186,0)"
Janvier 2026;187;A;A187;;"=IF(AND(NOT(ISBLANK(G186)),ISBLANK(G187)),""Reste prévu"","""")"
Janvier 2026;187;B;B187;;"=IF(AND(NOT(ISBLANK($G186)),ISBLANK($G187)),$C$42-$F$40-$F$42,"""")"
Janvier 2026;187;C;C187;;"=IF(AND(NOT(ISBLANK($G186)),ISBLANK($G187)),""Reste réel"","""")"
Janvier 2026;187;D;D187;;"=IF(AND(NOT(ISBLANK($G186)),ISBLANK($G187)),$C$42-$H$40-$F$42,"""")"
Janvier 2026;187;J;J187;0;"=IF(I187=""x"",H187,0)"
Janvier 2026;188;A;A188;;"=IF(AND(NOT(ISBLANK(G187)),ISBLANK(G188)),""Reste prévu"","""")"
Janvier 2026;188;B;B188;;"=IF(AND(NOT(ISBLANK($G187)),ISBLANK($G188)),$C$42-$F$40-$F$42,"""")"
Janvier 2026;188;C;C188;;"=IF(AND(NOT(ISBLANK($G187)),ISBLANK($G188)),""Reste réel"","""")"
Janvier 2026;188;D;D188;;"=IF(AND(NOT(ISBLANK($G187)),ISBLANK($G188)),$C$42-$H$40-$F$42,"""")"
Janvier 2026;188;J;J188;0;"=IF(I188=""x"",H188,0)"
Janvier 2026;189;A;A189;;"=IF(AND(NOT(ISBLANK(G188)),ISBLANK(G189)),""Reste prévu"","""")"
Janvier 2026;189;B;B189;;"=IF(AND(NOT(ISBLANK($G188)),ISBLANK($G189)),$C$42-$F$40-$F$42,"""")"
Janvier 2026;189;C;C189;;"=IF(AND(NOT(ISBLANK($G188)),ISBLANK($G189)),""Reste réel"","""")"
Janvier 2026;189;D;D189;;"=IF(AND(NOT(ISBLANK($G188)),ISBLANK($G189)),$C$42-$H$40-$F$42,"""")"
Janvier 2026;189;J;J189;0;"=IF(I189=""x"",H189,0)"
Janvier 2026;190;A;A190;;"=IF(AND(NOT(ISBLANK(G189)),ISBLANK(G190)),""Reste prévu"","""")"
Janvier 2026;190;B;B190;;"=IF(AND(NOT(ISBLANK($G189)),ISBLANK($G190)),$C$42-$F$40-$F$42,"""")"
Janvier 2026;190;C;C190;;"=IF(AND(NOT(ISBLANK($G189)),ISBLANK($G190)),""Reste réel"","""")"
Janvier 2026;190;D;D190;;"=IF(AND(NOT(ISBLANK($G189)),ISBLANK($G190)),$C$42-$H$40-$F$42,"""")"
Janvier 2026;190;J;J190;0;"=IF(I190=""x"",H190,0)"
Janvier 2026;191;A;A191;;"=IF(AND(NOT(ISBLANK(G190)),ISBLANK(G191)),""Reste prévu"","""")"
Janvier 2026;191;B;B191;;"=IF(AND(NOT(ISBLANK($G190)),ISBLANK($G191)),$C$42-$F$40-$F$42,"""")"
Janvier 2026;191;C;C191;;"=IF(AND(NOT(ISBLANK($G190)),ISBLANK($G191)),""Reste réel"","""")"
Janvier 2026;191;D;D191;;"=IF(AND(NOT(ISBLANK($G190)),ISBLANK($G191)),$C$42-$H$40-$F$42,"""")"
Janvier 2026;191;J;J191;0;"=IF(I191=""x"",H191,0)"
Janvier 2026;192;A;A192;;"=IF(AND(NOT(ISBLANK(G191)),ISBLANK(G192)),""Reste prévu"","""")"
Janvier 2026;192;B;B192;;"=IF(AND(NOT(ISBLANK($G191)),ISBLANK($G192)),$C$42-$F$40-$F$42,"""")"
Janvier 2026;192;C;C192;;"=IF(AND(NOT(ISBLANK($G191)),ISBLANK($G192)),""Reste réel"","""")"
Janvier 2026;192;D;D192;;"=IF(AND(NOT(ISBLANK($G191)),ISBLANK($G192)),$C$42-$H$40-$F$42,"""")"
Janvier 2026;192;J;J192;0;"=IF(I192=""x"",H192,0)"
Janvier 2026;193;A;A193;;"=IF(AND(NOT(ISBLANK(G192)),ISBLANK(G193)),""Reste prévu"","""")"
Janvier 2026;193;B;B193;;"=IF(AND(NOT(ISBLANK($G192)),ISBLANK($G193)),$C$42-$F$40-$F$42,"""")"
Janvier 2026;193;C;C193;;"=IF(AND(NOT(ISBLANK($G192)),ISBLANK($G193)),""Reste réel"","""")"
Janvier 2026;193;D;D193;;"=IF(AND(NOT(ISBLANK($G192)),ISBLANK($G193)),$C$42-$H$40-$F$42,"""")"
Janvier 2026;193;J;J193;0;"=IF(I193=""x"",H193,0)"
Janvier 2026;194;A;A194;;"=IF(AND(NOT(ISBLANK(G193)),ISBLANK(G194)),""Reste prévu"","""")"
Janvier 2026;194;B;B194;;"=IF(AND(NOT(ISBLANK($G193)),ISBLANK($G194)),$C$42-$F$40-$F$42,"""")"
Janvier 2026;194;C;C194;;"=IF(AND(NOT(ISBLANK($G193)),ISBLANK($G194)),""Reste réel"","""")"
Janvier 2026;194;D;D194;;"=IF(AND(NOT(ISBLANK($G193)),ISBLANK($G194)),$C$42-$H$40-$F$42,"""")"
Janvier 2026;194;J;J194;0;"=IF(I194=""x"",H194,0)"
Janvier 2026;195;A;A195;;"=IF(AND(NOT(ISBLANK(G194)),ISBLANK(G195)),""Reste prévu"","""")"
Janvier 2026;195;B;B195;;"=IF(AND(NOT(ISBLANK($G194)),ISBLANK($G195)),$C$42-$F$40-$F$42,"""")"
Janvier 2026;195;C;C195;;"=IF(AND(NOT(ISBLANK($G194)),ISBLANK($G195)),""Reste réel"","""")"
Janvier 2026;195;D;D195;;"=IF(AND(NOT(ISBLANK($G194)),ISBLANK($G195)),$C$42-$H$40-$F$42,"""")"
Janvier 2026;195;J;J195;0;"=IF(I195=""x"",H195,0)"
Janvier 2026;196;A;A196;;"=IF(AND(NOT(ISBLANK(G195)),ISBLANK(G196)),""Reste prévu"","""")"
Janvier 2026;196;B;B196;;"=IF(AND(NOT(ISBLANK($G195)),ISBLANK($G196)),$C$42-$F$40-$F$42,"""")"
Janvier 2026;196;C;C196;;"=IF(AND(NOT(ISBLANK($G195)),ISBLANK($G196)),""Reste réel"","""")"
Janvier 2026;196;D;D196;;"=IF(AND(NOT(ISBLANK($G195)),ISBLANK($G196)),$C$42-$H$40-$F$42,"""")"
Janvier 2026;196;J;J196;0;"=IF(I196=""x"",H196,0)"
Janvier 2026;197;A;A197;;"=IF(AND(NOT(ISBLANK(G196)),ISBLANK(G197)),""Reste prévu"","""")"
Janvier 2026;197;B;B197;;"=IF(AND(NOT(ISBLANK($G196)),ISBLANK($G197)),$C$42-$F$40-$F$42,"""")"
Janvier 2026;197;C;C197;;"=IF(AND(NOT(ISBLANK($G196)),ISBLANK($G197)),""Reste réel"","""")"
Janvier 2026;197;D;D197;;"=IF(AND(NOT(ISBLANK($G196)),ISBLANK($G197)),$C$42-$H$40-$F$42,"""")"
Janvier 2026;197;J;J197;0;"=IF(I197=""x"",H197,0)"
Janvier 2026;198;A;A198;;"=IF(AND(NOT(ISBLANK(G197)),ISBLANK(G198)),""Reste prévu"","""")"
Janvier 2026;198;B;B198;;"=IF(AND(NOT(ISBLANK($G197)),ISBLANK($G198)),$C$42-$F$40-$F$42,"""")"
Janvier 2026;198;C;C198;;"=IF(AND(NOT(ISBLANK($G197)),ISBLANK($G198)),""Reste réel"","""")"
Janvier 2026;198;D;D198;;"=IF(AND(NOT(ISBLANK($G197)),ISBLANK($G198)),$C$42-$H$40-$F$42,"""")"
Janvier 2026;198;J;J198;0;"=IF(I198=""x"",H198,0)"
Janvier 2026;199;A;A199;;"=IF(AND(NOT(ISBLANK(G198)),ISBLANK(G199)),""Reste prévu"","""")"
Janvier 2026;199;B;B199;;"=IF(AND(NOT(ISBLANK($G198)),ISBLANK($G199)),$C$42-$F$40-$F$42,"""")"
Janvier 2026;199;C;C199;;"=IF(AND(NOT(ISBLANK($G198)),ISBLANK($G199)),""Reste réel"","""")"
Janvier 2026;199;D;D199;;"=IF(AND(NOT(ISBLANK($G198)),ISBLANK($G199)),$C$42-$H$40-$F$42,"""")"
Janvier 2026;199;J;J199;0;"=IF(I199=""x"",H199,0)"
Janvier 2026;200;A;A200;;"=IF(AND(NOT(ISBLANK(G199)),ISBLANK(G200)),""Reste prévu"","""")"
Janvier 2026;200;B;B200;;"=IF(AND(NOT(ISBLANK($G199)),ISBLANK($G200)),$C$42-$F$40-$F$42,"""")"
Janvier 2026;200;C;C200;;"=IF(AND(NOT(ISBLANK($G199)),ISBLANK($G200)),""Reste réel"","""")"
Janvier 2026;200;D;D200;;"=IF(AND(NOT(ISBLANK($G199)),ISBLANK($G200)),$C$42-$H$40-$F$42,"""")"
Janvier 2026;200;J;J200;0;"=IF(I200=""x"",H200,0)"
Janvier 2026;201;A;A201;;"=IF(AND(NOT(ISBLANK(G200)),ISBLANK(G201)),""Reste prévu"","""")"
Janvier 2026;201;B;B201;;"=IF(AND(NOT(ISBLANK($G200)),ISBLANK($G201)),$C$42-$F$40-$F$42,"""")"
Janvier 2026;201;C;C201;;"=IF(AND(NOT(ISBLANK($G200)),ISBLANK($G201)),""Reste réel"","""")"
Janvier 2026;201;D;D201;;"=IF(AND(NOT(ISBLANK($G200)),ISBLANK($G201)),$C$42-$H$40-$F$42,"""")"
Janvier 2026;201;J;J201;0;"=IF(I201=""x"",H201,0)"
Janvier 2026;202;A;A202;;"=IF(AND(NOT(ISBLANK(G201)),ISBLANK(G202)),""Reste prévu"","""")"
Janvier 2026;202;B;B202;;"=IF(AND(NOT(ISBLANK($G201)),ISBLANK($G202)),$C$42-$F$40-$F$42,"""")"
Janvier 2026;202;C;C202;;"=IF(AND(NOT(ISBLANK($G201)),ISBLANK($G202)),""Reste réel"","""")"
Janvier 2026;202;D;D202;;"=IF(AND(NOT(ISBLANK($G201)),ISBLANK($G202)),$C$42-$H$40-$F$42,"""")"
Janvier 2026;202;J;J202;0;"=IF(I202=""x"",H202,0)"
Janvier 2026;203;A;A203;;"=IF(AND(NOT(ISBLANK(G202)),ISBLANK(G203)),""Reste prévu"","""")"
Janvier 2026;203;B;B203;;"=IF(AND(NOT(ISBLANK($G202)),ISBLANK($G203)),$C$42-$F$40-$F$42,"""")"
Janvier 2026;203;C;C203;;"=IF(AND(NOT(ISBLANK($G202)),ISBLANK($G203)),""Reste réel"","""")"
Janvier 2026;203;D;D203;;"=IF(AND(NOT(ISBLANK($G202)),ISBLANK($G203)),$C$42-$H$40-$F$42,"""")"
Janvier 2026;203;J;J203;0;"=IF(I203=""x"",H203,0)"
Janvier 2026;204;A;A204;;"=IF(AND(NOT(ISBLANK(G203)),ISBLANK(G204)),""Reste prévu"","""")"
Janvier 2026;204;B;B204;;"=IF(AND(NOT(ISBLANK($G203)),ISBLANK($G204)),$C$42-$F$40-$F$42,"""")"
Janvier 2026;204;C;C204;;"=IF(AND(NOT(ISBLANK($G203)),ISBLANK($G204)),""Reste réel"","""")"
Janvier 2026;204;D;D204;;"=IF(AND(NOT(ISBLANK($G203)),ISBLANK($G204)),$C$42-$H$40-$F$42,"""")"
Janvier 2026;204;J;J204;0;"=IF(I204=""x"",H204,0)"
Janvier 2026;205;A;A205;;"=IF(AND(NOT(ISBLANK(G204)),ISBLANK(G205)),""Reste prévu"","""")"
Janvier 2026;205;B;B205;;"=IF(AND(NOT(ISBLANK($G204)),ISBLANK($G205)),$C$42-$F$40-$F$42,"""")"
Janvier 2026;205;C;C205;;"=IF(AND(NOT(ISBLANK($G204)),ISBLANK($G205)),""Reste réel"","""")"
Janvier 2026;205;D;D205;;"=IF(AND(NOT(ISBLANK($G204)),ISBLANK($G205)),$C$42-$H$40-$F$42,"""")"
Janvier 2026;205;J;J205;0;"=IF(I205=""x"",H205,0)"
Janvier 2026;206;A;A206;;"=IF(AND(NOT(ISBLANK(G205)),ISBLANK(G206)),""Reste prévu"","""")"
Janvier 2026;206;B;B206;;"=IF(AND(NOT(ISBLANK($G205)),ISBLANK($G206)),$C$42-$F$40-$F$42,"""")"
Janvier 2026;206;C;C206;;"=IF(AND(NOT(ISBLANK($G205)),ISBLANK($G206)),""Reste réel"","""")"
Janvier 2026;206;D;D206;;"=IF(AND(NOT(ISBLANK($G205)),ISBLANK($G206)),$C$42-$H$40-$F$42,"""")"
Janvier 2026;206;J;J206;0;"=IF(I206=""x"",H206,0)"
Janvier 2026;207;A;A207;;"=IF(AND(NOT(ISBLANK(G206)),ISBLANK(G207)),""Reste prévu"","""")"
Janvier 2026;207;B;B207;;"=IF(AND(NOT(ISBLANK($G206)),ISBLANK($G207)),$C$42-$F$40-$F$42,"""")"
Janvier 2026;207;C;C207;;"=IF(AND(NOT(ISBLANK($G206)),ISBLANK($G207)),""Reste réel"","""")"
Janvier 2026;207;D;D207;;"=IF(AND(NOT(ISBLANK($G206)),ISBLANK($G207)),$C$42-$H$40-$F$42,"""")"
Janvier 2026;207;J;J207;0;"=IF(I207=""x"",H207,0)"
Janvier 2026;208;A;A208;;"=IF(AND(NOT(ISBLANK(G207)),ISBLANK(G208)),""Reste prévu"","""")"
Janvier 2026;208;B;B208;;"=IF(AND(NOT(ISBLANK($G207)),ISBLANK($G208)),$C$42-$F$40-$F$42,"""")"
Janvier 2026;208;C;C208;;"=IF(AND(NOT(ISBLANK($G207)),ISBLANK($G208)),""Reste réel"","""")"
Janvier 2026;208;D;D208;;"=IF(AND(NOT(ISBLANK($G207)),ISBLANK($G208)),$C$42-$H$40-$F$42,"""")"
Janvier 2026;208;J;J208;0;"=IF(I208=""x"",H208,0)"
Janvier 2026;209;A;A209;;"=IF(AND(NOT(ISBLANK(G208)),ISBLANK(G209)),""Reste prévu"","""")"
Janvier 2026;209;B;B209;;"=IF(AND(NOT(ISBLANK($G208)),ISBLANK($G209)),$C$42-$F$40-$F$42,"""")"
Janvier 2026;209;C;C209;;"=IF(AND(NOT(ISBLANK($G208)),ISBLANK($G209)),""Reste réel"","""")"
Janvier 2026;209;D;D209;;"=IF(AND(NOT(ISBLANK($G208)),ISBLANK($G209)),$C$42-$H$40-$F$42,"""")"
Janvier 2026;209;J;J209;0;"=IF(I209=""x"",H209,0)"
Janvier 2026;210;A;A210;;"=IF(AND(NOT(ISBLANK(G209)),ISBLANK(G210)),""Reste prévu"","""")"
Janvier 2026;210;B;B210;;"=IF(AND(NOT(ISBLANK($G209)),ISBLANK($G210)),$C$42-$F$40-$F$42,"""")"
Janvier 2026;210;C;C210;;"=IF(AND(NOT(ISBLANK($G209)),ISBLANK($G210)),""Reste réel"","""")"
Janvier 2026;210;D;D210;;"=IF(AND(NOT(ISBLANK($G209)),ISBLANK($G210)),$C$42-$H$40-$F$42,"""")"
Janvier 2026;210;J;J210;0;"=IF(I210=""x"",H210,0)"
Janvier 2026;211;A;A211;;"=IF(AND(NOT(ISBLANK(G210)),ISBLANK(G211)),""Reste prévu"","""")"
Janvier 2026;211;B;B211;;"=IF(AND(NOT(ISBLANK($G210)),ISBLANK($G211)),$C$42-$F$40-$F$42,"""")"
Janvier 2026;211;C;C211;;"=IF(AND(NOT(ISBLANK($G210)),ISBLANK($G211)),""Reste réel"","""")"
Janvier 2026;211;D;D211;;"=IF(AND(NOT(ISBLANK($G210)),ISBLANK($G211)),$C$42-$H$40-$F$42,"""")"
Janvier 2026;211;J;J211;0;"=IF(I211=""x"",H211,0)"
Janvier 2026;212;A;A212;;"=IF(AND(NOT(ISBLANK(G211)),ISBLANK(G212)),""Reste prévu"","""")"
Janvier 2026;212;B;B212;;"=IF(AND(NOT(ISBLANK($G211)),ISBLANK($G212)),$C$42-$F$40-$F$42,"""")"
Janvier 2026;212;C;C212;;"=IF(AND(NOT(ISBLANK($G211)),ISBLANK($G212)),""Reste réel"","""")"
Janvier 2026;212;D;D212;;"=IF(AND(NOT(ISBLANK($G211)),ISBLANK($G212)),$C$42-$H$40-$F$42,"""")"
Janvier 2026;212;J;J212;0;"=IF(I212=""x"",H212,0)"
Janvier 2026;213;A;A213;;"=IF(AND(NOT(ISBLANK(G212)),ISBLANK(G213)),""Reste prévu"","""")"
Janvier 2026;213;B;B213;;"=IF(AND(NOT(ISBLANK($G212)),ISBLANK($G213)),$C$42-$F$40-$F$42,"""")"
Janvier 2026;213;C;C213;;"=IF(AND(NOT(ISBLANK($G212)),ISBLANK($G213)),""Reste réel"","""")"
Janvier 2026;213;D;D213;;"=IF(AND(NOT(ISBLANK($G212)),ISBLANK($G213)),$C$42-$H$40-$F$42,"""")"
Janvier 2026;213;J;J213;0;"=IF(I213=""x"",H213,0)"
Janvier 2026;214;A;A214;;"=IF(AND(NOT(ISBLANK(G213)),ISBLANK(G214)),""Reste prévu"","""")"
Janvier 2026;214;B;B214;;"=IF(AND(NOT(ISBLANK($G213)),ISBLANK($G214)),$C$42-$F$40-$F$42,"""")"
Janvier 2026;214;C;C214;;"=IF(AND(NOT(ISBLANK($G213)),ISBLANK($G214)),""Reste réel"","""")"
Janvier 2026;214;D;D214;;"=IF(AND(NOT(ISBLANK($G213)),ISBLANK($G214)),$C$42-$H$40-$F$42,"""")"
Janvier 2026;215;A;A215;;"=IF(AND(NOT(ISBLANK(G214)),ISBLANK(G215)),""Reste prévu"","""")"
Janvier 2026;215;B;B215;;"=IF(AND(NOT(ISBLANK($G214)),ISBLANK($G215)),$C$42-$F$40-$F$42,"""")"
Janvier 2026;215;C;C215;;"=IF(AND(NOT(ISBLANK($G214)),ISBLANK($G215)),""Reste réel"","""")"
Janvier 2026;215;D;D215;;"=IF(AND(NOT(ISBLANK($G214)),ISBLANK($G215)),$C$42-$H$40-$F$42,"""")"
Janvier 2026;216;A;A216;;"=IF(AND(NOT(ISBLANK(G215)),ISBLANK(G216)),""Reste prévu"","""")"
Janvier 2026;216;B;B216;;"=IF(AND(NOT(ISBLANK($G215)),ISBLANK($G216)),$C$42-$F$40-$F$42,"""")"
Janvier 2026;216;C;C216;;"=IF(AND(NOT(ISBLANK($G215)),ISBLANK($G216)),""Reste réel"","""")"
Janvier 2026;216;D;D216;;"=IF(AND(NOT(ISBLANK($G215)),ISBLANK($G216)),$C$42-$H$40-$F$42,"""")"
Janvier 2026;217;A;A217;;"=IF(AND(NOT(ISBLANK(G216)),ISBLANK(G217)),""Reste prévu"","""")"
Janvier 2026;217;B;B217;;"=IF(AND(NOT(ISBLANK($G216)),ISBLANK($G217)),$C$42-$F$40-$F$42,"""")"
Janvier 2026;217;C;C217;;"=IF(AND(NOT(ISBLANK($G216)),ISBLANK($G217)),""Reste réel"","""")"
Janvier 2026;217;D;D217;;"=IF(AND(NOT(ISBLANK($G216)),ISBLANK($G217)),$C$42-$H$40-$F$42,"""")"
Janvier 2026;218;A;A218;;"=IF(AND(NOT(ISBLANK(G217)),ISBLANK(G218)),""Reste prévu"","""")"
Janvier 2026;218;B;B218;;"=IF(AND(NOT(ISBLANK($G217)),ISBLANK($G218)),$C$42-$F$40-$F$42,"""")"
Janvier 2026;218;C;C218;;"=IF(AND(NOT(ISBLANK($G217)),ISBLANK($G218)),""Reste réel"","""")"
Janvier 2026;218;D;D218;;"=IF(AND(NOT(ISBLANK($G217)),ISBLANK($G218)),$C$42-$H$40-$F$42,"""")"
Janvier 2026;219;A;A219;;"=IF(AND(NOT(ISBLANK(G218)),ISBLANK(G219)),""Reste prévu"","""")"
Janvier 2026;219;B;B219;;"=IF(AND(NOT(ISBLANK($G218)),ISBLANK($G219)),$C$42-$F$40-$F$42,"""")"
Janvier 2026;219;C;C219;;"=IF(AND(NOT(ISBLANK($G218)),ISBLANK($G219)),""Reste réel"","""")"
Janvier 2026;219;D;D219;;"=IF(AND(NOT(ISBLANK($G218)),ISBLANK($G219)),$C$42-$H$40-$F$42,"""")"
Janvier 2026;220;A;A220;;"=IF(AND(NOT(ISBLANK(G219)),ISBLANK(G220)),""Reste prévu"","""")"
Janvier 2026;220;B;B220;;"=IF(AND(NOT(ISBLANK($G219)),ISBLANK($G220)),$C$42-$F$40-$F$42,"""")"
Janvier 2026;220;C;C220;;"=IF(AND(NOT(ISBLANK($G219)),ISBLANK($G220)),""Reste réel"","""")"
Janvier 2026;220;D;D220;;"=IF(AND(NOT(ISBLANK($G219)),ISBLANK($G220)),$C$42-$H$40-$F$42,"""")"
Janvier 2026;221;A;A221;;"=IF(AND(NOT(ISBLANK(G220)),ISBLANK(G221)),""Reste prévu"","""")"
Janvier 2026;221;B;B221;;"=IF(AND(NOT(ISBLANK($G220)),ISBLANK($G221)),$C$42-$F$40-$F$42,"""")"
Janvier 2026;221;C;C221;;"=IF(AND(NOT(ISBLANK($G220)),ISBLANK($G221)),""Reste réel"","""")"
Janvier 2026;221;D;D221;;"=IF(AND(NOT(ISBLANK($G220)),ISBLANK($G221)),$C$42-$H$40-$F$42,"""")"
Janvier 2026;222;A;A222;;"=IF(AND(NOT(ISBLANK(G221)),ISBLANK(G222)),""Reste prévu"","""")"
Janvier 2026;222;B;B222;;"=IF(AND(NOT(ISBLANK($G221)),ISBLANK($G222)),$C$42-$F$40-$F$42,"""")"
Janvier 2026;222;C;C222;;"=IF(AND(NOT(ISBLANK($G221)),ISBLANK($G222)),""Reste réel"","""")"
Janvier 2026;222;D;D222;;"=IF(AND(NOT(ISBLANK($G221)),ISBLANK($G222)),$C$42-$H$40-$F$42,"""")"
Janvier 2026;223;A;A223;;"=IF(AND(NOT(ISBLANK(G222)),ISBLANK(G223)),""Reste prévu"","""")"
Janvier 2026;223;B;B223;;"=IF(AND(NOT(ISBLANK($G222)),ISBLANK($G223)),$C$42-$F$40-$F$42,"""")"
Janvier 2026;223;C;C223;;"=IF(AND(NOT(ISBLANK($G222)),ISBLANK($G223)),""Reste réel"","""")"
Janvier 2026;223;D;D223;;"=IF(AND(NOT(ISBLANK($G222)),ISBLANK($G223)),$C$42-$H$40-$F$42,"""")"
Janvier 2026;224;A;A224;;"=IF(AND(NOT(ISBLANK(G223)),ISBLANK(G224)),""Reste prévu"","""")"
Janvier 2026;224;B;B224;;"=IF(AND(NOT(ISBLANK($G223)),ISBLANK($G224)),$C$42-$F$40-$F$42,"""")"
Janvier 2026;224;C;C224;;"=IF(AND(NOT(ISBLANK($G223)),ISBLANK($G224)),""Reste réel"","""")"
Janvier 2026;224;D;D224;;"=IF(AND(NOT(ISBLANK($G223)),ISBLANK($G224)),$C$42-$H$40-$F$42,"""")"
Janvier 2026;225;A;A225;;"=IF(AND(NOT(ISBLANK(G224)),ISBLANK(G225)),""Reste prévu"","""")"
Janvier 2026;225;B;B225;;"=IF(AND(NOT(ISBLANK($G224)),ISBLANK($G225)),$C$42-$F$40-$F$42,"""")"
Janvier 2026;225;C;C225;;"=IF(AND(NOT(ISBLANK($G224)),ISBLANK($G225)),""Reste réel"","""")"
Janvier 2026;225;D;D225;;"=IF(AND(NOT(ISBLANK($G224)),ISBLANK($G225)),$C$42-$H$40-$F$42,"""")"
Janvier 2026;226;A;A226;;"=IF(AND(NOT(ISBLANK(G225)),ISBLANK(G226)),""Reste prévu"","""")"
Janvier 2026;226;B;B226;;"=IF(AND(NOT(ISBLANK($G225)),ISBLANK($G226)),$C$42-$F$40-$F$42,"""")"
Janvier 2026;226;C;C226;;"=IF(AND(NOT(ISBLANK($G225)),ISBLANK($G226)),""Reste réel"","""")"
Janvier 2026;226;D;D226;;"=IF(AND(NOT(ISBLANK($G225)),ISBLANK($G226)),$C$42-$H$40-$F$42,"""")"
Janvier 2026;227;A;A227;;"=IF(AND(NOT(ISBLANK(G226)),ISBLANK(G227)),""Reste prévu"","""")"
Janvier 2026;227;B;B227;;"=IF(AND(NOT(ISBLANK($G226)),ISBLANK($G227)),$C$42-$F$40-$F$42,"""")"
Janvier 2026;227;C;C227;;"=IF(AND(NOT(ISBLANK($G226)),ISBLANK($G227)),""Reste réel"","""")"
Janvier 2026;227;D;D227;;"=IF(AND(NOT(ISBLANK($G226)),ISBLANK($G227)),$C$42-$H$40-$F$42,"""")"
Janvier 2026;228;A;A228;;"=IF(AND(NOT(ISBLANK(G227)),ISBLANK(G228)),""Reste prévu"","""")"
Janvier 2026;228;B;B228;;"=IF(AND(NOT(ISBLANK($G227)),ISBLANK($G228)),$C$42-$F$40-$F$42,"""")"
Janvier 2026;228;C;C228;;"=IF(AND(NOT(ISBLANK($G227)),ISBLANK($G228)),""Reste réel"","""")"
Janvier 2026;228;D;D228;;"=IF(AND(NOT(ISBLANK($G227)),ISBLANK($G228)),$C$42-$H$40-$F$42,"""")"
Janvier 2026;229;A;A229;;"=IF(AND(NOT(ISBLANK(G228)),ISBLANK(G229)),""Reste prévu"","""")"
Janvier 2026;229;B;B229;;"=IF(AND(NOT(ISBLANK($G228)),ISBLANK($G229)),$C$42-$F$40-$F$42,"""")"
Janvier 2026;229;C;C229;;"=IF(AND(NOT(ISBLANK($G228)),ISBLANK($G229)),""Reste réel"","""")"
Janvier 2026;229;D;D229;;"=IF(AND(NOT(ISBLANK($G228)),ISBLANK($G229)),$C$42-$H$40-$F$42,"""")"
Janvier 2026;230;A;A230;;"=IF(AND(NOT(ISBLANK(G229)),ISBLANK(G230)),""Reste prévu"","""")"
Janvier 2026;230;B;B230;;"=IF(AND(NOT(ISBLANK($G229)),ISBLANK($G230)),$C$42-$F$40-$F$42,"""")"
Janvier 2026;230;C;C230;;"=IF(AND(NOT(ISBLANK($G229)),ISBLANK($G230)),""Reste réel"","""")"
Janvier 2026;230;D;D230;;"=IF(AND(NOT(ISBLANK($G229)),ISBLANK($G230)),$C$42-$H$40-$F$42,"""")"
Janvier 2026;231;A;A231;;"=IF(AND(NOT(ISBLANK(G230)),ISBLANK(G231)),""Reste prévu"","""")"
Janvier 2026;231;B;B231;;"=IF(AND(NOT(ISBLANK($G230)),ISBLANK($G231)),$C$42-$F$40-$F$42,"""")"
Janvier 2026;231;C;C231;;"=IF(AND(NOT(ISBLANK($G230)),ISBLANK($G231)),""Reste réel"","""")"
Janvier 2026;231;D;D231;;"=IF(AND(NOT(ISBLANK($G230)),ISBLANK($G231)),$C$42-$H$40-$F$42,"""")"
Janvier 2026;232;A;A232;;"=IF(AND(NOT(ISBLANK(G231)),ISBLANK(G232)),""Reste prévu"","""")"
Janvier 2026;232;B;B232;;"=IF(AND(NOT(ISBLANK($G231)),ISBLANK($G232)),$C$42-$F$40-$F$42,"""")"
Janvier 2026;232;C;C232;;"=IF(AND(NOT(ISBLANK($G231)),ISBLANK($G232)),""Reste réel"","""")"
Janvier 2026;232;D;D232;;"=IF(AND(NOT(ISBLANK($G231)),ISBLANK($G232)),$C$42-$H$40-$F$42,"""")"
Janvier 2026;233;A;A233;;"=IF(AND(NOT(ISBLANK(G232)),ISBLANK(G233)),""Reste prévu"","""")"
Janvier 2026;233;B;B233;;"=IF(AND(NOT(ISBLANK($G232)),ISBLANK($G233)),$C$42-$F$40-$F$42,"""")"
Janvier 2026;233;C;C233;;"=IF(AND(NOT(ISBLANK($G232)),ISBLANK($G233)),""Reste réel"","""")"
Janvier 2026;233;D;D233;;"=IF(AND(NOT(ISBLANK($G232)),ISBLANK($G233)),$C$42-$H$40-$F$42,"""")"
Janvier 2026;234;A;A234;;"=IF(AND(NOT(ISBLANK(G233)),ISBLANK(G234)),""Reste prévu"","""")"
Janvier 2026;234;B;B234;;"=IF(AND(NOT(ISBLANK($G233)),ISBLANK($G234)),$C$42-$F$40-$F$42,"""")"
Janvier 2026;234;C;C234;;"=IF(AND(NOT(ISBLANK($G233)),ISBLANK($G234)),""Reste réel"","""")"
Janvier 2026;234;D;D234;;"=IF(AND(NOT(ISBLANK($G233)),ISBLANK($G234)),$C$42-$H$40-$F$42,"""")"
Janvier 2026;235;A;A235;;"=IF(AND(NOT(ISBLANK(G234)),ISBLANK(G235)),""Reste prévu"","""")"
Janvier 2026;235;B;B235;;"=IF(AND(NOT(ISBLANK($G234)),ISBLANK($G235)),$C$42-$F$40-$F$42,"""")"
Janvier 2026;235;C;C235;;"=IF(AND(NOT(ISBLANK($G234)),ISBLANK($G235)),""Reste réel"","""")"
Janvier 2026;235;D;D235;;"=IF(AND(NOT(ISBLANK($G234)),ISBLANK($G235)),$C$42-$H$40-$F$42,"""")"
Janvier 2026;236;A;A236;;"=IF(AND(NOT(ISBLANK(G235)),ISBLANK(G236)),""Reste prévu"","""")"
Janvier 2026;236;B;B236;;"=IF(AND(NOT(ISBLANK($G235)),ISBLANK($G236)),$C$42-$F$40-$F$42,"""")"
Janvier 2026;236;C;C236;;"=IF(AND(NOT(ISBLANK($G235)),ISBLANK($G236)),""Reste réel"","""")"
Janvier 2026;236;D;D236;;"=IF(AND(NOT(ISBLANK($G235)),ISBLANK($G236)),$C$42-$H$40-$F$42,"""")"
